"subject","noticed_level","X","rt","speedcondition","participant_sex","participant_age","training","trial_number","true_rebounds","refresh_rate","participant_rebound_count","precision","rebounds_slow","rebounds_fast","attempt_number","participant_response_1","participant_response_4","participant_response_4_confidence","participant_response_speed","participant_response_speed_confidence","participant_prior_knowledge","accuracy","noticer_mov1","noticer_speed1","noticer_all1","noticer_mov2","noticer_speed2","noticer_all2","noticer_mov3","noticer_speed3","noticer_all3","measured_refresh","target_speed","condition","noticer_full"
1,"noticer_mov1",9,6344,"slow","Femme","36-50 ans","OUI","0.1",14,NA,24,29,NA,NA,NA,NA,NA,NA,NA,NA,"Non",NA,NA,NA,NA,NA,NA,NA,NA,NA,NA,60,"low","match",TRUE
1,"noticer_mov1",13,3797,"slow","Femme","36-50 ans","OUI","0.2",13,NA,18,62,NA,NA,NA,NA,NA,NA,NA,NA,"Non",NA,NA,NA,NA,NA,NA,NA,NA,NA,NA,60,"low","match",TRUE
1,"noticer_mov1",17,4464,"slow","Femme","36-50 ans","OUI","0.3",12,NA,19,42,NA,NA,NA,NA,NA,NA,NA,NA,"Non",NA,NA,NA,NA,NA,NA,NA,NA,NA,NA,60,"low","match",TRUE
1,"noticer_mov1",21,3532,"slow","Femme","36-50 ans","OUI","0.4",12,NA,11,92,NA,NA,NA,NA,NA,NA,NA,NA,"Non",NA,NA,NA,NA,NA,NA,NA,NA,NA,NA,60,"low","match",TRUE
1,"noticer_mov1",25,3230,"slow","Femme","36-50 ans","OUI","0.5",11,NA,11,100,NA,NA,NA,NA,NA,NA,NA,NA,"Non",NA,NA,NA,NA,NA,NA,NA,NA,NA,NA,60,"low","match",TRUE
1,"noticer_mov1",28,1582,"slow","Femme","36-50 ans","NON","1",NA,NA,13,NA,18,43,NA,NA,NA,NA,NA,NA,"Non",0.722222222222222,NA,NA,NA,NA,NA,NA,NA,NA,NA,60,"low","match",TRUE
1,"noticer_mov1",31,1282,"slow","Femme","36-50 ans","NON","2",NA,NA,16,NA,19,35,NA,NA,NA,NA,NA,NA,"Non",0.842105263157895,NA,NA,NA,NA,NA,NA,NA,NA,NA,60,"low","match",TRUE
1,"noticer_mov1",34,1382,"slow","Femme","36-50 ans","NON","3",NA,NA,14,NA,17,42,1,"OUI","right_to_left",78,"very_slow",46,"Non",0.823529411764706,"OUI","NON","NON",NA,NA,NA,NA,NA,NA,60,"low","match",TRUE
1,"noticer_mov1",42,2081,"slow","Femme","36-50 ans","NON","4",NA,NA,13,NA,17,47,NA,"OUI","right_to_left",71,"slow",58,"Non",0.764705882352941,NA,NA,NA,NA,NA,NA,NA,NA,NA,60,"low","match",TRUE
1,"noticer_mov1",51,5899,"slow","Femme","36-50 ans","NON","5",NA,NA,NA,NA,18,47,NA,"OUI","right_to_left",100,"slow",58,"Non",NA,NA,NA,NA,NA,NA,NA,NA,NA,NA,60,"low","match",TRUE
2,"NO",69,20769,"slow","Homme","51 ans et plus","OUI","0.1",12,NA,2,17,NA,NA,NA,NA,NA,NA,NA,NA,"Non",NA,NA,NA,NA,NA,NA,NA,NA,NA,NA,60,"low","match",FALSE
2,"NO",73,3134,"slow","Homme","51 ans et plus","OUI","0.2",12,NA,7,58,NA,NA,NA,NA,NA,NA,NA,NA,"Non",NA,NA,NA,NA,NA,NA,NA,NA,NA,NA,60,"low","match",FALSE
2,"NO",77,2460,"slow","Homme","51 ans et plus","OUI","0.3",13,NA,7,54,NA,NA,NA,NA,NA,NA,NA,NA,"Non",NA,NA,NA,NA,NA,NA,NA,NA,NA,NA,60,"low","match",FALSE
2,"NO",81,2362,"slow","Homme","51 ans et plus","OUI","0.4",12,NA,8,67,NA,NA,NA,NA,NA,NA,NA,NA,"Non",NA,NA,NA,NA,NA,NA,NA,NA,NA,NA,60,"low","match",FALSE
2,"NO",85,2640,"slow","Homme","51 ans et plus","OUI","0.5",13,NA,11,85,NA,NA,NA,NA,NA,NA,NA,NA,"Non",NA,NA,NA,NA,NA,NA,NA,NA,NA,NA,60,"low","match",FALSE
2,"NO",89,2548,"slow","Homme","51 ans et plus","OUI","0.6",13,NA,8,62,NA,NA,NA,NA,NA,NA,NA,NA,"Non",NA,NA,NA,NA,NA,NA,NA,NA,NA,NA,60,"low","match",FALSE
2,"NO",93,2864,"slow","Homme","51 ans et plus","OUI","0.7",12,NA,12,100,NA,NA,NA,NA,NA,NA,NA,NA,"Non",NA,NA,NA,NA,NA,NA,NA,NA,NA,NA,60,"low","match",FALSE
2,"NO",97,1874,"slow","Homme","51 ans et plus","OUI","0.8",12,NA,11,92,NA,NA,NA,NA,NA,NA,NA,NA,"Non",NA,NA,NA,NA,NA,NA,NA,NA,NA,NA,60,"low","match",FALSE
2,"NO",100,1349,"slow","Homme","51 ans et plus","NON","1",NA,NA,15,NA,19,39,NA,NA,NA,NA,NA,NA,"Non",0.789473684210526,NA,NA,NA,NA,NA,NA,NA,NA,NA,60,"low","match",FALSE
2,"NO",103,2194,"slow","Homme","51 ans et plus","NON","2",NA,NA,16,NA,17,46,NA,NA,NA,NA,NA,NA,"Non",0.941176470588235,NA,NA,NA,NA,NA,NA,NA,NA,NA,60,"low","match",FALSE
2,"NO",106,1885,"slow","Homme","51 ans et plus","NON","3",NA,NA,17,NA,16,44,1,"NON",NA,NA,NA,NA,"Non",0.9375,"NON","NON","NON",NA,NA,NA,NA,NA,NA,60,"low","match",FALSE
2,"NO",110,2332,"slow","Homme","51 ans et plus","NON","3",NA,NA,14,NA,20,44,2,"NON",NA,NA,NA,NA,"Non",0.7,NA,NA,NA,"NON","NON","NON",NA,NA,NA,60,"low","match",FALSE
2,"NO",114,2083,"slow","Homme","51 ans et plus","NON","3",NA,NA,17,NA,19,49,3,"NON",NA,NA,NA,NA,"Non",0.894736842105263,NA,NA,NA,NA,NA,NA,"NON","NON","NON",60,"low","match",FALSE
2,"NO",118,3531,"slow","Homme","51 ans et plus","NON","4",NA,NA,15,NA,19,42,NA,"OUI","diagonal",67,"very_fast",50,"Non",0.789473684210526,NA,NA,NA,NA,NA,NA,NA,NA,NA,60,"low","match",FALSE
2,"NO",127,10767,"slow","Homme","51 ans et plus","NON","5",NA,NA,NA,NA,15,44,NA,"OUI","vertical",100,"slow",83,"Non",NA,NA,NA,NA,NA,NA,NA,NA,NA,NA,60,"low","match",FALSE
3,"noticer_mov1",145,15109,"slow","Homme","Moins de 18 ans","OUI","0.1",13,NA,13,100,NA,NA,NA,NA,NA,NA,NA,NA,"Oui",NA,NA,NA,NA,NA,NA,NA,NA,NA,NA,61,"low","match",TRUE
3,"noticer_mov1",149,3656,"slow","Homme","Moins de 18 ans","OUI","0.2",12,NA,11,92,NA,NA,NA,NA,NA,NA,NA,NA,"Oui",NA,NA,NA,NA,NA,NA,NA,NA,NA,NA,61,"low","match",TRUE
3,"noticer_mov1",152,1863,"slow","Homme","Moins de 18 ans","NON","1",NA,NA,16,NA,16,43,NA,NA,NA,NA,NA,NA,"Oui",1,NA,NA,NA,NA,NA,NA,NA,NA,NA,61,"low","match",TRUE
3,"noticer_mov1",155,3092,"slow","Homme","Moins de 18 ans","NON","2",NA,NA,17,NA,19,39,NA,NA,NA,NA,NA,NA,"Oui",0.894736842105263,NA,NA,NA,NA,NA,NA,NA,NA,NA,61,"low","match",TRUE
3,"noticer_mov1",158,3242,"slow","Homme","Moins de 18 ans","NON","3",NA,NA,15,NA,19,42,1,"OUI","right_to_left",25,"fast",66,"Oui",0.789473684210526,"OUI","NON","NON",NA,NA,NA,NA,NA,NA,61,"low","match",TRUE
3,"noticer_mov1",166,1219,"slow","Homme","Moins de 18 ans","NON","4",NA,NA,14,NA,20,38,NA,"OUI","right_to_left",100,"fast",71,"Oui",0.7,NA,NA,NA,NA,NA,NA,NA,NA,NA,61,"low","match",TRUE
3,"noticer_mov1",175,3996,"slow","Homme","Moins de 18 ans","NON","5",NA,NA,NA,NA,19,44,NA,"OUI","right_to_left",100,"slow",100,"Oui",NA,NA,NA,NA,NA,NA,NA,NA,NA,NA,61,"low","match",TRUE
4,"NO",193,9599,"slow","Homme","36-50 ans","OUI","0.1",13,NA,16,77,NA,NA,NA,NA,NA,NA,NA,NA,"Non",NA,NA,NA,NA,NA,NA,NA,NA,NA,NA,61,"low","match",FALSE
4,"NO",197,7366,"slow","Homme","36-50 ans","OUI","0.2",11,NA,14,73,NA,NA,NA,NA,NA,NA,NA,NA,"Non",NA,NA,NA,NA,NA,NA,NA,NA,NA,NA,61,"low","match",FALSE
4,"NO",201,5125,"slow","Homme","36-50 ans","OUI","0.3",11,NA,9,82,NA,NA,NA,NA,NA,NA,NA,NA,"Non",NA,NA,NA,NA,NA,NA,NA,NA,NA,NA,61,"low","match",FALSE
4,"NO",205,4827,"slow","Homme","36-50 ans","OUI","0.4",13,NA,7,54,NA,NA,NA,NA,NA,NA,NA,NA,"Non",NA,NA,NA,NA,NA,NA,NA,NA,NA,NA,61,"low","match",FALSE
4,"NO",209,9561,"slow","Homme","36-50 ans","OUI","0.5",11,NA,6,55,NA,NA,NA,NA,NA,NA,NA,NA,"Non",NA,NA,NA,NA,NA,NA,NA,NA,NA,NA,61,"low","match",FALSE
4,"NO",213,4687,"slow","Homme","36-50 ans","OUI","0.6",11,NA,13,82,NA,NA,NA,NA,NA,NA,NA,NA,"Non",NA,NA,NA,NA,NA,NA,NA,NA,NA,NA,61,"low","match",FALSE
4,"NO",217,4584,"slow","Homme","36-50 ans","OUI","0.7",12,NA,17,58,NA,NA,NA,NA,NA,NA,NA,NA,"Non",NA,NA,NA,NA,NA,NA,NA,NA,NA,NA,61,"low","match",FALSE
4,"NO",221,5904,"slow","Homme","36-50 ans","OUI","0.8",13,NA,11,85,NA,NA,NA,NA,NA,NA,NA,NA,"Non",NA,NA,NA,NA,NA,NA,NA,NA,NA,NA,61,"low","match",FALSE
4,"NO",225,5429,"slow","Homme","36-50 ans","OUI","0.9",10,NA,10,100,NA,NA,NA,NA,NA,NA,NA,NA,"Non",NA,NA,NA,NA,NA,NA,NA,NA,NA,NA,61,"low","match",FALSE
4,"NO",228,1564,"slow","Homme","36-50 ans","NON","1",NA,NA,15,NA,16,43,NA,NA,NA,NA,NA,NA,"Non",0.9375,NA,NA,NA,NA,NA,NA,NA,NA,NA,61,"low","match",FALSE
4,"NO",231,1274,"slow","Homme","36-50 ans","NON","2",NA,NA,12,NA,18,47,NA,NA,NA,NA,NA,NA,"Non",0.666666666666667,NA,NA,NA,NA,NA,NA,NA,NA,NA,61,"low","match",FALSE
4,"NO",234,1706,"slow","Homme","36-50 ans","NON","3",NA,NA,16,NA,18,44,1,"NON",NA,NA,NA,NA,"Non",0.888888888888889,"NON","NON","NON",NA,NA,NA,NA,NA,NA,61,"low","match",FALSE
4,"NO",238,1867,"slow","Homme","36-50 ans","NON","3",NA,NA,13,NA,17,43,2,"NON",NA,NA,NA,NA,"Non",0.764705882352941,NA,NA,NA,"NON","NON","NON",NA,NA,NA,61,"low","match",FALSE
4,"NO",242,4491,"slow","Homme","36-50 ans","NON","3",NA,NA,20,NA,19,46,3,"NON",NA,NA,NA,NA,"Non",0.947368421052632,NA,NA,NA,NA,NA,NA,"NON","NON","NON",61,"low","match",FALSE
4,"NO",246,5907,"slow","Homme","36-50 ans","NON","4",NA,NA,13,NA,15,48,NA,"OUI","right_to_left",54,"very_slow",43,"Non",0.866666666666667,NA,NA,NA,NA,NA,NA,NA,NA,NA,61,"low","match",FALSE
4,"NO",255,5451,"slow","Homme","36-50 ans","NON","5",NA,NA,NA,NA,18,42,NA,"OUI","right_to_left",100,"very_slow",65,"Non",NA,NA,NA,NA,NA,NA,NA,NA,NA,NA,61,"low","match",FALSE
5,"NO",272,8753,"slow","Femme","18-25 ans","OUI","0.1",11,NA,6,55,NA,NA,NA,NA,NA,NA,NA,NA,"Non",NA,NA,NA,NA,NA,NA,NA,NA,NA,NA,61,"low","match",TRUE
5,"NO",276,6969,"slow","Femme","18-25 ans","OUI","0.2",13,NA,16,77,NA,NA,NA,NA,NA,NA,NA,NA,"Non",NA,NA,NA,NA,NA,NA,NA,NA,NA,NA,61,"low","match",TRUE
5,"NO",280,6260,"slow","Femme","18-25 ans","OUI","0.3",12,NA,18,50,NA,NA,NA,NA,NA,NA,NA,NA,"Non",NA,NA,NA,NA,NA,NA,NA,NA,NA,NA,61,"low","match",TRUE
5,"NO",284,5272,"slow","Femme","18-25 ans","OUI","0.4",12,NA,7,58,NA,NA,NA,NA,NA,NA,NA,NA,"Non",NA,NA,NA,NA,NA,NA,NA,NA,NA,NA,61,"low","match",TRUE
5,"NO",288,4200,"slow","Femme","18-25 ans","OUI","0.5",11,NA,11,100,NA,NA,NA,NA,NA,NA,NA,NA,"Non",NA,NA,NA,NA,NA,NA,NA,NA,NA,NA,61,"low","match",TRUE
5,"NO",292,4087,"slow","Femme","18-25 ans","OUI","0.6",12,NA,11,92,NA,NA,NA,NA,NA,NA,NA,NA,"Non",NA,NA,NA,NA,NA,NA,NA,NA,NA,NA,61,"low","match",TRUE
5,"NO",295,1779,"slow","Femme","18-25 ans","NON","1",NA,NA,11,NA,18,45,NA,NA,NA,NA,NA,NA,"Non",0.611111111111111,NA,NA,NA,NA,NA,NA,NA,NA,NA,61,"low","match",TRUE
5,"NO",298,9841,"slow","Femme","18-25 ans","NON","2",NA,NA,14,NA,18,50,NA,NA,NA,NA,NA,NA,"Non",0.777777777777778,NA,NA,NA,NA,NA,NA,NA,NA,NA,61,"low","match",TRUE
5,"NO",301,2133,"slow","Femme","18-25 ans","NON","3",NA,NA,12,NA,16,42,1,"NON",NA,NA,NA,NA,"Non",0.75,"NON","NON","NON",NA,NA,NA,NA,NA,NA,61,"low","match",TRUE
5,"NO",305,4696,"slow","Femme","18-25 ans","NON","3",NA,NA,13,NA,18,45,2,"NON",NA,NA,NA,NA,"Non",0.722222222222222,NA,NA,NA,"NON","NON","NON",NA,NA,NA,61,"low","match",TRUE
5,"NO",309,1478,"slow","Femme","18-25 ans","NON","3",NA,NA,14,NA,17,47,3,"NON",NA,NA,NA,NA,"Non",0.823529411764706,NA,NA,NA,NA,NA,NA,"NON","NON","NON",61,"low","match",TRUE
5,"NO",313,1680,"slow","Femme","18-25 ans","NON","4",NA,NA,15,NA,18,48,NA,"OUI","right_to_left",60,"slow",100,"Non",0.833333333333333,NA,NA,NA,NA,NA,NA,NA,NA,NA,61,"low","match",TRUE
5,"NO",322,4431,"slow","Femme","18-25 ans","NON","5",NA,NA,NA,NA,17,43,NA,"OUI","right_to_left",100,"slow",100,"Non",NA,NA,NA,NA,NA,NA,NA,NA,NA,NA,61,"low","match",TRUE
6,"noticer_all2",340,2977,"fast","Femme","18-25 ans","OUI","0.1",12,NA,10,83,NA,NA,NA,NA,NA,NA,NA,NA,"Non",NA,NA,NA,NA,NA,NA,NA,NA,NA,NA,61,"low","mismatch",TRUE
6,"noticer_all2",344,1932,"fast","Femme","18-25 ans","OUI","0.2",12,NA,11,92,NA,NA,NA,NA,NA,NA,NA,NA,"Non",NA,NA,NA,NA,NA,NA,NA,NA,NA,NA,61,"low","mismatch",TRUE
6,"noticer_all2",347,1917,"fast","Femme","18-25 ans","NON","1",NA,NA,15,NA,19,46,NA,NA,NA,NA,NA,NA,"Non",0.789473684210526,NA,NA,NA,NA,NA,NA,NA,NA,NA,61,"low","mismatch",TRUE
6,"noticer_all2",350,2492,"fast","Femme","18-25 ans","NON","2",NA,NA,16,NA,18,44,NA,NA,NA,NA,NA,NA,"Non",0.888888888888889,NA,NA,NA,NA,NA,NA,NA,NA,NA,61,"low","mismatch",TRUE
6,"noticer_all2",353,1828,"fast","Femme","18-25 ans","NON","3",NA,NA,14,NA,19,45,1,"NON",NA,NA,NA,NA,"Non",0.736842105263158,"NON","NON","NON",NA,NA,NA,NA,NA,NA,61,"low","mismatch",TRUE
6,"noticer_all2",357,1447,"fast","Femme","18-25 ans","NON","3",NA,NA,16,NA,19,43,2,"OUI","right_to_left",47,"slow",45,"Non",0.842105263157895,NA,NA,NA,"OUI","OUI","OUI",NA,NA,NA,61,"low","mismatch",TRUE
6,"noticer_all2",365,3406,"fast","Femme","18-25 ans","NON","4",NA,NA,13,NA,16,48,NA,"OUI","right_to_left",100,"very_fast",76,"Non",0.8125,NA,NA,NA,NA,NA,NA,NA,NA,NA,61,"low","mismatch",TRUE
6,"noticer_all2",374,3998,"fast","Femme","18-25 ans","NON","5",NA,NA,NA,NA,19,45,NA,"OUI","right_to_left",100,"fast",91,"Non",NA,NA,NA,NA,NA,NA,NA,NA,NA,NA,61,"low","mismatch",TRUE
7,"noticer_mov2",392,9056,"fast","Homme","18-25 ans","OUI","0.1",11,NA,10,91,NA,NA,NA,NA,NA,NA,NA,NA,"Non",NA,NA,NA,NA,NA,NA,NA,NA,NA,NA,60,"low","mismatch",FALSE
7,"noticer_mov2",396,2723,"fast","Homme","18-25 ans","OUI","0.2",12,NA,14,83,NA,NA,NA,NA,NA,NA,NA,NA,"Non",NA,NA,NA,NA,NA,NA,NA,NA,NA,NA,60,"low","mismatch",FALSE
7,"noticer_mov2",399,1049,"fast","Homme","18-25 ans","NON","1",NA,NA,16,NA,16,40,NA,NA,NA,NA,NA,NA,"Non",1,NA,NA,NA,NA,NA,NA,NA,NA,NA,60,"low","mismatch",FALSE
7,"noticer_mov2",402,1163,"fast","Homme","18-25 ans","NON","2",NA,NA,15,NA,19,47,NA,NA,NA,NA,NA,NA,"Non",0.789473684210526,NA,NA,NA,NA,NA,NA,NA,NA,NA,60,"low","mismatch",FALSE
7,"noticer_mov2",405,961,"fast","Homme","18-25 ans","NON","3",NA,NA,15,NA,17,47,1,"NON",NA,NA,NA,NA,"Non",0.882352941176471,"NON","NON","NON",NA,NA,NA,NA,NA,NA,60,"low","mismatch",FALSE
7,"noticer_mov2",409,1077,"fast","Homme","18-25 ans","NON","3",NA,NA,19,NA,19,42,2,"OUI","right_to_left",22,"fast",100,"Non",1,NA,NA,NA,"OUI","NON","NON",NA,NA,NA,60,"low","mismatch",FALSE
7,"noticer_mov2",417,1332,"fast","Homme","18-25 ans","NON","4",NA,NA,17,NA,19,40,NA,"OUI","right_to_left",50,"very_fast",100,"Non",0.894736842105263,NA,NA,NA,NA,NA,NA,NA,NA,NA,60,"low","mismatch",FALSE
7,"noticer_mov2",426,4245,"fast","Homme","18-25 ans","NON","5",NA,NA,NA,NA,18,48,NA,"OUI","right_to_left",100,"very_fast",100,"Non",NA,NA,NA,NA,NA,NA,NA,NA,NA,NA,60,"low","mismatch",FALSE
8,"NO",443,6719,"fast","Femme","51 ans et plus","OUI","0.1",10,NA,5,50,NA,NA,NA,NA,NA,NA,NA,NA,"Non",NA,NA,NA,NA,NA,NA,NA,NA,NA,NA,61,"low","mismatch",FALSE
8,"NO",447,2648,"fast","Femme","51 ans et plus","OUI","0.2",13,NA,7,54,NA,NA,NA,NA,NA,NA,NA,NA,"Non",NA,NA,NA,NA,NA,NA,NA,NA,NA,NA,61,"low","mismatch",FALSE
8,"NO",451,2225,"fast","Femme","51 ans et plus","OUI","0.3",11,NA,10,91,NA,NA,NA,NA,NA,NA,NA,NA,"Non",NA,NA,NA,NA,NA,NA,NA,NA,NA,NA,61,"low","mismatch",FALSE
8,"NO",455,2656,"fast","Femme","51 ans et plus","OUI","0.4",11,NA,11,100,NA,NA,NA,NA,NA,NA,NA,NA,"Non",NA,NA,NA,NA,NA,NA,NA,NA,NA,NA,61,"low","mismatch",FALSE
8,"NO",458,4417,"fast","Femme","51 ans et plus","NON","1",NA,NA,15,NA,19,46,NA,NA,NA,NA,NA,NA,"Non",0.789473684210526,NA,NA,NA,NA,NA,NA,NA,NA,NA,61,"low","mismatch",FALSE
8,"NO",461,12149,"fast","Femme","51 ans et plus","NON","2",NA,NA,13,NA,18,51,NA,NA,NA,NA,NA,NA,"Non",0.722222222222222,NA,NA,NA,NA,NA,NA,NA,NA,NA,61,"low","mismatch",FALSE
8,"NO",464,4930,"fast","Femme","51 ans et plus","NON","3",NA,NA,11,NA,17,44,1,"NON",NA,NA,NA,NA,"Non",0.647058823529412,"NON","NON","NON",NA,NA,NA,NA,NA,NA,61,"low","mismatch",FALSE
8,"NO",468,5821,"fast","Femme","51 ans et plus","NON","3",NA,NA,15,NA,19,49,2,"OUI","random",0,"very_slow",0,"Non",0.789473684210526,NA,NA,NA,"NON","NON","NON",NA,NA,NA,61,"low","mismatch",FALSE
8,"NO",476,2463,"fast","Femme","51 ans et plus","NON","4",NA,NA,10,NA,14,40,NA,"NON","right_to_left",100,"fast",92,"Non",0.714285714285714,NA,NA,NA,NA,NA,NA,NA,NA,NA,61,"low","mismatch",FALSE
8,"NO",485,5592,"fast","Femme","51 ans et plus","NON","5",NA,NA,NA,NA,20,44,NA,"NON","diagonal",27,"fast",62,"Non",NA,NA,NA,NA,NA,NA,NA,NA,NA,NA,61,"low","mismatch",FALSE
9,"NO",503,10038,"fast","Femme","36-50 ans","OUI","0.1",14,NA,12,86,NA,NA,NA,NA,NA,NA,NA,NA,"Non",NA,NA,NA,NA,NA,NA,NA,NA,NA,NA,61,"low","mismatch",FALSE
9,"NO",507,4643,"fast","Femme","36-50 ans","OUI","0.2",12,NA,7,58,NA,NA,NA,NA,NA,NA,NA,NA,"Non",NA,NA,NA,NA,NA,NA,NA,NA,NA,NA,61,"low","mismatch",FALSE
9,"NO",511,3805,"fast","Femme","36-50 ans","OUI","0.3",13,NA,11,85,NA,NA,NA,NA,NA,NA,NA,NA,"Non",NA,NA,NA,NA,NA,NA,NA,NA,NA,NA,61,"low","mismatch",FALSE
9,"NO",515,4919,"fast","Femme","36-50 ans","OUI","0.4",12,NA,6,50,NA,NA,NA,NA,NA,NA,NA,NA,"Non",NA,NA,NA,NA,NA,NA,NA,NA,NA,NA,61,"low","mismatch",FALSE
9,"NO",519,6178,"fast","Femme","36-50 ans","OUI","0.5",13,NA,9,69,NA,NA,NA,NA,NA,NA,NA,NA,"Non",NA,NA,NA,NA,NA,NA,NA,NA,NA,NA,61,"low","mismatch",FALSE
9,"NO",523,12486,"fast","Femme","36-50 ans","OUI","0.6",13,NA,13,100,NA,NA,NA,NA,NA,NA,NA,NA,"Non",NA,NA,NA,NA,NA,NA,NA,NA,NA,NA,61,"low","mismatch",FALSE
9,"NO",527,5510,"fast","Femme","36-50 ans","OUI","0.7",12,NA,10,83,NA,NA,NA,NA,NA,NA,NA,NA,"Non",NA,NA,NA,NA,NA,NA,NA,NA,NA,NA,61,"low","mismatch",FALSE
9,"NO",530,2028,"fast","Femme","36-50 ans","NON","1",NA,NA,15,NA,20,41,NA,NA,NA,NA,NA,NA,"Non",0.75,NA,NA,NA,NA,NA,NA,NA,NA,NA,61,"low","mismatch",FALSE
9,"NO",533,2388,"fast","Femme","36-50 ans","NON","2",NA,NA,9,NA,19,45,NA,NA,NA,NA,NA,NA,"Non",0.473684210526316,NA,NA,NA,NA,NA,NA,NA,NA,NA,61,"low","mismatch",FALSE
9,"NO",536,2318,"fast","Femme","36-50 ans","NON","3",NA,NA,8,NA,18,45,1,"NON",NA,NA,NA,NA,"Non",0.444444444444444,"NON","NON","NON",NA,NA,NA,NA,NA,NA,61,"low","mismatch",FALSE
9,"NO",540,2274,"fast","Femme","36-50 ans","NON","3",NA,NA,12,NA,20,45,2,"NON",NA,NA,NA,NA,"Non",0.6,NA,NA,NA,"NON","NON","NON",NA,NA,NA,61,"low","mismatch",FALSE
9,"NO",544,4685,"fast","Femme","36-50 ans","NON","3",NA,NA,9,NA,17,43,3,"NON",NA,NA,NA,NA,"Non",0.529411764705882,NA,NA,NA,NA,NA,NA,"NON","NON","NON",61,"low","mismatch",FALSE
9,"NO",548,2391,"fast","Femme","36-50 ans","NON","4",NA,NA,12,NA,20,37,NA,"NON","diagonal",0,"fast",25,"Non",0.6,NA,NA,NA,NA,NA,NA,NA,NA,NA,61,"low","mismatch",FALSE
9,"NO",557,5604,"fast","Femme","36-50 ans","NON","5",NA,NA,NA,NA,18,37,NA,"NON","right_to_left",55,"very_fast",55,"Non",NA,NA,NA,NA,NA,NA,NA,NA,NA,NA,61,"low","mismatch",FALSE
10,"NO",574,10351,"slow","Homme","51 ans et plus","OUI","0.1",11,NA,0,0,NA,NA,NA,NA,NA,NA,NA,NA,"Non",NA,NA,NA,NA,NA,NA,NA,NA,NA,NA,61,"low","match",FALSE
10,"NO",578,14696,"slow","Homme","51 ans et plus","OUI","0.2",12,NA,10,83,NA,NA,NA,NA,NA,NA,NA,NA,"Non",NA,NA,NA,NA,NA,NA,NA,NA,NA,NA,61,"low","match",FALSE
10,"NO",582,7361,"slow","Homme","51 ans et plus","OUI","0.3",10,NA,10,100,NA,NA,NA,NA,NA,NA,NA,NA,"Non",NA,NA,NA,NA,NA,NA,NA,NA,NA,NA,61,"low","match",FALSE
10,"NO",585,3787,"slow","Homme","51 ans et plus","NON","1",NA,NA,13,NA,14,43,NA,NA,NA,NA,NA,NA,"Non",0.928571428571429,NA,NA,NA,NA,NA,NA,NA,NA,NA,61,"low","match",FALSE
10,"NO",588,3877,"slow","Homme","51 ans et plus","NON","2",NA,NA,14,NA,18,42,NA,NA,NA,NA,NA,NA,"Non",0.777777777777778,NA,NA,NA,NA,NA,NA,NA,NA,NA,61,"low","match",FALSE
10,"NO",591,3069,"slow","Homme","51 ans et plus","NON","3",NA,NA,16,NA,18,45,1,"OUI","diagonal",36,"very_fast",53,"Non",0.888888888888889,"NON","NON","NON",NA,NA,NA,NA,NA,NA,61,"low","match",FALSE
10,"NO",599,5487,"slow","Homme","51 ans et plus","NON","4",NA,NA,12,NA,16,48,NA,"OUI","vertical",67,"fast",59,"Non",0.75,NA,NA,NA,NA,NA,NA,NA,NA,NA,61,"low","match",FALSE
10,"NO",608,11035,"slow","Homme","51 ans et plus","NON","5",NA,NA,NA,NA,17,44,NA,"NON","right_to_left",50,"fast",52,"Non",NA,NA,NA,NA,NA,NA,NA,NA,NA,NA,61,"low","match",FALSE
11,"noticer_mov2",626,10456,"slow","Homme","36-50 ans","OUI","0.1",13,NA,9,69,NA,NA,NA,NA,NA,NA,NA,NA,"Non",NA,NA,NA,NA,NA,NA,NA,NA,NA,NA,60,"low","match",FALSE
11,"noticer_mov2",630,4261,"slow","Homme","36-50 ans","OUI","0.2",10,NA,9,90,NA,NA,NA,NA,NA,NA,NA,NA,"Non",NA,NA,NA,NA,NA,NA,NA,NA,NA,NA,60,"low","match",FALSE
11,"noticer_mov2",634,3764,"slow","Homme","36-50 ans","OUI","0.3",12,NA,12,100,NA,NA,NA,NA,NA,NA,NA,NA,"Non",NA,NA,NA,NA,NA,NA,NA,NA,NA,NA,60,"low","match",FALSE
11,"noticer_mov2",637,2486,"slow","Homme","36-50 ans","NON","1",NA,NA,18,NA,18,46,NA,NA,NA,NA,NA,NA,"Non",1,NA,NA,NA,NA,NA,NA,NA,NA,NA,60,"low","match",FALSE
11,"noticer_mov2",640,6125,"slow","Homme","36-50 ans","NON","2",NA,NA,17,NA,18,36,NA,NA,NA,NA,NA,NA,"Non",0.944444444444444,NA,NA,NA,NA,NA,NA,NA,NA,NA,60,"low","match",FALSE
11,"noticer_mov2",643,21033,"slow","Homme","36-50 ans","NON","3",NA,NA,18,NA,18,43,1,"NON",NA,NA,NA,NA,"Non",1,"NON","NON","NON",NA,NA,NA,NA,NA,NA,60,"low","match",FALSE
11,"noticer_mov2",647,2953,"slow","Homme","36-50 ans","NON","3",NA,NA,15,NA,16,49,2,"OUI","right_to_left",100,"very_fast",100,"Non",0.9375,NA,NA,NA,"OUI","NON","NON",NA,NA,NA,60,"low","match",FALSE
11,"noticer_mov2",655,2957,"slow","Homme","36-50 ans","NON","4",NA,NA,16,NA,19,41,NA,"OUI","right_to_left",100,"fast",83,"Non",0.842105263157895,NA,NA,NA,NA,NA,NA,NA,NA,NA,60,"low","match",FALSE
11,"noticer_mov2",664,8145,"slow","Homme","36-50 ans","NON","5",NA,NA,NA,NA,18,41,NA,"OUI","right_to_left",100,"fast",74,"Non",NA,NA,NA,NA,NA,NA,NA,NA,NA,NA,60,"low","match",FALSE
12,"NO",682,4244,"fast","Homme","18-25 ans","OUI","0.1",11,NA,11,100,NA,NA,NA,NA,NA,NA,NA,NA,"Non",NA,NA,NA,NA,NA,NA,NA,NA,NA,NA,61,"low","mismatch",FALSE
12,"NO",686,3048,"fast","Homme","18-25 ans","OUI","0.2",13,NA,12,92,NA,NA,NA,NA,NA,NA,NA,NA,"Non",NA,NA,NA,NA,NA,NA,NA,NA,NA,NA,61,"low","mismatch",FALSE
12,"NO",689,1533,"fast","Homme","18-25 ans","NON","1",NA,NA,19,NA,20,45,NA,NA,NA,NA,NA,NA,"Non",0.95,NA,NA,NA,NA,NA,NA,NA,NA,NA,61,"low","mismatch",FALSE
12,"NO",692,1225,"fast","Homme","18-25 ans","NON","2",NA,NA,18,NA,19,45,NA,NA,NA,NA,NA,NA,"Non",0.947368421052632,NA,NA,NA,NA,NA,NA,NA,NA,NA,61,"low","mismatch",FALSE
12,"NO",695,1321,"fast","Homme","18-25 ans","NON","3",NA,NA,17,NA,19,39,1,"NON",NA,NA,NA,NA,"Non",0.894736842105263,"NON","NON","NON",NA,NA,NA,NA,NA,NA,61,"low","mismatch",FALSE
12,"NO",699,1181,"fast","Homme","18-25 ans","NON","3",NA,NA,19,NA,20,41,2,"NON",NA,NA,NA,NA,"Non",0.95,NA,NA,NA,"NON","NON","NON",NA,NA,NA,61,"low","mismatch",FALSE
12,"NO",703,1237,"fast","Homme","18-25 ans","NON","3",NA,NA,15,NA,17,48,3,"NON",NA,NA,NA,NA,"Non",0.882352941176471,NA,NA,NA,NA,NA,NA,"NON","NON","NON",61,"low","mismatch",FALSE
12,"NO",707,1159,"fast","Homme","18-25 ans","NON","4",NA,NA,14,NA,18,42,NA,"NON","right_to_left",0,"very_fast",49,"Non",0.777777777777778,NA,NA,NA,NA,NA,NA,NA,NA,NA,61,"low","mismatch",FALSE
12,"NO",716,3552,"fast","Homme","18-25 ans","NON","5",NA,NA,NA,NA,16,45,NA,"NON","right_to_left",0,"very_fast",62,"Non",NA,NA,NA,NA,NA,NA,NA,NA,NA,NA,61,"low","mismatch",FALSE
13,"noticer_mov3",734,7137,"fast","Femme","Moins de 18 ans","OUI","0.1",11,NA,11,100,NA,NA,NA,NA,NA,NA,NA,NA,"Non",NA,NA,NA,NA,NA,NA,NA,NA,NA,NA,60,"low","mismatch",TRUE
13,"noticer_mov3",738,13181,"fast","Femme","Moins de 18 ans","OUI","0.2",14,NA,20,57,NA,NA,NA,NA,NA,NA,NA,NA,"Non",NA,NA,NA,NA,NA,NA,NA,NA,NA,NA,60,"low","mismatch",TRUE
13,"noticer_mov3",742,9496,"fast","Femme","Moins de 18 ans","OUI","0.3",13,NA,17,69,NA,NA,NA,NA,NA,NA,NA,NA,"Non",NA,NA,NA,NA,NA,NA,NA,NA,NA,NA,60,"low","mismatch",TRUE
13,"noticer_mov3",746,5267,"fast","Femme","Moins de 18 ans","OUI","0.4",13,NA,10,77,NA,NA,NA,NA,NA,NA,NA,NA,"Non",NA,NA,NA,NA,NA,NA,NA,NA,NA,NA,60,"low","mismatch",TRUE
13,"noticer_mov3",750,3434,"fast","Femme","Moins de 18 ans","OUI","0.5",11,NA,9,82,NA,NA,NA,NA,NA,NA,NA,NA,"Non",NA,NA,NA,NA,NA,NA,NA,NA,NA,NA,60,"low","mismatch",TRUE
13,"noticer_mov3",754,3801,"fast","Femme","Moins de 18 ans","OUI","0.6",15,NA,11,73,NA,NA,NA,NA,NA,NA,NA,NA,"Non",NA,NA,NA,NA,NA,NA,NA,NA,NA,NA,60,"low","mismatch",TRUE
13,"noticer_mov3",758,3323,"fast","Femme","Moins de 18 ans","OUI","0.7",12,NA,11,92,NA,NA,NA,NA,NA,NA,NA,NA,"Non",NA,NA,NA,NA,NA,NA,NA,NA,NA,NA,60,"low","mismatch",TRUE
13,"noticer_mov3",762,3419,"fast","Femme","Moins de 18 ans","OUI","0.8",11,NA,11,100,NA,NA,NA,NA,NA,NA,NA,NA,"Non",NA,NA,NA,NA,NA,NA,NA,NA,NA,NA,60,"low","mismatch",TRUE
13,"noticer_mov3",765,1413,"fast","Femme","Moins de 18 ans","NON","1",NA,NA,14,NA,15,44,NA,NA,NA,NA,NA,NA,"Non",0.933333333333333,NA,NA,NA,NA,NA,NA,NA,NA,NA,60,"low","mismatch",TRUE
13,"noticer_mov3",768,3251,"fast","Femme","Moins de 18 ans","NON","2",NA,NA,16,NA,20,45,NA,NA,NA,NA,NA,NA,"Non",0.8,NA,NA,NA,NA,NA,NA,NA,NA,NA,60,"low","mismatch",TRUE
13,"noticer_mov3",771,652,"fast","Femme","Moins de 18 ans","NON","3",NA,NA,15,NA,18,44,1,"NON",NA,NA,NA,NA,"Non",0.833333333333333,"NON","NON","NON",NA,NA,NA,NA,NA,NA,60,"low","mismatch",TRUE
13,"noticer_mov3",775,1567,"fast","Femme","Moins de 18 ans","NON","3",NA,NA,17,NA,19,44,2,"NON",NA,NA,NA,NA,"Non",0.894736842105263,NA,NA,NA,"NON","NON","NON",NA,NA,NA,60,"low","mismatch",TRUE
13,"noticer_mov3",779,1424,"fast","Femme","Moins de 18 ans","NON","3",NA,NA,15,NA,20,42,3,"OUI","right_to_left",53,"very_fast",50,"Non",0.75,NA,NA,NA,NA,NA,NA,"OUI","NON","NON",60,"low","mismatch",TRUE
13,"noticer_mov3",787,2375,"fast","Femme","Moins de 18 ans","NON","4",NA,NA,11,NA,17,45,NA,"OUI","right_to_left",0,"very_fast",7,"Non",0.647058823529412,NA,NA,NA,NA,NA,NA,NA,NA,NA,60,"low","mismatch",TRUE
13,"noticer_mov3",796,7032,"fast","Femme","Moins de 18 ans","NON","5",NA,NA,NA,NA,19,47,NA,"OUI","right_to_left",100,"fast",100,"Non",NA,NA,NA,NA,NA,NA,NA,NA,NA,NA,60,"low","mismatch",TRUE
14,"noticer_mov1",814,8469,"slow","Femme","51 ans et plus","OUI","0.1",13,NA,12,92,NA,NA,NA,NA,NA,NA,NA,NA,"Non",NA,NA,NA,NA,NA,NA,NA,NA,NA,NA,60,"low","match",TRUE
14,"noticer_mov1",850,2567,"slow","Femme","51 ans et plus","OUI","0.10",13,NA,9,69,NA,NA,NA,NA,NA,NA,NA,NA,"Non",NA,NA,NA,NA,NA,NA,NA,NA,NA,NA,60,"low","match",TRUE
14,"noticer_mov1",854,3171,"slow","Femme","51 ans et plus","OUI","0.11",15,NA,13,87,NA,NA,NA,NA,NA,NA,NA,NA,"Non",NA,NA,NA,NA,NA,NA,NA,NA,NA,NA,60,"low","match",TRUE
14,"noticer_mov1",858,2576,"slow","Femme","51 ans et plus","OUI","0.12",13,NA,6,46,NA,NA,NA,NA,NA,NA,NA,NA,"Non",NA,NA,NA,NA,NA,NA,NA,NA,NA,NA,60,"low","match",TRUE
14,"noticer_mov1",862,2833,"slow","Femme","51 ans et plus","OUI","0.13",12,NA,9,75,NA,NA,NA,NA,NA,NA,NA,NA,"Non",NA,NA,NA,NA,NA,NA,NA,NA,NA,NA,60,"low","match",TRUE
14,"noticer_mov1",866,3457,"slow","Femme","51 ans et plus","OUI","0.14",13,NA,10,77,NA,NA,NA,NA,NA,NA,NA,NA,"Non",NA,NA,NA,NA,NA,NA,NA,NA,NA,NA,60,"low","match",TRUE
14,"noticer_mov1",870,4164,"slow","Femme","51 ans et plus","OUI","0.15",12,NA,9,75,NA,NA,NA,NA,NA,NA,NA,NA,"Non",NA,NA,NA,NA,NA,NA,NA,NA,NA,NA,60,"low","match",TRUE
14,"noticer_mov1",874,3206,"slow","Femme","51 ans et plus","OUI","0.16",12,NA,10,83,NA,NA,NA,NA,NA,NA,NA,NA,"Non",NA,NA,NA,NA,NA,NA,NA,NA,NA,NA,60,"low","match",TRUE
14,"noticer_mov1",878,3675,"slow","Femme","51 ans et plus","OUI","0.17",12,NA,9,75,NA,NA,NA,NA,NA,NA,NA,NA,"Non",NA,NA,NA,NA,NA,NA,NA,NA,NA,NA,60,"low","match",TRUE
14,"noticer_mov1",882,5062,"slow","Femme","51 ans et plus","OUI","0.18",9,NA,10,89,NA,NA,NA,NA,NA,NA,NA,NA,"Non",NA,NA,NA,NA,NA,NA,NA,NA,NA,NA,60,"low","match",TRUE
14,"noticer_mov1",886,7009,"slow","Femme","51 ans et plus","OUI","0.19",15,NA,11,73,NA,NA,NA,NA,NA,NA,NA,NA,"Non",NA,NA,NA,NA,NA,NA,NA,NA,NA,NA,60,"low","match",TRUE
14,"noticer_mov1",818,3938,"slow","Femme","51 ans et plus","OUI","0.2",12,NA,9,75,NA,NA,NA,NA,NA,NA,NA,NA,"Non",NA,NA,NA,NA,NA,NA,NA,NA,NA,NA,60,"low","match",TRUE
14,"noticer_mov1",890,4949,"slow","Femme","51 ans et plus","OUI","0.20",12,NA,12,100,NA,NA,NA,NA,NA,NA,NA,NA,"Non",NA,NA,NA,NA,NA,NA,NA,NA,NA,NA,60,"low","match",TRUE
14,"noticer_mov1",894,6457,"slow","Femme","51 ans et plus","OUI","0.21",13,NA,13,100,NA,NA,NA,NA,NA,NA,NA,NA,"Non",NA,NA,NA,NA,NA,NA,NA,NA,NA,NA,60,"low","match",TRUE
14,"noticer_mov1",822,3692,"slow","Femme","51 ans et plus","OUI","0.3",13,NA,6,46,NA,NA,NA,NA,NA,NA,NA,NA,"Non",NA,NA,NA,NA,NA,NA,NA,NA,NA,NA,60,"low","match",TRUE
14,"noticer_mov1",826,3248,"slow","Femme","51 ans et plus","OUI","0.4",13,NA,4,31,NA,NA,NA,NA,NA,NA,NA,NA,"Non",NA,NA,NA,NA,NA,NA,NA,NA,NA,NA,60,"low","match",TRUE
14,"noticer_mov1",830,3574,"slow","Femme","51 ans et plus","OUI","0.5",12,NA,7,58,NA,NA,NA,NA,NA,NA,NA,NA,"Non",NA,NA,NA,NA,NA,NA,NA,NA,NA,NA,60,"low","match",TRUE
14,"noticer_mov1",834,3144,"slow","Femme","51 ans et plus","OUI","0.6",12,NA,9,75,NA,NA,NA,NA,NA,NA,NA,NA,"Non",NA,NA,NA,NA,NA,NA,NA,NA,NA,NA,60,"low","match",TRUE
14,"noticer_mov1",838,3274,"slow","Femme","51 ans et plus","OUI","0.7",12,NA,8,67,NA,NA,NA,NA,NA,NA,NA,NA,"Non",NA,NA,NA,NA,NA,NA,NA,NA,NA,NA,60,"low","match",TRUE
14,"noticer_mov1",842,2718,"slow","Femme","51 ans et plus","OUI","0.8",14,NA,9,64,NA,NA,NA,NA,NA,NA,NA,NA,"Non",NA,NA,NA,NA,NA,NA,NA,NA,NA,NA,60,"low","match",TRUE
14,"noticer_mov1",846,3060,"slow","Femme","51 ans et plus","OUI","0.9",14,NA,11,79,NA,NA,NA,NA,NA,NA,NA,NA,"Non",NA,NA,NA,NA,NA,NA,NA,NA,NA,NA,60,"low","match",TRUE
14,"noticer_mov1",897,1972,"slow","Femme","51 ans et plus","NON","1",NA,NA,13,NA,19,47,NA,NA,NA,NA,NA,NA,"Non",0.684210526315789,NA,NA,NA,NA,NA,NA,NA,NA,NA,60,"low","match",TRUE
14,"noticer_mov1",900,1835,"slow","Femme","51 ans et plus","NON","2",NA,NA,14,NA,19,39,NA,NA,NA,NA,NA,NA,"Non",0.736842105263158,NA,NA,NA,NA,NA,NA,NA,NA,NA,60,"low","match",TRUE
14,"noticer_mov1",903,1877,"slow","Femme","51 ans et plus","NON","3",NA,NA,19,NA,20,47,1,"OUI","right_to_left",6,"fast",6,"Non",0.95,"OUI","NON","NON",NA,NA,NA,NA,NA,NA,60,"low","match",TRUE
14,"noticer_mov1",911,1907,"slow","Femme","51 ans et plus","NON","4",NA,NA,12,NA,17,44,NA,"NON","random",0,"fast",1,"Non",0.705882352941176,NA,NA,NA,NA,NA,NA,NA,NA,NA,60,"low","match",TRUE
14,"noticer_mov1",920,4538,"slow","Femme","51 ans et plus","NON","5",NA,NA,NA,NA,16,46,NA,"OUI","right_to_left",47,"slow",50,"Non",NA,NA,NA,NA,NA,NA,NA,NA,NA,NA,60,"low","match",TRUE
15,"noticer_mov1",938,6277,"fast","Femme","18-25 ans","OUI","0.1",14,NA,14,100,NA,NA,NA,NA,NA,NA,NA,NA,NA,NA,NA,NA,NA,NA,NA,NA,NA,NA,NA,60,"low","mismatch",FALSE
15,"noticer_mov1",942,5257,"fast","Femme","18-25 ans","OUI","0.2",10,NA,8,80,NA,NA,NA,NA,NA,NA,NA,NA,NA,NA,NA,NA,NA,NA,NA,NA,NA,NA,NA,60,"low","mismatch",FALSE
15,"noticer_mov1",945,2230,"fast","Femme","18-25 ans","NON","1",NA,NA,15,NA,16,41,NA,NA,NA,NA,NA,NA,NA,0.9375,NA,NA,NA,NA,NA,NA,NA,NA,NA,60,"low","mismatch",FALSE
15,"noticer_mov1",948,4121,"fast","Femme","18-25 ans","NON","2",NA,NA,13,NA,15,41,NA,NA,NA,NA,NA,NA,NA,0.866666666666667,NA,NA,NA,NA,NA,NA,NA,NA,NA,60,"low","mismatch",FALSE
15,"noticer_mov1",951,1791,"fast","Femme","18-25 ans","NON","3",NA,NA,13,NA,15,43,1,"OUI","right_to_left",100,"very_fast",100,NA,0.866666666666667,"OUI","NON","NON",NA,NA,NA,NA,NA,NA,60,"low","mismatch",FALSE
15,"noticer_mov1",959,1284,"fast","Femme","18-25 ans","NON","4",NA,NA,15,NA,19,44,NA,"OUI","diagonal",63,"fast",60,NA,0.789473684210526,NA,NA,NA,NA,NA,NA,NA,NA,NA,60,"low","mismatch",FALSE
15,"noticer_mov1",968,7099,"fast","Femme","18-25 ans","NON","5",NA,NA,NA,NA,19,44,NA,"OUI","diagonal",36,"fast",36,NA,NA,NA,NA,NA,NA,NA,NA,NA,NA,NA,60,"low","mismatch",FALSE
16,"NO",984,5848,"fast","Homme","18-25 ans","OUI","0.1",11,NA,10,91,NA,NA,NA,NA,NA,NA,NA,NA,"Non",NA,NA,NA,NA,NA,NA,NA,NA,NA,NA,61,"low","mismatch",TRUE
16,"NO",988,6448,"fast","Homme","18-25 ans","OUI","0.2",14,NA,12,86,NA,NA,NA,NA,NA,NA,NA,NA,"Non",NA,NA,NA,NA,NA,NA,NA,NA,NA,NA,61,"low","mismatch",TRUE
16,"NO",991,2746,"fast","Homme","18-25 ans","NON","1",NA,NA,14,NA,17,39,NA,NA,NA,NA,NA,NA,"Non",0.823529411764706,NA,NA,NA,NA,NA,NA,NA,NA,NA,61,"low","mismatch",TRUE
16,"NO",994,2230,"fast","Homme","18-25 ans","NON","2",NA,NA,21,NA,20,45,NA,NA,NA,NA,NA,NA,"Non",0.95,NA,NA,NA,NA,NA,NA,NA,NA,NA,61,"low","mismatch",TRUE
16,"NO",997,2547,"fast","Homme","18-25 ans","NON","3",NA,NA,15,NA,18,42,1,"NON",NA,NA,NA,NA,"Non",0.833333333333333,"NON","NON","NON",NA,NA,NA,NA,NA,NA,61,"low","mismatch",TRUE
16,"NO",1001,2225,"fast","Homme","18-25 ans","NON","3",NA,NA,19,NA,19,40,2,"NON",NA,NA,NA,NA,"Non",1,NA,NA,NA,"NON","NON","NON",NA,NA,NA,61,"low","mismatch",TRUE
16,"NO",1005,1259,"fast","Homme","18-25 ans","NON","3",NA,NA,16,NA,17,39,3,"NON",NA,NA,NA,NA,"Non",0.941176470588235,NA,NA,NA,NA,NA,NA,"NON","NON","NON",61,"low","mismatch",TRUE
16,"NO",1009,1715,"fast","Homme","18-25 ans","NON","4",NA,NA,16,NA,17,44,NA,"NON","right_to_left",89,"fast",91,"Non",0.941176470588235,NA,NA,NA,NA,NA,NA,NA,NA,NA,61,"low","mismatch",TRUE
16,"NO",1018,5994,"fast","Homme","18-25 ans","NON","5",NA,NA,NA,NA,19,42,NA,"OUI","right_to_left",100,"fast",100,"Non",NA,NA,NA,NA,NA,NA,NA,NA,NA,NA,61,"low","mismatch",TRUE
17,"noticer_all3",1036,4618,"fast","Homme","Moins de 18 ans","OUI","0.1",12,NA,10,83,NA,NA,NA,NA,NA,NA,NA,NA,"Non",NA,NA,NA,NA,NA,NA,NA,NA,NA,NA,60,"low","mismatch",TRUE
17,"noticer_all3",1040,6208,"fast","Homme","Moins de 18 ans","OUI","0.2",11,NA,15,64,NA,NA,NA,NA,NA,NA,NA,NA,"Non",NA,NA,NA,NA,NA,NA,NA,NA,NA,NA,60,"low","mismatch",TRUE
17,"noticer_all3",1044,5307,"fast","Homme","Moins de 18 ans","OUI","0.3",13,NA,9,69,NA,NA,NA,NA,NA,NA,NA,NA,"Non",NA,NA,NA,NA,NA,NA,NA,NA,NA,NA,60,"low","mismatch",TRUE
17,"noticer_all3",1048,3626,"fast","Homme","Moins de 18 ans","OUI","0.4",12,NA,9,75,NA,NA,NA,NA,NA,NA,NA,NA,"Non",NA,NA,NA,NA,NA,NA,NA,NA,NA,NA,60,"low","mismatch",TRUE
17,"noticer_all3",1052,4258,"fast","Homme","Moins de 18 ans","OUI","0.5",13,NA,8,62,NA,NA,NA,NA,NA,NA,NA,NA,"Non",NA,NA,NA,NA,NA,NA,NA,NA,NA,NA,60,"low","mismatch",TRUE
17,"noticer_all3",1056,4109,"fast","Homme","Moins de 18 ans","OUI","0.6",13,NA,11,85,NA,NA,NA,NA,NA,NA,NA,NA,"Non",NA,NA,NA,NA,NA,NA,NA,NA,NA,NA,60,"low","mismatch",TRUE
17,"noticer_all3",1060,3293,"fast","Homme","Moins de 18 ans","OUI","0.7",12,NA,10,83,NA,NA,NA,NA,NA,NA,NA,NA,"Non",NA,NA,NA,NA,NA,NA,NA,NA,NA,NA,60,"low","mismatch",TRUE
17,"noticer_all3",1063,1348,"fast","Homme","Moins de 18 ans","NON","1",NA,NA,14,NA,16,47,NA,NA,NA,NA,NA,NA,"Non",0.875,NA,NA,NA,NA,NA,NA,NA,NA,NA,60,"low","mismatch",TRUE
17,"noticer_all3",1066,1064,"fast","Homme","Moins de 18 ans","NON","2",NA,NA,14,NA,17,43,NA,NA,NA,NA,NA,NA,"Non",0.823529411764706,NA,NA,NA,NA,NA,NA,NA,NA,NA,60,"low","mismatch",TRUE
17,"noticer_all3",1069,1111,"fast","Homme","Moins de 18 ans","NON","3",NA,NA,13,NA,16,44,1,"NON",NA,NA,NA,NA,"Non",0.8125,"NON","NON","NON",NA,NA,NA,NA,NA,NA,60,"low","mismatch",TRUE
17,"noticer_all3",1073,2211,"fast","Homme","Moins de 18 ans","NON","3",NA,NA,15,NA,19,40,2,"NON",NA,NA,NA,NA,"Non",0.789473684210526,NA,NA,NA,"NON","NON","NON",NA,NA,NA,60,"low","mismatch",TRUE
17,"noticer_all3",1077,2461,"fast","Homme","Moins de 18 ans","NON","3",NA,NA,12,NA,17,46,3,"OUI","right_to_left",100,"slow",42,"Non",0.705882352941176,NA,NA,NA,NA,NA,NA,"OUI","OUI","OUI",60,"low","mismatch",TRUE
17,"noticer_all3",1085,1098,"fast","Homme","Moins de 18 ans","NON","4",NA,NA,14,NA,18,45,NA,"OUI","right_to_left",100,"fast",100,"Non",0.777777777777778,NA,NA,NA,NA,NA,NA,NA,NA,NA,60,"low","mismatch",TRUE
17,"noticer_all3",1094,5968,"fast","Homme","Moins de 18 ans","NON","5",NA,NA,NA,NA,20,40,NA,"OUI","right_to_left",85,"fast",100,"Non",NA,NA,NA,NA,NA,NA,NA,NA,NA,NA,60,"low","mismatch",TRUE
18,"noticer_mov3",1111,4308,"slow","Femme","18-25 ans","OUI","0.1",14,NA,12,86,NA,NA,NA,NA,NA,NA,NA,NA,"Non",NA,NA,NA,NA,NA,NA,NA,NA,NA,NA,61,"low","match",TRUE
18,"noticer_mov3",1115,3457,"slow","Femme","18-25 ans","OUI","0.2",11,NA,11,100,NA,NA,NA,NA,NA,NA,NA,NA,"Non",NA,NA,NA,NA,NA,NA,NA,NA,NA,NA,61,"low","match",TRUE
18,"noticer_mov3",1118,1963,"slow","Femme","18-25 ans","NON","1",NA,NA,16,NA,16,46,NA,NA,NA,NA,NA,NA,"Non",1,NA,NA,NA,NA,NA,NA,NA,NA,NA,61,"low","match",TRUE
18,"noticer_mov3",1121,3314,"slow","Femme","18-25 ans","NON","2",NA,NA,15,NA,17,41,NA,NA,NA,NA,NA,NA,"Non",0.882352941176471,NA,NA,NA,NA,NA,NA,NA,NA,NA,61,"low","match",TRUE
18,"noticer_mov3",1124,1228,"slow","Femme","18-25 ans","NON","3",NA,NA,15,NA,15,46,1,"NON",NA,NA,NA,NA,"Non",1,"NON","NON","NON",NA,NA,NA,NA,NA,NA,61,"low","match",TRUE
18,"noticer_mov3",1128,1820,"slow","Femme","18-25 ans","NON","3",NA,NA,16,NA,18,41,2,"NON",NA,NA,NA,NA,"Non",0.888888888888889,NA,NA,NA,"NON","NON","NON",NA,NA,NA,61,"low","match",TRUE
18,"noticer_mov3",1132,3687,"slow","Femme","18-25 ans","NON","3",NA,NA,13,NA,17,41,3,"OUI","right_to_left",74,"fast",79,"Non",0.764705882352941,NA,NA,NA,NA,NA,NA,"OUI","NON","NON",61,"low","match",TRUE
18,"noticer_mov3",1140,1898,"slow","Femme","18-25 ans","NON","4",NA,NA,14,NA,19,45,NA,"OUI","right_to_left",100,"slow",100,"Non",0.736842105263158,NA,NA,NA,NA,NA,NA,NA,NA,NA,61,"low","match",TRUE
18,"noticer_mov3",1149,6554,"slow","Femme","18-25 ans","NON","5",NA,NA,NA,NA,19,49,NA,"OUI","right_to_left",100,"slow",100,"Non",NA,NA,NA,NA,NA,NA,NA,NA,NA,NA,61,"low","match",TRUE
19,"NO",1166,17416,"fast","Homme","18-25 ans","OUI","0.1",13,NA,12,92,NA,NA,NA,NA,NA,NA,NA,NA,"Non",NA,NA,NA,NA,NA,NA,NA,NA,NA,NA,61,"low","mismatch",FALSE
19,"NO",1170,13069,"fast","Homme","18-25 ans","OUI","0.2",13,NA,3,23,NA,NA,NA,NA,NA,NA,NA,NA,"Non",NA,NA,NA,NA,NA,NA,NA,NA,NA,NA,61,"low","mismatch",FALSE
19,"NO",1174,5259,"fast","Homme","18-25 ans","OUI","0.3",12,NA,11,92,NA,NA,NA,NA,NA,NA,NA,NA,"Non",NA,NA,NA,NA,NA,NA,NA,NA,NA,NA,61,"low","mismatch",FALSE
19,"NO",1178,3819,"fast","Homme","18-25 ans","OUI","0.4",12,NA,12,100,NA,NA,NA,NA,NA,NA,NA,NA,"Non",NA,NA,NA,NA,NA,NA,NA,NA,NA,NA,61,"low","mismatch",FALSE
19,"NO",1181,3654,"fast","Homme","18-25 ans","NON","1",NA,NA,18,NA,20,49,NA,NA,NA,NA,NA,NA,"Non",0.9,NA,NA,NA,NA,NA,NA,NA,NA,NA,61,"low","mismatch",FALSE
19,"NO",1184,1829,"fast","Homme","18-25 ans","NON","2",NA,NA,17,NA,18,46,NA,NA,NA,NA,NA,NA,"Non",0.944444444444444,NA,NA,NA,NA,NA,NA,NA,NA,NA,61,"low","mismatch",FALSE
19,"NO",1187,2386,"fast","Homme","18-25 ans","NON","3",NA,NA,13,NA,20,44,1,"NON",NA,NA,NA,NA,"Non",0.65,"NON","NON","NON",NA,NA,NA,NA,NA,NA,61,"low","mismatch",FALSE
19,"NO",1191,2732,"fast","Homme","18-25 ans","NON","3",NA,NA,14,NA,19,40,2,"OUI","diagonal",43,"very_fast",67,"Non",0.736842105263158,NA,NA,NA,"NON","NON","NON",NA,NA,NA,61,"low","mismatch",FALSE
19,"NO",1199,8797,"fast","Homme","18-25 ans","NON","4",NA,NA,10,NA,15,42,NA,"OUI","right_to_left",91,"very_fast",87,"Non",0.666666666666667,NA,NA,NA,NA,NA,NA,NA,NA,NA,61,"low","mismatch",FALSE
19,"NO",1208,8195,"fast","Homme","18-25 ans","NON","5",NA,NA,NA,NA,18,47,NA,"OUI","right_to_left",100,"very_fast",77,"Non",NA,NA,NA,NA,NA,NA,NA,NA,NA,NA,61,"low","mismatch",FALSE
20,"noticer_mov1",1226,3680,"slow","Homme","18-25 ans","OUI","0.1",13,NA,10,77,NA,NA,NA,NA,NA,NA,NA,NA,"Non",NA,NA,NA,NA,NA,NA,NA,NA,NA,NA,60,"low","match",TRUE
20,"noticer_mov1",1230,4249,"slow","Homme","18-25 ans","OUI","0.2",10,NA,10,100,NA,NA,NA,NA,NA,NA,NA,NA,"Non",NA,NA,NA,NA,NA,NA,NA,NA,NA,NA,60,"low","match",TRUE
20,"noticer_mov1",1234,2424,"slow","Homme","18-25 ans","OUI","0.3",13,NA,12,92,NA,NA,NA,NA,NA,NA,NA,NA,"Non",NA,NA,NA,NA,NA,NA,NA,NA,NA,NA,60,"low","match",TRUE
20,"noticer_mov1",1237,1481,"slow","Homme","18-25 ans","NON","1",NA,NA,16,NA,17,44,NA,NA,NA,NA,NA,NA,"Non",0.941176470588235,NA,NA,NA,NA,NA,NA,NA,NA,NA,60,"low","match",TRUE
20,"noticer_mov1",1240,79656,"slow","Homme","18-25 ans","NON","2",NA,NA,19,NA,19,43,NA,NA,NA,NA,NA,NA,"Non",1,NA,NA,NA,NA,NA,NA,NA,NA,NA,60,"low","match",TRUE
20,"noticer_mov1",1243,29695,"slow","Homme","18-25 ans","NON","3",NA,NA,15,NA,16,45,1,"OUI","right_to_left",68,"very_fast",100,"Non",0.9375,"OUI","NON","NON",NA,NA,NA,NA,NA,NA,60,"low","match",TRUE
20,"noticer_mov1",1251,2215,"slow","Homme","18-25 ans","NON","4",NA,NA,15,NA,18,41,NA,"OUI","right_to_left",100,"slow",100,"Non",0.833333333333333,NA,NA,NA,NA,NA,NA,NA,NA,NA,60,"low","match",TRUE
20,"noticer_mov1",1260,6732,"slow","Homme","18-25 ans","NON","5",NA,NA,NA,NA,18,42,NA,"OUI","right_to_left",100,"slow",100,"Non",NA,NA,NA,NA,NA,NA,NA,NA,NA,NA,60,"low","match",TRUE
21,"noticer_mov1",1278,4485,"fast","Femme","Moins de 18 ans","OUI","0.1",14,NA,6,43,NA,NA,NA,NA,NA,NA,NA,NA,"Non",NA,NA,NA,NA,NA,NA,NA,NA,NA,NA,60,"low","mismatch",FALSE
21,"noticer_mov1",1282,3557,"fast","Femme","Moins de 18 ans","OUI","0.2",11,NA,7,64,NA,NA,NA,NA,NA,NA,NA,NA,"Non",NA,NA,NA,NA,NA,NA,NA,NA,NA,NA,60,"low","mismatch",FALSE
21,"noticer_mov1",1286,5251,"fast","Femme","Moins de 18 ans","OUI","0.3",12,NA,12,100,NA,NA,NA,NA,NA,NA,NA,NA,"Non",NA,NA,NA,NA,NA,NA,NA,NA,NA,NA,60,"low","mismatch",FALSE
21,"noticer_mov1",1290,3789,"fast","Femme","Moins de 18 ans","OUI","0.4",11,NA,10,91,NA,NA,NA,NA,NA,NA,NA,NA,"Non",NA,NA,NA,NA,NA,NA,NA,NA,NA,NA,60,"low","mismatch",FALSE
21,"noticer_mov1",1293,2227,"fast","Femme","Moins de 18 ans","NON","1",NA,NA,17,NA,16,47,NA,NA,NA,NA,NA,NA,"Non",0.9375,NA,NA,NA,NA,NA,NA,NA,NA,NA,60,"low","mismatch",FALSE
21,"noticer_mov1",1296,1850,"fast","Femme","Moins de 18 ans","NON","2",NA,NA,9,NA,17,43,NA,NA,NA,NA,NA,NA,"Non",0.529411764705882,NA,NA,NA,NA,NA,NA,NA,NA,NA,60,"low","mismatch",FALSE
21,"noticer_mov1",1299,1334,"fast","Femme","Moins de 18 ans","NON","3",NA,NA,15,NA,15,41,1,"OUI","right_to_left",97,"fast",47,"Non",1,"OUI","NON","NON",NA,NA,NA,NA,NA,NA,60,"low","mismatch",FALSE
21,"noticer_mov1",1307,1386,"fast","Femme","Moins de 18 ans","NON","4",NA,NA,17,NA,19,45,NA,"OUI","right_to_left",100,"fast",100,"Non",0.894736842105263,NA,NA,NA,NA,NA,NA,NA,NA,NA,60,"low","mismatch",FALSE
21,"noticer_mov1",1316,5234,"fast","Femme","Moins de 18 ans","NON","5",NA,NA,NA,NA,19,42,NA,"NON","random",45,"fast",79,"Non",NA,NA,NA,NA,NA,NA,NA,NA,NA,NA,60,"low","mismatch",FALSE
22,"noticer_speed1",1334,6820,"slow","Femme","51 ans et plus","OUI","0.1",11,NA,16,55,NA,NA,NA,NA,NA,NA,NA,NA,NA,NA,NA,NA,NA,NA,NA,NA,NA,NA,NA,60,"low","match",FALSE
22,"noticer_speed1",1338,4508,"slow","Femme","51 ans et plus","OUI","0.2",11,NA,12,91,NA,NA,NA,NA,NA,NA,NA,NA,NA,NA,NA,NA,NA,NA,NA,NA,NA,NA,NA,60,"low","match",FALSE
22,"noticer_speed1",1342,3884,"slow","Femme","51 ans et plus","OUI","0.3",12,NA,11,92,NA,NA,NA,NA,NA,NA,NA,NA,NA,NA,NA,NA,NA,NA,NA,NA,NA,NA,NA,60,"low","match",FALSE
22,"noticer_speed1",1345,1816,"slow","Femme","51 ans et plus","NON","1",NA,NA,12,NA,17,42,NA,NA,NA,NA,NA,NA,NA,0.705882352941176,NA,NA,NA,NA,NA,NA,NA,NA,NA,60,"low","match",FALSE
22,"noticer_speed1",1348,7110,"slow","Femme","51 ans et plus","NON","2",NA,NA,12,NA,19,46,NA,NA,NA,NA,NA,NA,NA,0.631578947368421,NA,NA,NA,NA,NA,NA,NA,NA,NA,60,"low","match",FALSE
22,"noticer_speed1",1351,1594,"slow","Femme","51 ans et plus","NON","3",NA,NA,11,NA,19,42,1,"OUI","diagonal",43,"slow",47,NA,0.578947368421053,"NON","OUI","NON",NA,NA,NA,NA,NA,NA,60,"low","match",FALSE
22,"noticer_speed1",1359,1265,"slow","Femme","51 ans et plus","NON","4",NA,NA,10,NA,19,48,NA,"OUI","diagonal",66,"slow",60,NA,0.526315789473684,NA,NA,NA,NA,NA,NA,NA,NA,NA,60,"low","match",FALSE
22,"noticer_speed1",1368,7546,"slow","Femme","51 ans et plus","NON","5",NA,NA,NA,NA,17,44,NA,"OUI","random",87,"very_fast",82,NA,NA,NA,NA,NA,NA,NA,NA,NA,NA,NA,60,"low","match",FALSE
23,"NO",1384,14160,"slow","Femme","36-50 ans","OUI","0.1",12,NA,16,67,NA,NA,NA,NA,NA,NA,NA,NA,"Non",NA,NA,NA,NA,NA,NA,NA,NA,NA,NA,61,"low","match",FALSE
23,"NO",1388,4460,"slow","Femme","36-50 ans","OUI","0.2",11,NA,18,36,NA,NA,NA,NA,NA,NA,NA,NA,"Non",NA,NA,NA,NA,NA,NA,NA,NA,NA,NA,61,"low","match",FALSE
23,"NO",1392,3815,"slow","Femme","36-50 ans","OUI","0.3",14,NA,9,64,NA,NA,NA,NA,NA,NA,NA,NA,"Non",NA,NA,NA,NA,NA,NA,NA,NA,NA,NA,61,"low","match",FALSE
23,"NO",1396,11126,"slow","Femme","36-50 ans","OUI","0.4",12,NA,9,75,NA,NA,NA,NA,NA,NA,NA,NA,"Non",NA,NA,NA,NA,NA,NA,NA,NA,NA,NA,61,"low","match",FALSE
23,"NO",1400,3491,"slow","Femme","36-50 ans","OUI","0.5",13,NA,9,69,NA,NA,NA,NA,NA,NA,NA,NA,"Non",NA,NA,NA,NA,NA,NA,NA,NA,NA,NA,61,"low","match",FALSE
23,"NO",1404,3549,"slow","Femme","36-50 ans","OUI","0.6",12,NA,12,100,NA,NA,NA,NA,NA,NA,NA,NA,"Non",NA,NA,NA,NA,NA,NA,NA,NA,NA,NA,61,"low","match",FALSE
23,"NO",1408,3280,"slow","Femme","36-50 ans","OUI","0.7",12,NA,13,92,NA,NA,NA,NA,NA,NA,NA,NA,"Non",NA,NA,NA,NA,NA,NA,NA,NA,NA,NA,61,"low","match",FALSE
23,"NO",1411,18149,"slow","Femme","36-50 ans","NON","1",NA,NA,18,NA,20,44,NA,NA,NA,NA,NA,NA,"Non",0.9,NA,NA,NA,NA,NA,NA,NA,NA,NA,61,"low","match",FALSE
23,"NO",1414,3311,"slow","Femme","36-50 ans","NON","2",NA,NA,13,NA,17,40,NA,NA,NA,NA,NA,NA,"Non",0.764705882352941,NA,NA,NA,NA,NA,NA,NA,NA,NA,61,"low","match",FALSE
23,"NO",1417,2038,"slow","Femme","36-50 ans","NON","3",NA,NA,13,NA,19,43,1,"OUI","diagonal",17,"fast",21,"Non",0.684210526315789,"NON","NON","NON",NA,NA,NA,NA,NA,NA,61,"low","match",FALSE
23,"NO",1425,2798,"slow","Femme","36-50 ans","NON","4",NA,NA,11,NA,15,45,NA,"NON","random",21,"very_fast",19,"Non",0.733333333333333,NA,NA,NA,NA,NA,NA,NA,NA,NA,61,"low","match",FALSE
23,"NO",1434,4910,"slow","Femme","36-50 ans","NON","5",NA,NA,NA,NA,17,45,NA,"NON","diagonal",17,"fast",15,"Non",NA,NA,NA,NA,NA,NA,NA,NA,NA,NA,61,"low","match",FALSE
24,"NO",1451,9650,"fast","Homme","36-50 ans","OUI","0.1",12,NA,11,92,NA,NA,NA,NA,NA,NA,NA,NA,"Non",NA,NA,NA,NA,NA,NA,NA,NA,NA,NA,61,"low","mismatch",FALSE
24,"NO",1455,4531,"fast","Homme","36-50 ans","OUI","0.2",12,NA,14,83,NA,NA,NA,NA,NA,NA,NA,NA,"Non",NA,NA,NA,NA,NA,NA,NA,NA,NA,NA,61,"low","mismatch",FALSE
24,"NO",1458,1426,"fast","Homme","36-50 ans","NON","1",NA,NA,15,NA,18,46,NA,NA,NA,NA,NA,NA,"Non",0.833333333333333,NA,NA,NA,NA,NA,NA,NA,NA,NA,61,"low","mismatch",FALSE
24,"NO",1461,4882,"fast","Homme","36-50 ans","NON","2",NA,NA,16,NA,18,47,NA,NA,NA,NA,NA,NA,"Non",0.888888888888889,NA,NA,NA,NA,NA,NA,NA,NA,NA,61,"low","mismatch",FALSE
24,"NO",1464,3050,"fast","Homme","36-50 ans","NON","3",NA,NA,17,NA,17,46,1,"NON",NA,NA,NA,NA,"Non",1,"NON","NON","NON",NA,NA,NA,NA,NA,NA,61,"low","mismatch",FALSE
24,"NO",1468,1973,"fast","Homme","36-50 ans","NON","3",NA,NA,17,NA,20,35,2,"NON",NA,NA,NA,NA,"Non",0.85,NA,NA,NA,"NON","NON","NON",NA,NA,NA,61,"low","mismatch",FALSE
24,"NO",1472,1175,"fast","Homme","36-50 ans","NON","3",NA,NA,18,NA,19,41,3,"OUI","diagonal",36,"fast",40,"Non",0.947368421052632,NA,NA,NA,NA,NA,NA,"NON","NON","NON",61,"low","mismatch",FALSE
24,"NO",1480,5755,"fast","Homme","36-50 ans","NON","4",NA,NA,16,NA,18,47,NA,"NON","diagonal",50,"fast",50,"Non",0.888888888888889,NA,NA,NA,NA,NA,NA,NA,NA,NA,61,"low","mismatch",FALSE
24,"NO",1489,4370,"fast","Homme","36-50 ans","NON","5",NA,NA,NA,NA,19,48,NA,"OUI","diagonal",50,"very_fast",50,"Non",NA,NA,NA,NA,NA,NA,NA,NA,NA,NA,61,"low","mismatch",FALSE
25,"NO",1506,11785,"fast","Femme","Moins de 18 ans","OUI","0.1",12,NA,7,58,NA,NA,NA,NA,NA,NA,NA,NA,"Non",NA,NA,NA,NA,NA,NA,NA,NA,NA,NA,60,"low","mismatch",FALSE
25,"NO",1510,4543,"fast","Femme","Moins de 18 ans","OUI","0.2",12,NA,9,75,NA,NA,NA,NA,NA,NA,NA,NA,"Non",NA,NA,NA,NA,NA,NA,NA,NA,NA,NA,60,"low","mismatch",FALSE
25,"NO",1514,4632,"fast","Femme","Moins de 18 ans","OUI","0.3",12,NA,10,83,NA,NA,NA,NA,NA,NA,NA,NA,"Non",NA,NA,NA,NA,NA,NA,NA,NA,NA,NA,60,"low","mismatch",FALSE
25,"NO",1518,4487,"fast","Femme","Moins de 18 ans","OUI","0.4",10,NA,9,90,NA,NA,NA,NA,NA,NA,NA,NA,"Non",NA,NA,NA,NA,NA,NA,NA,NA,NA,NA,60,"low","mismatch",FALSE
25,"NO",1521,1663,"fast","Femme","Moins de 18 ans","NON","1",NA,NA,16,NA,18,47,NA,NA,NA,NA,NA,NA,"Non",0.888888888888889,NA,NA,NA,NA,NA,NA,NA,NA,NA,60,"low","mismatch",FALSE
25,"NO",1524,1984,"fast","Femme","Moins de 18 ans","NON","2",NA,NA,13,NA,18,45,NA,NA,NA,NA,NA,NA,"Non",0.722222222222222,NA,NA,NA,NA,NA,NA,NA,NA,NA,60,"low","mismatch",FALSE
25,"NO",1527,2787,"fast","Femme","Moins de 18 ans","NON","3",NA,NA,14,NA,17,44,1,"NON",NA,NA,NA,NA,"Non",0.823529411764706,"NON","NON","NON",NA,NA,NA,NA,NA,NA,60,"low","mismatch",FALSE
25,"NO",1531,2184,"fast","Femme","Moins de 18 ans","NON","3",NA,NA,8,NA,19,49,2,"NON",NA,NA,NA,NA,"Non",0.421052631578947,NA,NA,NA,"NON","NON","NON",NA,NA,NA,60,"low","mismatch",FALSE
25,"NO",1535,1982,"fast","Femme","Moins de 18 ans","NON","3",NA,NA,14,NA,19,43,3,"NON",NA,NA,NA,NA,"Non",0.736842105263158,NA,NA,NA,NA,NA,NA,"NON","NON","NON",60,"low","mismatch",FALSE
25,"NO",1539,3434,"fast","Femme","Moins de 18 ans","NON","4",NA,NA,16,NA,18,44,NA,"NON","diagonal",22,"fast",27,"Non",0.888888888888889,NA,NA,NA,NA,NA,NA,NA,NA,NA,60,"low","mismatch",FALSE
25,"NO",1548,5979,"fast","Femme","Moins de 18 ans","NON","5",NA,NA,NA,NA,17,46,NA,"OUI","right_to_left",77,"slow",39,"Non",NA,NA,NA,NA,NA,NA,NA,NA,NA,NA,60,"low","mismatch",FALSE
26,"NO",1565,3878,"fast","Homme","36-50 ans","OUI","0.1",13,NA,12,92,NA,NA,NA,NA,NA,NA,NA,NA,"Non",NA,NA,NA,NA,NA,NA,NA,NA,NA,NA,61,"low","mismatch",TRUE
26,"NO",1569,3003,"fast","Homme","36-50 ans","OUI","0.2",11,NA,11,100,NA,NA,NA,NA,NA,NA,NA,NA,"Non",NA,NA,NA,NA,NA,NA,NA,NA,NA,NA,61,"low","mismatch",TRUE
26,"NO",1572,1052,"fast","Homme","36-50 ans","NON","1",NA,NA,18,NA,18,45,NA,NA,NA,NA,NA,NA,"Non",1,NA,NA,NA,NA,NA,NA,NA,NA,NA,61,"low","mismatch",TRUE
26,"NO",1575,3076,"fast","Homme","36-50 ans","NON","2",NA,NA,17,NA,17,47,NA,NA,NA,NA,NA,NA,"Non",1,NA,NA,NA,NA,NA,NA,NA,NA,NA,61,"low","mismatch",TRUE
26,"NO",1578,1032,"fast","Homme","36-50 ans","NON","3",NA,NA,15,NA,17,45,1,"NON",NA,NA,NA,NA,"Non",0.882352941176471,"NON","NON","NON",NA,NA,NA,NA,NA,NA,61,"low","mismatch",TRUE
26,"NO",1582,883,"fast","Homme","36-50 ans","NON","3",NA,NA,15,NA,18,48,2,"NON",NA,NA,NA,NA,"Non",0.833333333333333,NA,NA,NA,"NON","NON","NON",NA,NA,NA,61,"low","mismatch",TRUE
26,"NO",1586,909,"fast","Homme","36-50 ans","NON","3",NA,NA,16,NA,17,49,3,"NON",NA,NA,NA,NA,"Non",0.941176470588235,NA,NA,NA,NA,NA,NA,"NON","NON","NON",61,"low","mismatch",TRUE
26,"NO",1590,907,"fast","Homme","36-50 ans","NON","4",NA,NA,18,NA,19,46,NA,"NON","vertical",15,"very_fast",21,"Non",0.947368421052632,NA,NA,NA,NA,NA,NA,NA,NA,NA,61,"low","mismatch",TRUE
26,"NO",1599,4117,"fast","Homme","36-50 ans","NON","5",NA,NA,NA,NA,18,49,NA,"OUI","right_to_left",100,"fast",56,"Non",NA,NA,NA,NA,NA,NA,NA,NA,NA,NA,61,"low","mismatch",TRUE
27,"NO",1616,5571,"fast","Femme","36-50 ans","OUI","0.1",12,NA,8,67,NA,NA,NA,NA,NA,NA,NA,NA,"Non",NA,NA,NA,NA,NA,NA,NA,NA,NA,NA,60,"low","mismatch",FALSE
27,"NO",1620,3180,"fast","Femme","36-50 ans","OUI","0.2",10,NA,9,90,NA,NA,NA,NA,NA,NA,NA,NA,"Non",NA,NA,NA,NA,NA,NA,NA,NA,NA,NA,60,"low","mismatch",FALSE
27,"NO",1624,4974,"fast","Femme","36-50 ans","OUI","0.3",12,NA,12,100,NA,NA,NA,NA,NA,NA,NA,NA,"Non",NA,NA,NA,NA,NA,NA,NA,NA,NA,NA,60,"low","mismatch",FALSE
27,"NO",1627,1591,"fast","Femme","36-50 ans","NON","1",NA,NA,17,NA,18,39,NA,NA,NA,NA,NA,NA,"Non",0.944444444444444,NA,NA,NA,NA,NA,NA,NA,NA,NA,60,"low","mismatch",FALSE
27,"NO",1630,2891,"fast","Femme","36-50 ans","NON","2",NA,NA,16,NA,18,42,NA,NA,NA,NA,NA,NA,"Non",0.888888888888889,NA,NA,NA,NA,NA,NA,NA,NA,NA,60,"low","mismatch",FALSE
27,"NO",1633,3164,"fast","Femme","36-50 ans","NON","3",NA,NA,17,NA,16,45,1,"NON",NA,NA,NA,NA,"Non",0.9375,"NON","NON","NON",NA,NA,NA,NA,NA,NA,60,"low","mismatch",FALSE
27,"NO",1637,2415,"fast","Femme","36-50 ans","NON","3",NA,NA,15,NA,17,42,2,"OUI","diagonal",9,"fast",6,"Non",0.882352941176471,NA,NA,NA,"NON","NON","NON",NA,NA,NA,60,"low","mismatch",FALSE
27,"NO",1645,1501,"fast","Femme","36-50 ans","NON","4",NA,NA,18,NA,18,48,NA,"NON","vertical",0,"fast",0,"Non",1,NA,NA,NA,NA,NA,NA,NA,NA,NA,60,"low","mismatch",FALSE
27,"NO",1654,5027,"fast","Femme","36-50 ans","NON","5",NA,NA,NA,NA,18,42,NA,"OUI","vertical",66,"very_fast",64,"Non",NA,NA,NA,NA,NA,NA,NA,NA,NA,NA,60,"low","mismatch",FALSE
28,"NO",1671,4168,"slow","Femme","36-50 ans","OUI","0.1",12,NA,5,42,NA,NA,NA,NA,NA,NA,NA,NA,"Non",NA,NA,NA,NA,NA,NA,NA,NA,NA,NA,60,"low","match",FALSE
28,"NO",1707,1197,"slow","Femme","36-50 ans","OUI","0.10",12,NA,7,58,NA,NA,NA,NA,NA,NA,NA,NA,"Non",NA,NA,NA,NA,NA,NA,NA,NA,NA,NA,60,"low","match",FALSE
28,"NO",1711,1779,"slow","Femme","36-50 ans","OUI","0.11",12,NA,8,67,NA,NA,NA,NA,NA,NA,NA,NA,"Non",NA,NA,NA,NA,NA,NA,NA,NA,NA,NA,60,"low","match",FALSE
28,"NO",1715,2611,"slow","Femme","36-50 ans","OUI","0.12",11,NA,6,55,NA,NA,NA,NA,NA,NA,NA,NA,"Non",NA,NA,NA,NA,NA,NA,NA,NA,NA,NA,60,"low","match",FALSE
28,"NO",1719,6003,"slow","Femme","36-50 ans","OUI","0.13",13,NA,10,77,NA,NA,NA,NA,NA,NA,NA,NA,"Non",NA,NA,NA,NA,NA,NA,NA,NA,NA,NA,60,"low","match",FALSE
28,"NO",1723,2795,"slow","Femme","36-50 ans","OUI","0.14",12,NA,13,92,NA,NA,NA,NA,NA,NA,NA,NA,"Non",NA,NA,NA,NA,NA,NA,NA,NA,NA,NA,60,"low","match",FALSE
28,"NO",1727,6948,"slow","Femme","36-50 ans","OUI","0.15",12,NA,11,92,NA,NA,NA,NA,NA,NA,NA,NA,"Non",NA,NA,NA,NA,NA,NA,NA,NA,NA,NA,60,"low","match",FALSE
28,"NO",1675,3965,"slow","Femme","36-50 ans","OUI","0.2",12,NA,5,42,NA,NA,NA,NA,NA,NA,NA,NA,"Non",NA,NA,NA,NA,NA,NA,NA,NA,NA,NA,60,"low","match",FALSE
28,"NO",1679,10717,"slow","Femme","36-50 ans","OUI","0.3",14,NA,5,36,NA,NA,NA,NA,NA,NA,NA,NA,"Non",NA,NA,NA,NA,NA,NA,NA,NA,NA,NA,60,"low","match",FALSE
28,"NO",1683,5853,"slow","Femme","36-50 ans","OUI","0.4",11,NA,8,73,NA,NA,NA,NA,NA,NA,NA,NA,"Non",NA,NA,NA,NA,NA,NA,NA,NA,NA,NA,60,"low","match",FALSE
28,"NO",1687,2306,"slow","Femme","36-50 ans","OUI","0.5",12,NA,8,67,NA,NA,NA,NA,NA,NA,NA,NA,"Non",NA,NA,NA,NA,NA,NA,NA,NA,NA,NA,60,"low","match",FALSE
28,"NO",1691,2219,"slow","Femme","36-50 ans","OUI","0.6",11,NA,4,36,NA,NA,NA,NA,NA,NA,NA,NA,"Non",NA,NA,NA,NA,NA,NA,NA,NA,NA,NA,60,"low","match",FALSE
28,"NO",1695,4539,"slow","Femme","36-50 ans","OUI","0.7",13,NA,2,15,NA,NA,NA,NA,NA,NA,NA,NA,"Non",NA,NA,NA,NA,NA,NA,NA,NA,NA,NA,60,"low","match",FALSE
28,"NO",1699,1508,"slow","Femme","36-50 ans","OUI","0.8",13,NA,5,38,NA,NA,NA,NA,NA,NA,NA,NA,"Non",NA,NA,NA,NA,NA,NA,NA,NA,NA,NA,60,"low","match",FALSE
28,"NO",1703,1812,"slow","Femme","36-50 ans","OUI","0.9",12,NA,6,50,NA,NA,NA,NA,NA,NA,NA,NA,"Non",NA,NA,NA,NA,NA,NA,NA,NA,NA,NA,60,"low","match",FALSE
28,"NO",1730,1942,"slow","Femme","36-50 ans","NON","1",NA,NA,15,NA,17,41,NA,NA,NA,NA,NA,NA,"Non",0.882352941176471,NA,NA,NA,NA,NA,NA,NA,NA,NA,60,"low","match",FALSE
28,"NO",1733,3676,"slow","Femme","36-50 ans","NON","2",NA,NA,15,NA,17,43,NA,NA,NA,NA,NA,NA,"Non",0.882352941176471,NA,NA,NA,NA,NA,NA,NA,NA,NA,60,"low","match",FALSE
28,"NO",1736,3133,"slow","Femme","36-50 ans","NON","3",NA,NA,11,NA,16,42,1,"NON",NA,NA,NA,NA,"Non",0.6875,"NON","NON","NON",NA,NA,NA,NA,NA,NA,60,"low","match",FALSE
28,"NO",1740,2075,"slow","Femme","36-50 ans","NON","3",NA,NA,13,NA,17,41,2,"NON",NA,NA,NA,NA,"Non",0.764705882352941,NA,NA,NA,"NON","NON","NON",NA,NA,NA,60,"low","match",FALSE
28,"NO",1744,2032,"slow","Femme","36-50 ans","NON","3",NA,NA,13,NA,17,47,3,"OUI","vertical",100,"fast",64,"Non",0.764705882352941,NA,NA,NA,NA,NA,NA,"NON","NON","NON",60,"low","match",FALSE
28,"NO",1752,2267,"slow","Femme","36-50 ans","NON","4",NA,NA,10,NA,20,44,NA,"OUI","diagonal",58,"very_fast",54,"Non",0.5,NA,NA,NA,NA,NA,NA,NA,NA,NA,60,"low","match",FALSE
28,"NO",1761,6602,"slow","Femme","36-50 ans","NON","5",NA,NA,NA,NA,19,45,NA,"NON","diagonal",44,"very_fast",45,"Non",NA,NA,NA,NA,NA,NA,NA,NA,NA,NA,60,"low","match",FALSE
29,"noticer_mov2",1779,2178,"slow","Homme","36-50 ans","OUI","0.1",13,NA,14,92,NA,NA,NA,NA,NA,NA,NA,NA,"Non",NA,NA,NA,NA,NA,NA,NA,NA,NA,NA,60,"low","match",TRUE
29,"noticer_mov2",1783,1783,"slow","Homme","36-50 ans","OUI","0.2",12,NA,11,92,NA,NA,NA,NA,NA,NA,NA,NA,"Non",NA,NA,NA,NA,NA,NA,NA,NA,NA,NA,60,"low","match",TRUE
29,"noticer_mov2",1786,1092,"slow","Homme","36-50 ans","NON","1",NA,NA,16,NA,18,47,NA,NA,NA,NA,NA,NA,"Non",0.888888888888889,NA,NA,NA,NA,NA,NA,NA,NA,NA,60,"low","match",TRUE
29,"noticer_mov2",1789,3608,"slow","Homme","36-50 ans","NON","2",NA,NA,17,NA,19,46,NA,NA,NA,NA,NA,NA,"Non",0.894736842105263,NA,NA,NA,NA,NA,NA,NA,NA,NA,60,"low","match",TRUE
29,"noticer_mov2",1792,3370,"slow","Homme","36-50 ans","NON","3",NA,NA,18,NA,18,41,1,"NON",NA,NA,NA,NA,"Non",1,"NON","NON","NON",NA,NA,NA,NA,NA,NA,60,"low","match",TRUE
29,"noticer_mov2",1796,1229,"slow","Homme","36-50 ans","NON","3",NA,NA,15,NA,18,49,2,"OUI","right_to_left",80,"fast",77,"Non",0.833333333333333,NA,NA,NA,"OUI","NON","NON",NA,NA,NA,60,"low","match",TRUE
29,"noticer_mov2",1804,1009,"slow","Homme","36-50 ans","NON","4",NA,NA,18,NA,19,38,NA,"OUI","right_to_left",100,"fast",100,"Non",0.947368421052632,NA,NA,NA,NA,NA,NA,NA,NA,NA,60,"low","match",TRUE
29,"noticer_mov2",1813,5813,"slow","Homme","36-50 ans","NON","5",NA,NA,NA,NA,19,40,NA,"OUI","right_to_left",100,"slow",100,"Non",NA,NA,NA,NA,NA,NA,NA,NA,NA,NA,60,"low","match",TRUE
30,"noticer_mov3",1830,5176,"slow","Homme","18-25 ans","OUI","0.1",12,NA,10,83,NA,NA,NA,NA,NA,NA,NA,NA,"Oui",NA,NA,NA,NA,NA,NA,NA,NA,NA,NA,61,"low","match",TRUE
30,"noticer_mov3",1834,2458,"slow","Homme","18-25 ans","OUI","0.2",15,NA,14,93,NA,NA,NA,NA,NA,NA,NA,NA,"Oui",NA,NA,NA,NA,NA,NA,NA,NA,NA,NA,61,"low","match",TRUE
30,"noticer_mov3",1837,2339,"slow","Homme","18-25 ans","NON","1",NA,NA,20,NA,19,50,NA,NA,NA,NA,NA,NA,"Oui",0.947368421052632,NA,NA,NA,NA,NA,NA,NA,NA,NA,61,"low","match",TRUE
30,"noticer_mov3",1840,2428,"slow","Homme","18-25 ans","NON","2",NA,NA,15,NA,17,44,NA,NA,NA,NA,NA,NA,"Oui",0.882352941176471,NA,NA,NA,NA,NA,NA,NA,NA,NA,61,"low","match",TRUE
30,"noticer_mov3",1843,5176,"slow","Homme","18-25 ans","NON","3",NA,NA,17,NA,18,43,1,"NON",NA,NA,NA,NA,"Oui",0.944444444444444,"NON","NON","NON",NA,NA,NA,NA,NA,NA,61,"low","match",TRUE
30,"noticer_mov3",1847,1398,"slow","Homme","18-25 ans","NON","3",NA,NA,18,NA,18,40,2,"NON",NA,NA,NA,NA,"Oui",1,NA,NA,NA,"NON","NON","NON",NA,NA,NA,61,"low","match",TRUE
30,"noticer_mov3",1851,4292,"slow","Homme","18-25 ans","NON","3",NA,NA,16,NA,18,44,3,"OUI","right_to_left",100,"fast",65,"Oui",0.888888888888889,NA,NA,NA,NA,NA,NA,"OUI","NON","NON",61,"low","match",TRUE
30,"noticer_mov3",1859,1373,"slow","Homme","18-25 ans","NON","4",NA,NA,19,NA,19,45,NA,"NON","diagonal",1,"very_fast",0,"Oui",1,NA,NA,NA,NA,NA,NA,NA,NA,NA,61,"low","match",TRUE
30,"noticer_mov3",1868,3344,"slow","Homme","18-25 ans","NON","5",NA,NA,NA,NA,19,48,NA,"OUI","right_to_left",100,"slow",71,"Oui",NA,NA,NA,NA,NA,NA,NA,NA,NA,NA,61,"low","match",TRUE
31,"NO",1886,35835,"fast","Femme","18-25 ans","OUI","0.1",11,NA,26,0,NA,NA,NA,NA,NA,NA,NA,NA,"Oui",NA,NA,NA,NA,NA,NA,NA,NA,NA,NA,60,"low","mismatch",FALSE
31,"NO",1890,5425,"fast","Femme","18-25 ans","OUI","0.2",11,NA,12,91,NA,NA,NA,NA,NA,NA,NA,NA,"Oui",NA,NA,NA,NA,NA,NA,NA,NA,NA,NA,60,"low","mismatch",FALSE
31,"NO",1894,8227,"fast","Femme","18-25 ans","OUI","0.3",12,NA,10,83,NA,NA,NA,NA,NA,NA,NA,NA,"Oui",NA,NA,NA,NA,NA,NA,NA,NA,NA,NA,60,"low","mismatch",FALSE
31,"NO",1897,1333,"fast","Femme","18-25 ans","NON","1",NA,NA,16,NA,17,45,NA,NA,NA,NA,NA,NA,"Oui",0.941176470588235,NA,NA,NA,NA,NA,NA,NA,NA,NA,60,"low","mismatch",FALSE
31,"NO",1900,5985,"fast","Femme","18-25 ans","NON","2",NA,NA,14,NA,17,43,NA,NA,NA,NA,NA,NA,"Oui",0.823529411764706,NA,NA,NA,NA,NA,NA,NA,NA,NA,60,"low","mismatch",FALSE
31,"NO",1903,1418,"fast","Femme","18-25 ans","NON","3",NA,NA,15,NA,18,45,1,"OUI","random",22,"fast",19,"Oui",0.833333333333333,"NON","NON","NON",NA,NA,NA,NA,NA,NA,60,"low","mismatch",FALSE
31,"NO",1911,1202,"fast","Femme","18-25 ans","NON","4",NA,NA,14,NA,17,41,NA,"NON","diagonal",34,"very_fast",1,"Oui",0.823529411764706,NA,NA,NA,NA,NA,NA,NA,NA,NA,60,"low","mismatch",FALSE
31,"NO",1920,4135,"fast","Femme","18-25 ans","NON","5",NA,NA,NA,NA,18,46,NA,"NON","right_to_left",2,"very_fast",1,"Oui",NA,NA,NA,NA,NA,NA,NA,NA,NA,NA,60,"low","mismatch",FALSE
32,"NO",1937,3794,"fast","Homme","18-25 ans","OUI","0.1",11,NA,11,100,NA,NA,NA,NA,NA,NA,NA,NA,"Non",NA,NA,NA,NA,NA,NA,NA,NA,NA,NA,60,"low","mismatch",TRUE
32,"NO",1941,6284,"fast","Homme","18-25 ans","OUI","0.2",14,NA,13,93,NA,NA,NA,NA,NA,NA,NA,NA,"Non",NA,NA,NA,NA,NA,NA,NA,NA,NA,NA,60,"low","mismatch",TRUE
32,"NO",1944,1256,"fast","Homme","18-25 ans","NON","1",NA,NA,17,NA,17,46,NA,NA,NA,NA,NA,NA,"Non",1,NA,NA,NA,NA,NA,NA,NA,NA,NA,60,"low","mismatch",TRUE
32,"NO",1947,4019,"fast","Homme","18-25 ans","NON","2",NA,NA,19,NA,19,47,NA,NA,NA,NA,NA,NA,"Non",1,NA,NA,NA,NA,NA,NA,NA,NA,NA,60,"low","mismatch",TRUE
32,"NO",1950,3480,"fast","Homme","18-25 ans","NON","3",NA,NA,17,NA,18,48,1,"NON",NA,NA,NA,NA,"Non",0.944444444444444,"NON","NON","NON",NA,NA,NA,NA,NA,NA,60,"low","mismatch",TRUE
32,"NO",1954,7237,"fast","Homme","18-25 ans","NON","3",NA,NA,17,NA,17,46,2,"OUI","diagonal",5,"very_fast",10,"Non",1,NA,NA,NA,"NON","NON","NON",NA,NA,NA,60,"low","mismatch",TRUE
32,"NO",1962,2241,"fast","Homme","18-25 ans","NON","4",NA,NA,20,NA,20,44,NA,"NON","random",0,"very_fast",0,"Non",1,NA,NA,NA,NA,NA,NA,NA,NA,NA,60,"low","mismatch",TRUE
32,"NO",1971,5078,"fast","Homme","18-25 ans","NON","5",NA,NA,NA,NA,18,48,NA,"OUI","right_to_left",100,"fast",65,"Non",NA,NA,NA,NA,NA,NA,NA,NA,NA,NA,60,"low","mismatch",TRUE
33,"noticer_mov1",1989,5915,"fast","Homme","51 ans et plus","OUI","0.1",12,NA,7,58,NA,NA,NA,NA,NA,NA,NA,NA,"Non",NA,NA,NA,NA,NA,NA,NA,NA,NA,NA,60,"low","mismatch",TRUE
33,"noticer_mov1",1993,12869,"fast","Homme","51 ans et plus","OUI","0.2",11,NA,11,100,NA,NA,NA,NA,NA,NA,NA,NA,"Non",NA,NA,NA,NA,NA,NA,NA,NA,NA,NA,60,"low","mismatch",TRUE
33,"noticer_mov1",1997,5153,"fast","Homme","51 ans et plus","OUI","0.3",14,NA,11,79,NA,NA,NA,NA,NA,NA,NA,NA,"Non",NA,NA,NA,NA,NA,NA,NA,NA,NA,NA,60,"low","mismatch",TRUE
33,"noticer_mov1",2001,6564,"fast","Homme","51 ans et plus","OUI","0.4",11,NA,11,100,NA,NA,NA,NA,NA,NA,NA,NA,"Non",NA,NA,NA,NA,NA,NA,NA,NA,NA,NA,60,"low","mismatch",TRUE
33,"noticer_mov1",2005,4659,"fast","Homme","51 ans et plus","OUI","0.5",10,NA,8,80,NA,NA,NA,NA,NA,NA,NA,NA,"Non",NA,NA,NA,NA,NA,NA,NA,NA,NA,NA,60,"low","mismatch",TRUE
33,"noticer_mov1",2008,6102,"fast","Homme","51 ans et plus","NON","1",NA,NA,16,NA,18,46,NA,NA,NA,NA,NA,NA,"Non",0.888888888888889,NA,NA,NA,NA,NA,NA,NA,NA,NA,60,"low","mismatch",TRUE
33,"noticer_mov1",2011,2371,"fast","Homme","51 ans et plus","NON","2",NA,NA,15,NA,19,46,NA,NA,NA,NA,NA,NA,"Non",0.789473684210526,NA,NA,NA,NA,NA,NA,NA,NA,NA,60,"low","mismatch",TRUE
33,"noticer_mov1",2014,2108,"fast","Homme","51 ans et plus","NON","3",NA,NA,18,NA,20,47,1,"OUI","right_to_left",27,"fast",65,"Non",0.9,"OUI","NON","NON",NA,NA,NA,NA,NA,NA,60,"low","mismatch",TRUE
33,"noticer_mov1",2022,2258,"fast","Homme","51 ans et plus","NON","4",NA,NA,17,NA,19,45,NA,"NON","diagonal",59,"very_fast",58,"Non",0.894736842105263,NA,NA,NA,NA,NA,NA,NA,NA,NA,60,"low","mismatch",TRUE
33,"noticer_mov1",2031,5036,"fast","Homme","51 ans et plus","NON","5",NA,NA,NA,NA,16,43,NA,"OUI","right_to_left",100,"fast",99,"Non",NA,NA,NA,NA,NA,NA,NA,NA,NA,NA,60,"low","mismatch",TRUE
34,"noticer_mov2",2049,6507,"slow","Homme","51 ans et plus","OUI","0.1",11,NA,6,55,NA,NA,NA,NA,NA,NA,NA,NA,"Non",NA,NA,NA,NA,NA,NA,NA,NA,NA,NA,61,"low","match",TRUE
34,"noticer_mov2",2053,3372,"slow","Homme","51 ans et plus","OUI","0.2",11,NA,10,91,NA,NA,NA,NA,NA,NA,NA,NA,"Non",NA,NA,NA,NA,NA,NA,NA,NA,NA,NA,61,"low","match",TRUE
34,"noticer_mov2",2057,3169,"slow","Homme","51 ans et plus","OUI","0.3",12,NA,12,100,NA,NA,NA,NA,NA,NA,NA,NA,"Non",NA,NA,NA,NA,NA,NA,NA,NA,NA,NA,61,"low","match",TRUE
34,"noticer_mov2",2060,2012,"slow","Homme","51 ans et plus","NON","1",NA,NA,16,NA,20,42,NA,NA,NA,NA,NA,NA,"Non",0.8,NA,NA,NA,NA,NA,NA,NA,NA,NA,61,"low","match",TRUE
34,"noticer_mov2",2063,1771,"slow","Homme","51 ans et plus","NON","2",NA,NA,18,NA,20,35,NA,NA,NA,NA,NA,NA,"Non",0.9,NA,NA,NA,NA,NA,NA,NA,NA,NA,61,"low","match",TRUE
34,"noticer_mov2",2066,1731,"slow","Homme","51 ans et plus","NON","3",NA,NA,17,NA,20,44,1,"NON",NA,NA,NA,NA,"Non",0.85,"NON","NON","NON",NA,NA,NA,NA,NA,NA,61,"low","match",TRUE
34,"noticer_mov2",2070,1827,"slow","Homme","51 ans et plus","NON","3",NA,NA,16,NA,18,44,2,"OUI","right_to_left",47,"fast",49,"Non",0.888888888888889,NA,NA,NA,"OUI","NON","NON",NA,NA,NA,61,"low","match",TRUE
34,"noticer_mov2",2078,1391,"slow","Homme","51 ans et plus","NON","4",NA,NA,17,NA,20,40,NA,"OUI","right_to_left",49,"very_fast",43,"Non",0.85,NA,NA,NA,NA,NA,NA,NA,NA,NA,61,"low","match",TRUE
34,"noticer_mov2",2087,5013,"slow","Homme","51 ans et plus","NON","5",NA,NA,NA,NA,17,45,NA,"OUI","right_to_left",46,"slow",47,"Non",NA,NA,NA,NA,NA,NA,NA,NA,NA,NA,61,"low","match",TRUE
35,"noticer_speed1",2105,9344,"slow","Homme","18-25 ans","OUI","0.1",13,NA,12,92,NA,NA,NA,NA,NA,NA,NA,NA,"Non",NA,NA,NA,NA,NA,NA,NA,NA,NA,NA,61,"low","match",FALSE
35,"noticer_speed1",2109,7730,"slow","Homme","18-25 ans","OUI","0.2",12,NA,9,75,NA,NA,NA,NA,NA,NA,NA,NA,"Non",NA,NA,NA,NA,NA,NA,NA,NA,NA,NA,61,"low","match",FALSE
35,"noticer_speed1",2113,3664,"slow","Homme","18-25 ans","OUI","0.3",12,NA,12,100,NA,NA,NA,NA,NA,NA,NA,NA,"Non",NA,NA,NA,NA,NA,NA,NA,NA,NA,NA,61,"low","match",FALSE
35,"noticer_speed1",2117,3514,"slow","Homme","18-25 ans","OUI","0.4",11,NA,11,100,NA,NA,NA,NA,NA,NA,NA,NA,"Non",NA,NA,NA,NA,NA,NA,NA,NA,NA,NA,61,"low","match",FALSE
35,"noticer_speed1",2120,6833,"slow","Homme","18-25 ans","NON","1",NA,NA,15,NA,17,34,NA,NA,NA,NA,NA,NA,"Non",0.882352941176471,NA,NA,NA,NA,NA,NA,NA,NA,NA,61,"low","match",FALSE
35,"noticer_speed1",2123,4472,"slow","Homme","18-25 ans","NON","2",NA,NA,16,NA,17,42,NA,NA,NA,NA,NA,NA,"Non",0.941176470588235,NA,NA,NA,NA,NA,NA,NA,NA,NA,61,"low","match",FALSE
35,"noticer_speed1",2126,1656,"slow","Homme","18-25 ans","NON","3",NA,NA,19,NA,19,42,1,"OUI","vertical",80,"slow",9,"Non",1,"NON","OUI","NON",NA,NA,NA,NA,NA,NA,61,"low","match",FALSE
35,"noticer_speed1",2134,1664,"slow","Homme","18-25 ans","NON","4",NA,NA,19,NA,18,45,NA,"OUI","right_to_left",0,"fast",0,"Non",0.944444444444444,NA,NA,NA,NA,NA,NA,NA,NA,NA,61,"low","match",FALSE
35,"noticer_speed1",2143,5831,"slow","Homme","18-25 ans","NON","5",NA,NA,NA,NA,17,39,NA,"OUI","diagonal",50,"slow",65,"Non",NA,NA,NA,NA,NA,NA,NA,NA,NA,NA,61,"low","match",FALSE
36,"noticer_all1",2161,4923,"slow","Homme","18-25 ans","OUI","0.1",12,NA,14,83,NA,NA,NA,NA,NA,NA,NA,NA,"Non",NA,NA,NA,NA,NA,NA,NA,NA,NA,NA,60,"low","match",FALSE
36,"noticer_all1",2165,4032,"slow","Homme","18-25 ans","OUI","0.2",10,NA,10,100,NA,NA,NA,NA,NA,NA,NA,NA,"Non",NA,NA,NA,NA,NA,NA,NA,NA,NA,NA,60,"low","match",FALSE
36,"noticer_all1",2168,1572,"slow","Homme","18-25 ans","NON","1",NA,NA,16,NA,19,43,NA,NA,NA,NA,NA,NA,"Non",0.842105263157895,NA,NA,NA,NA,NA,NA,NA,NA,NA,60,"low","match",FALSE
36,"noticer_all1",2171,1088,"slow","Homme","18-25 ans","NON","2",NA,NA,17,NA,18,47,NA,NA,NA,NA,NA,NA,"Non",0.944444444444444,NA,NA,NA,NA,NA,NA,NA,NA,NA,60,"low","match",FALSE
36,"noticer_all1",2174,1192,"slow","Homme","18-25 ans","NON","3",NA,NA,17,NA,18,46,1,"OUI","right_to_left",96,"slow",55,"Non",0.944444444444444,"OUI","OUI","OUI",NA,NA,NA,NA,NA,NA,60,"low","match",FALSE
36,"noticer_all1",2182,1581,"slow","Homme","18-25 ans","NON","4",NA,NA,14,NA,19,39,NA,"OUI","random",43,"very_fast",41,"Non",0.736842105263158,NA,NA,NA,NA,NA,NA,NA,NA,NA,60,"low","match",FALSE
36,"noticer_all1",2191,4799,"slow","Homme","18-25 ans","NON","5",NA,NA,NA,NA,18,44,NA,"NON","vertical",0,"fast",50,"Non",NA,NA,NA,NA,NA,NA,NA,NA,NA,NA,60,"low","match",FALSE
37,"NO",2208,44361,"fast","Femme","18-25 ans","OUI","0.1",12,NA,20,33,NA,NA,NA,NA,NA,NA,NA,NA,"Non",NA,NA,NA,NA,NA,NA,NA,NA,NA,NA,60,"low","mismatch",FALSE
37,"NO",2212,4933,"fast","Femme","18-25 ans","OUI","0.2",13,NA,10,77,NA,NA,NA,NA,NA,NA,NA,NA,"Non",NA,NA,NA,NA,NA,NA,NA,NA,NA,NA,60,"low","mismatch",FALSE
37,"NO",2216,4479,"fast","Femme","18-25 ans","OUI","0.3",11,NA,9,82,NA,NA,NA,NA,NA,NA,NA,NA,"Non",NA,NA,NA,NA,NA,NA,NA,NA,NA,NA,60,"low","mismatch",FALSE
37,"NO",2220,3414,"fast","Femme","18-25 ans","OUI","0.4",12,NA,12,100,NA,NA,NA,NA,NA,NA,NA,NA,"Non",NA,NA,NA,NA,NA,NA,NA,NA,NA,NA,60,"low","mismatch",FALSE
37,"NO",2223,1767,"fast","Femme","18-25 ans","NON","1",NA,NA,13,NA,20,43,NA,NA,NA,NA,NA,NA,"Non",0.65,NA,NA,NA,NA,NA,NA,NA,NA,NA,60,"low","mismatch",FALSE
37,"NO",2226,3046,"fast","Femme","18-25 ans","NON","2",NA,NA,11,NA,19,41,NA,NA,NA,NA,NA,NA,"Non",0.578947368421053,NA,NA,NA,NA,NA,NA,NA,NA,NA,60,"low","mismatch",FALSE
37,"NO",2229,2050,"fast","Femme","18-25 ans","NON","3",NA,NA,11,NA,18,39,1,"NON",NA,NA,NA,NA,"Non",0.611111111111111,"NON","NON","NON",NA,NA,NA,NA,NA,NA,60,"low","mismatch",FALSE
37,"NO",2233,2244,"fast","Femme","18-25 ans","NON","3",NA,NA,13,NA,18,43,2,"NON",NA,NA,NA,NA,"Non",0.722222222222222,NA,NA,NA,"NON","NON","NON",NA,NA,NA,60,"low","mismatch",FALSE
37,"NO",2237,1733,"fast","Femme","18-25 ans","NON","3",NA,NA,7,NA,18,48,3,"OUI","diagonal",21,"fast",49,"Non",0.388888888888889,NA,NA,NA,NA,NA,NA,"NON","NON","NON",60,"low","mismatch",FALSE
37,"NO",2245,1879,"fast","Femme","18-25 ans","NON","4",NA,NA,10,NA,15,41,NA,"NON","right_to_left",36,"fast",37,"Non",0.666666666666667,NA,NA,NA,NA,NA,NA,NA,NA,NA,60,"low","mismatch",FALSE
37,"NO",2254,5816,"fast","Femme","18-25 ans","NON","5",NA,NA,NA,NA,18,46,NA,"NON","right_to_left",67,"fast",95,"Non",NA,NA,NA,NA,NA,NA,NA,NA,NA,NA,60,"low","mismatch",FALSE
38,"noticer_mov1",2272,3983,"slow","Femme","36-50 ans","OUI","0.1",13,NA,9,69,NA,NA,NA,NA,NA,NA,NA,NA,"Non",NA,NA,NA,NA,NA,NA,NA,NA,NA,NA,60,"low","match",FALSE
38,"noticer_mov1",2276,5069,"slow","Femme","36-50 ans","OUI","0.2",11,NA,11,100,NA,NA,NA,NA,NA,NA,NA,NA,"Non",NA,NA,NA,NA,NA,NA,NA,NA,NA,NA,60,"low","match",FALSE
38,"noticer_mov1",2280,3684,"slow","Femme","36-50 ans","OUI","0.3",12,NA,12,100,NA,NA,NA,NA,NA,NA,NA,NA,"Non",NA,NA,NA,NA,NA,NA,NA,NA,NA,NA,60,"low","match",FALSE
38,"noticer_mov1",2283,4433,"slow","Femme","36-50 ans","NON","1",NA,NA,22,NA,19,47,NA,NA,NA,NA,NA,NA,"Non",0.842105263157895,NA,NA,NA,NA,NA,NA,NA,NA,NA,60,"low","match",FALSE
38,"noticer_mov1",2286,1872,"slow","Femme","36-50 ans","NON","2",NA,NA,17,NA,17,46,NA,NA,NA,NA,NA,NA,"Non",1,NA,NA,NA,NA,NA,NA,NA,NA,NA,60,"low","match",FALSE
38,"noticer_mov1",2289,2086,"slow","Femme","36-50 ans","NON","3",NA,NA,14,NA,18,45,1,"OUI","right_to_left",70,"fast",19,"Non",0.777777777777778,"OUI","NON","NON",NA,NA,NA,NA,NA,NA,60,"low","match",FALSE
38,"noticer_mov1",2297,1492,"slow","Femme","36-50 ans","NON","4",NA,NA,17,NA,19,40,NA,"OUI","right_to_left",100,"slow",81,"Non",0.894736842105263,NA,NA,NA,NA,NA,NA,NA,NA,NA,60,"low","match",FALSE
38,"noticer_mov1",2306,5388,"slow","Femme","36-50 ans","NON","5",NA,NA,NA,NA,18,39,NA,"OUI","diagonal",20,"slow",16,"Non",NA,NA,NA,NA,NA,NA,NA,NA,NA,NA,60,"low","match",FALSE
39,"noticer_mov1",2324,8078,"slow","Homme","18-25 ans","OUI","0.1",13,NA,13,100,NA,NA,NA,NA,NA,NA,NA,NA,"Non",NA,NA,NA,NA,NA,NA,NA,NA,NA,NA,60,"low","match",TRUE
39,"noticer_mov1",2328,2456,"slow","Homme","18-25 ans","OUI","0.2",12,NA,11,92,NA,NA,NA,NA,NA,NA,NA,NA,"Non",NA,NA,NA,NA,NA,NA,NA,NA,NA,NA,60,"low","match",TRUE
39,"noticer_mov1",2331,1117,"slow","Homme","18-25 ans","NON","1",NA,NA,18,NA,18,48,NA,NA,NA,NA,NA,NA,"Non",1,NA,NA,NA,NA,NA,NA,NA,NA,NA,60,"low","match",TRUE
39,"noticer_mov1",2334,1013,"slow","Homme","18-25 ans","NON","2",NA,NA,14,NA,16,33,NA,NA,NA,NA,NA,NA,"Non",0.875,NA,NA,NA,NA,NA,NA,NA,NA,NA,60,"low","match",TRUE
39,"noticer_mov1",2337,1002,"slow","Homme","18-25 ans","NON","3",NA,NA,20,NA,19,40,1,"OUI","right_to_left",75,"very_fast",55,"Non",0.947368421052632,"OUI","NON","NON",NA,NA,NA,NA,NA,NA,60,"low","match",TRUE
39,"noticer_mov1",2345,1031,"slow","Homme","18-25 ans","NON","4",NA,NA,16,NA,17,46,NA,"NON","vertical",32,"slow",23,"Non",0.941176470588235,NA,NA,NA,NA,NA,NA,NA,NA,NA,60,"low","match",TRUE
39,"noticer_mov1",2354,4115,"slow","Homme","18-25 ans","NON","5",NA,NA,NA,NA,16,38,NA,"OUI","right_to_left",100,"slow",100,"Non",NA,NA,NA,NA,NA,NA,NA,NA,NA,NA,60,"low","match",TRUE
40,"NO",2372,18209,"slow","Femme","36-50 ans","OUI","0.1",11,NA,9,82,NA,NA,NA,NA,NA,NA,NA,NA,"Non",NA,NA,NA,NA,NA,NA,NA,NA,NA,NA,60,"low","match",FALSE
40,"NO",2376,9328,"slow","Femme","36-50 ans","OUI","0.2",14,NA,9,64,NA,NA,NA,NA,NA,NA,NA,NA,"Non",NA,NA,NA,NA,NA,NA,NA,NA,NA,NA,60,"low","match",FALSE
40,"NO",2380,7910,"slow","Femme","36-50 ans","OUI","0.3",12,NA,12,100,NA,NA,NA,NA,NA,NA,NA,NA,"Non",NA,NA,NA,NA,NA,NA,NA,NA,NA,NA,60,"low","match",FALSE
40,"NO",2384,4448,"slow","Femme","36-50 ans","OUI","0.4",13,NA,10,77,NA,NA,NA,NA,NA,NA,NA,NA,"Non",NA,NA,NA,NA,NA,NA,NA,NA,NA,NA,60,"low","match",FALSE
40,"NO",2388,2425,"slow","Femme","36-50 ans","OUI","0.5",12,NA,12,100,NA,NA,NA,NA,NA,NA,NA,NA,"Non",NA,NA,NA,NA,NA,NA,NA,NA,NA,NA,60,"low","match",FALSE
40,"NO",2392,3596,"slow","Femme","36-50 ans","OUI","0.6",12,NA,11,92,NA,NA,NA,NA,NA,NA,NA,NA,"Non",NA,NA,NA,NA,NA,NA,NA,NA,NA,NA,60,"low","match",FALSE
40,"NO",2395,1670,"slow","Femme","36-50 ans","NON","1",NA,NA,13,NA,16,44,NA,NA,NA,NA,NA,NA,"Non",0.8125,NA,NA,NA,NA,NA,NA,NA,NA,NA,60,"low","match",FALSE
40,"NO",2398,1546,"slow","Femme","36-50 ans","NON","2",NA,NA,15,NA,18,44,NA,NA,NA,NA,NA,NA,"Non",0.833333333333333,NA,NA,NA,NA,NA,NA,NA,NA,NA,60,"low","match",FALSE
40,"NO",2401,1526,"slow","Femme","36-50 ans","NON","3",NA,NA,11,NA,20,35,1,"OUI","vertical",29,"very_fast",61,"Non",0.55,"NON","NON","NON",NA,NA,NA,NA,NA,NA,60,"low","match",FALSE
40,"NO",2409,2559,"slow","Femme","36-50 ans","NON","4",NA,NA,12,NA,16,47,NA,"OUI","right_to_left",66,"fast",41,"Non",0.75,NA,NA,NA,NA,NA,NA,NA,NA,NA,60,"low","match",FALSE
40,"NO",2418,6518,"slow","Femme","36-50 ans","NON","5",NA,NA,NA,NA,13,41,NA,"OUI","diagonal",38,"fast",40,"Non",NA,NA,NA,NA,NA,NA,NA,NA,NA,NA,60,"low","match",FALSE
41,"noticer_speed2",2436,5912,"slow","Homme","51 ans et plus","OUI","0.1",11,NA,10,91,NA,NA,NA,NA,NA,NA,NA,NA,"Non",NA,NA,NA,NA,NA,NA,NA,NA,NA,NA,60,"low","match",FALSE
41,"noticer_speed2",2440,4606,"slow","Homme","51 ans et plus","OUI","0.2",14,NA,13,93,NA,NA,NA,NA,NA,NA,NA,NA,"Non",NA,NA,NA,NA,NA,NA,NA,NA,NA,NA,60,"low","match",FALSE
41,"noticer_speed2",2443,1332,"slow","Homme","51 ans et plus","NON","1",NA,NA,17,NA,18,47,NA,NA,NA,NA,NA,NA,"Non",0.944444444444444,NA,NA,NA,NA,NA,NA,NA,NA,NA,60,"low","match",FALSE
41,"noticer_speed2",2446,6511,"slow","Homme","51 ans et plus","NON","2",NA,NA,18,NA,18,46,NA,NA,NA,NA,NA,NA,"Non",1,NA,NA,NA,NA,NA,NA,NA,NA,NA,60,"low","match",FALSE
41,"noticer_speed2",2449,1481,"slow","Homme","51 ans et plus","NON","3",NA,NA,18,NA,19,46,1,"NON",NA,NA,NA,NA,"Non",0.947368421052632,"NON","NON","NON",NA,NA,NA,NA,NA,NA,60,"low","match",FALSE
41,"noticer_speed2",2453,1614,"slow","Homme","51 ans et plus","NON","3",NA,NA,15,NA,19,48,2,"OUI","diagonal",24,"slow",68,"Non",0.789473684210526,NA,NA,NA,"NON","OUI","NON",NA,NA,NA,60,"low","match",FALSE
41,"noticer_speed2",2461,1583,"slow","Homme","51 ans et plus","NON","4",NA,NA,21,NA,19,38,NA,"NON","diagonal",40,"slow",31,"Non",0.894736842105263,NA,NA,NA,NA,NA,NA,NA,NA,NA,60,"low","match",FALSE
41,"noticer_speed2",2470,3965,"slow","Homme","51 ans et plus","NON","5",NA,NA,NA,NA,16,45,NA,"OUI","diagonal",33,"fast",18,"Non",NA,NA,NA,NA,NA,NA,NA,NA,NA,NA,60,"low","match",FALSE
42,"noticer_speed1",2488,2798,"fast","Homme","18-25 ans","OUI","0.1",13,NA,11,85,NA,NA,NA,NA,NA,NA,NA,NA,"Non",NA,NA,NA,NA,NA,NA,NA,NA,NA,NA,60,"low","mismatch",FALSE
42,"noticer_speed1",2492,2457,"fast","Homme","18-25 ans","OUI","0.2",12,NA,11,92,NA,NA,NA,NA,NA,NA,NA,NA,"Non",NA,NA,NA,NA,NA,NA,NA,NA,NA,NA,60,"low","mismatch",FALSE
42,"noticer_speed1",2495,1647,"fast","Homme","18-25 ans","NON","1",NA,NA,16,NA,19,42,NA,NA,NA,NA,NA,NA,"Non",0.842105263157895,NA,NA,NA,NA,NA,NA,NA,NA,NA,60,"low","mismatch",FALSE
42,"noticer_speed1",2498,4027,"fast","Homme","18-25 ans","NON","2",NA,NA,19,NA,19,49,NA,NA,NA,NA,NA,NA,"Non",1,NA,NA,NA,NA,NA,NA,NA,NA,NA,60,"low","mismatch",FALSE
42,"noticer_speed1",2501,4376,"fast","Homme","18-25 ans","NON","3",NA,NA,13,NA,16,49,1,"OUI","vertical",9,"slow",11,"Non",0.8125,"NON","OUI","NON",NA,NA,NA,NA,NA,NA,60,"low","mismatch",FALSE
42,"noticer_speed1",2509,1398,"fast","Homme","18-25 ans","NON","4",NA,NA,12,NA,17,47,NA,"OUI","right_to_left",100,"slow",49,"Non",0.705882352941176,NA,NA,NA,NA,NA,NA,NA,NA,NA,60,"low","mismatch",FALSE
42,"noticer_speed1",2518,8374,"fast","Homme","18-25 ans","NON","5",NA,NA,NA,NA,19,46,NA,"NON","vertical",0,"slow",0,"Non",NA,NA,NA,NA,NA,NA,NA,NA,NA,NA,60,"low","mismatch",FALSE
43,"noticer_speed1",2536,3838,"slow","Homme","18-25 ans","OUI","0.1",14,NA,9,64,NA,NA,NA,NA,NA,NA,NA,NA,"Non",NA,NA,NA,NA,NA,NA,NA,NA,NA,NA,60,"low","match",FALSE
43,"noticer_speed1",2540,5196,"slow","Homme","18-25 ans","OUI","0.2",12,NA,13,92,NA,NA,NA,NA,NA,NA,NA,NA,"Non",NA,NA,NA,NA,NA,NA,NA,NA,NA,NA,60,"low","match",FALSE
43,"noticer_speed1",2544,5607,"slow","Homme","18-25 ans","OUI","0.3",11,NA,10,91,NA,NA,NA,NA,NA,NA,NA,NA,"Non",NA,NA,NA,NA,NA,NA,NA,NA,NA,NA,60,"low","match",FALSE
43,"noticer_speed1",2547,5757,"slow","Homme","18-25 ans","NON","1",NA,NA,18,NA,18,48,NA,NA,NA,NA,NA,NA,"Non",1,NA,NA,NA,NA,NA,NA,NA,NA,NA,60,"low","match",FALSE
43,"noticer_speed1",2550,4256,"slow","Homme","18-25 ans","NON","2",NA,NA,20,NA,20,47,NA,NA,NA,NA,NA,NA,"Non",1,NA,NA,NA,NA,NA,NA,NA,NA,NA,60,"low","match",FALSE
43,"noticer_speed1",2553,1711,"slow","Homme","18-25 ans","NON","3",NA,NA,19,NA,20,38,1,"OUI","diagonal",16,"slow",69,"Non",0.95,"NON","OUI","NON",NA,NA,NA,NA,NA,NA,60,"low","match",FALSE
43,"noticer_speed1",2561,1411,"slow","Homme","18-25 ans","NON","4",NA,NA,18,NA,15,40,NA,"OUI","right_to_left",100,"fast",98,"Non",0.8,NA,NA,NA,NA,NA,NA,NA,NA,NA,60,"low","match",FALSE
43,"noticer_speed1",2570,8500,"slow","Homme","18-25 ans","NON","5",NA,NA,NA,NA,18,40,NA,"OUI","right_to_left",100,"fast",98,"Non",NA,NA,NA,NA,NA,NA,NA,NA,NA,NA,60,"low","match",FALSE
44,"NO",2587,28698,"fast","Femme","36-50 ans","OUI","0.1",13,NA,12,92,NA,NA,NA,NA,NA,NA,NA,NA,"Non",NA,NA,NA,NA,NA,NA,NA,NA,NA,NA,61,"low","mismatch",FALSE
44,"NO",2591,3444,"fast","Femme","36-50 ans","OUI","0.2",13,NA,10,77,NA,NA,NA,NA,NA,NA,NA,NA,"Non",NA,NA,NA,NA,NA,NA,NA,NA,NA,NA,61,"low","mismatch",FALSE
44,"NO",2595,3225,"fast","Femme","36-50 ans","OUI","0.3",13,NA,12,92,NA,NA,NA,NA,NA,NA,NA,NA,"Non",NA,NA,NA,NA,NA,NA,NA,NA,NA,NA,61,"low","mismatch",FALSE
44,"NO",2599,2834,"fast","Femme","36-50 ans","OUI","0.4",12,NA,12,100,NA,NA,NA,NA,NA,NA,NA,NA,"Non",NA,NA,NA,NA,NA,NA,NA,NA,NA,NA,61,"low","mismatch",FALSE
44,"NO",2602,1098,"fast","Femme","36-50 ans","NON","1",NA,NA,15,NA,17,45,NA,NA,NA,NA,NA,NA,"Non",0.882352941176471,NA,NA,NA,NA,NA,NA,NA,NA,NA,61,"low","mismatch",FALSE
44,"NO",2605,1456,"fast","Femme","36-50 ans","NON","2",NA,NA,15,NA,18,42,NA,NA,NA,NA,NA,NA,"Non",0.833333333333333,NA,NA,NA,NA,NA,NA,NA,NA,NA,61,"low","mismatch",FALSE
44,"NO",2608,1172,"fast","Femme","36-50 ans","NON","3",NA,NA,18,NA,20,40,1,"OUI","diagonal",7,"very_slow",100,"Non",0.9,"NON","NON","NON",NA,NA,NA,NA,NA,NA,61,"low","mismatch",FALSE
44,"NO",2616,1337,"fast","Femme","36-50 ans","NON","4",NA,NA,12,NA,18,42,NA,"OUI","vertical",100,"fast",100,"Non",0.666666666666667,NA,NA,NA,NA,NA,NA,NA,NA,NA,61,"low","mismatch",FALSE
44,"NO",2625,5076,"fast","Femme","36-50 ans","NON","5",NA,NA,NA,NA,19,44,NA,"OUI","right_to_left",100,"very_fast",100,"Non",NA,NA,NA,NA,NA,NA,NA,NA,NA,NA,61,"low","mismatch",FALSE
45,"noticer_mov2",2643,13245,"slow","Femme","51 ans et plus","OUI","0.1",12,NA,14,83,NA,NA,NA,NA,NA,NA,NA,NA,"Oui",NA,NA,NA,NA,NA,NA,NA,NA,NA,NA,60,"low","match",FALSE
45,"noticer_mov2",2647,9071,"slow","Femme","51 ans et plus","OUI","0.2",13,NA,10,77,NA,NA,NA,NA,NA,NA,NA,NA,"Oui",NA,NA,NA,NA,NA,NA,NA,NA,NA,NA,60,"low","match",FALSE
45,"noticer_mov2",2651,7377,"slow","Femme","51 ans et plus","OUI","0.3",11,NA,11,100,NA,NA,NA,NA,NA,NA,NA,NA,"Oui",NA,NA,NA,NA,NA,NA,NA,NA,NA,NA,60,"low","match",FALSE
45,"noticer_mov2",2655,7031,"slow","Femme","51 ans et plus","OUI","0.4",12,NA,10,83,NA,NA,NA,NA,NA,NA,NA,NA,"Oui",NA,NA,NA,NA,NA,NA,NA,NA,NA,NA,60,"low","match",FALSE
45,"noticer_mov2",2658,1884,"slow","Femme","51 ans et plus","NON","1",NA,NA,12,NA,20,44,NA,NA,NA,NA,NA,NA,"Oui",0.6,NA,NA,NA,NA,NA,NA,NA,NA,NA,60,"low","match",FALSE
45,"noticer_mov2",2661,2083,"slow","Femme","51 ans et plus","NON","2",NA,NA,10,NA,16,42,NA,NA,NA,NA,NA,NA,"Oui",0.625,NA,NA,NA,NA,NA,NA,NA,NA,NA,60,"low","match",FALSE
45,"noticer_mov2",2664,1964,"slow","Femme","51 ans et plus","NON","3",NA,NA,13,NA,18,46,1,"NON",NA,NA,NA,NA,"Oui",0.722222222222222,"NON","NON","NON",NA,NA,NA,NA,NA,NA,60,"low","match",FALSE
45,"noticer_mov2",2668,2177,"slow","Femme","51 ans et plus","NON","3",NA,NA,14,NA,19,42,2,"OUI","right_to_left",23,"very_fast",18,"Oui",0.736842105263158,NA,NA,NA,"OUI","NON","NON",NA,NA,NA,60,"low","match",FALSE
45,"noticer_mov2",2676,2671,"slow","Femme","51 ans et plus","NON","4",NA,NA,12,NA,18,41,NA,"NON","diagonal",28,"very_fast",40,"Oui",0.666666666666667,NA,NA,NA,NA,NA,NA,NA,NA,NA,60,"low","match",FALSE
45,"noticer_mov2",2685,5634,"slow","Femme","51 ans et plus","NON","5",NA,NA,NA,NA,17,45,NA,"NON","diagonal",16,"very_fast",19,"Oui",NA,NA,NA,NA,NA,NA,NA,NA,NA,NA,60,"low","match",FALSE
46,"NO",2703,12613,"fast","Femme","18-25 ans","OUI","0.1",12,NA,3,25,NA,NA,NA,NA,NA,NA,NA,NA,"Non",NA,NA,NA,NA,NA,NA,NA,NA,NA,NA,60,"low","mismatch",FALSE
46,"NO",2707,10605,"fast","Femme","18-25 ans","OUI","0.2",14,NA,12,86,NA,NA,NA,NA,NA,NA,NA,NA,"Non",NA,NA,NA,NA,NA,NA,NA,NA,NA,NA,60,"low","mismatch",FALSE
46,"NO",2711,18659,"fast","Femme","18-25 ans","OUI","0.3",12,NA,14,83,NA,NA,NA,NA,NA,NA,NA,NA,"Non",NA,NA,NA,NA,NA,NA,NA,NA,NA,NA,60,"low","mismatch",FALSE
46,"NO",2714,1376,"fast","Femme","18-25 ans","NON","1",NA,NA,20,NA,20,42,NA,NA,NA,NA,NA,NA,"Non",1,NA,NA,NA,NA,NA,NA,NA,NA,NA,60,"low","mismatch",FALSE
46,"NO",2717,1950,"fast","Femme","18-25 ans","NON","2",NA,NA,20,NA,18,43,NA,NA,NA,NA,NA,NA,"Non",0.888888888888889,NA,NA,NA,NA,NA,NA,NA,NA,NA,60,"low","mismatch",FALSE
46,"NO",2720,7125,"fast","Femme","18-25 ans","NON","3",NA,NA,16,NA,18,41,1,"NON",NA,NA,NA,NA,"Non",0.888888888888889,"NON","NON","NON",NA,NA,NA,NA,NA,NA,60,"low","mismatch",FALSE
46,"NO",2724,1163,"fast","Femme","18-25 ans","NON","3",NA,NA,23,NA,18,48,2,"NON",NA,NA,NA,NA,"Non",0.722222222222222,NA,NA,NA,"NON","NON","NON",NA,NA,NA,60,"low","mismatch",FALSE
46,"NO",2728,1745,"fast","Femme","18-25 ans","NON","3",NA,NA,16,NA,16,47,3,"OUI","random",0,"fast",52,"Non",1,NA,NA,NA,NA,NA,NA,"NON","NON","NON",60,"low","mismatch",FALSE
46,"NO",2736,2145,"fast","Femme","18-25 ans","NON","4",NA,NA,16,NA,18,39,NA,"NON","right_to_left",70,"slow",54,"Non",0.888888888888889,NA,NA,NA,NA,NA,NA,NA,NA,NA,60,"low","mismatch",FALSE
46,"NO",2745,4205,"fast","Femme","18-25 ans","NON","5",NA,NA,NA,NA,18,46,NA,"OUI","right_to_left",100,"very_fast",65,"Non",NA,NA,NA,NA,NA,NA,NA,NA,NA,NA,60,"low","mismatch",FALSE
47,"noticer_mov2",2763,7082,"fast","Femme","26-35 ans","OUI","0.1",13,NA,6,46,NA,NA,NA,NA,NA,NA,NA,NA,"Non",NA,NA,NA,NA,NA,NA,NA,NA,NA,NA,60,"low","mismatch",TRUE
47,"noticer_mov2",2767,4236,"fast","Femme","26-35 ans","OUI","0.2",13,NA,15,85,NA,NA,NA,NA,NA,NA,NA,NA,"Non",NA,NA,NA,NA,NA,NA,NA,NA,NA,NA,60,"low","mismatch",TRUE
47,"noticer_mov2",2771,2329,"fast","Femme","26-35 ans","OUI","0.3",12,NA,11,92,NA,NA,NA,NA,NA,NA,NA,NA,"Non",NA,NA,NA,NA,NA,NA,NA,NA,NA,NA,60,"low","mismatch",TRUE
47,"noticer_mov2",2774,7839,"fast","Femme","26-35 ans","NON","1",NA,NA,18,NA,20,45,NA,NA,NA,NA,NA,NA,"Non",0.9,NA,NA,NA,NA,NA,NA,NA,NA,NA,60,"low","mismatch",TRUE
47,"noticer_mov2",2777,2939,"fast","Femme","26-35 ans","NON","2",NA,NA,13,NA,16,46,NA,NA,NA,NA,NA,NA,"Non",0.8125,NA,NA,NA,NA,NA,NA,NA,NA,NA,60,"low","mismatch",TRUE
47,"noticer_mov2",2780,3132,"fast","Femme","26-35 ans","NON","3",NA,NA,23,NA,18,48,1,"NON",NA,NA,NA,NA,"Non",0.722222222222222,"NON","NON","NON",NA,NA,NA,NA,NA,NA,60,"low","mismatch",TRUE
47,"noticer_mov2",2784,2428,"fast","Femme","26-35 ans","NON","3",NA,NA,15,NA,17,47,2,"OUI","right_to_left",99,"fast",96,"Non",0.882352941176471,NA,NA,NA,"OUI","NON","NON",NA,NA,NA,60,"low","mismatch",TRUE
47,"noticer_mov2",2792,9847,"fast","Femme","26-35 ans","NON","4",NA,NA,20,NA,19,40,NA,"OUI","right_to_left",91,"very_fast",93,"Non",0.947368421052632,NA,NA,NA,NA,NA,NA,NA,NA,NA,60,"low","mismatch",TRUE
47,"noticer_mov2",2801,1582,"fast","Femme","26-35 ans","NON","5",NA,NA,NA,NA,19,42,NA,"OUI","right_to_left",96,"fast",90,"Non",NA,NA,NA,NA,NA,NA,NA,NA,NA,NA,60,"low","mismatch",TRUE
48,"noticer_mov1",2819,5225,"slow","Homme","18-25 ans","OUI","0.1",13,NA,11,85,NA,NA,NA,NA,NA,NA,NA,NA,"Non",NA,NA,NA,NA,NA,NA,NA,NA,NA,NA,60,"low","match",FALSE
48,"noticer_mov1",2823,6762,"slow","Homme","18-25 ans","OUI","0.2",12,NA,13,92,NA,NA,NA,NA,NA,NA,NA,NA,"Non",NA,NA,NA,NA,NA,NA,NA,NA,NA,NA,60,"low","match",FALSE
48,"noticer_mov1",2826,1190,"slow","Homme","18-25 ans","NON","1",NA,NA,18,NA,19,45,NA,NA,NA,NA,NA,NA,"Non",0.947368421052632,NA,NA,NA,NA,NA,NA,NA,NA,NA,60,"low","match",FALSE
48,"noticer_mov1",2829,1273,"slow","Homme","18-25 ans","NON","2",NA,NA,17,NA,17,46,NA,NA,NA,NA,NA,NA,"Non",1,NA,NA,NA,NA,NA,NA,NA,NA,NA,60,"low","match",FALSE
48,"noticer_mov1",2832,12985,"slow","Homme","18-25 ans","NON","3",NA,NA,18,NA,17,45,1,"OUI","right_to_left",100,"fast",100,"Non",0.941176470588235,"OUI","NON","NON",NA,NA,NA,NA,NA,NA,60,"low","match",FALSE
48,"noticer_mov1",2840,1129,"slow","Homme","18-25 ans","NON","4",NA,NA,18,NA,19,45,NA,"OUI","right_to_left",100,"very_fast",89,"Non",0.947368421052632,NA,NA,NA,NA,NA,NA,NA,NA,NA,60,"low","match",FALSE
48,"noticer_mov1",2849,4561,"slow","Homme","18-25 ans","NON","5",NA,NA,NA,NA,18,47,NA,"OUI","right_to_left",100,"fast",90,"Non",NA,NA,NA,NA,NA,NA,NA,NA,NA,NA,60,"low","match",FALSE
49,"NO",2867,10070,"slow","Femme","51 ans et plus","OUI","0.1",13,NA,10,77,NA,NA,NA,NA,NA,NA,NA,NA,"Non",NA,NA,NA,NA,NA,NA,NA,NA,NA,NA,60,"low","match",FALSE
49,"NO",2871,14023,"slow","Femme","51 ans et plus","OUI","0.2",12,NA,12,100,NA,NA,NA,NA,NA,NA,NA,NA,"Non",NA,NA,NA,NA,NA,NA,NA,NA,NA,NA,60,"low","match",FALSE
49,"NO",2875,6587,"slow","Femme","51 ans et plus","OUI","0.3",15,NA,11,73,NA,NA,NA,NA,NA,NA,NA,NA,"Non",NA,NA,NA,NA,NA,NA,NA,NA,NA,NA,60,"low","match",FALSE
49,"NO",2879,18083,"slow","Femme","51 ans et plus","OUI","0.4",11,NA,14,73,NA,NA,NA,NA,NA,NA,NA,NA,"Non",NA,NA,NA,NA,NA,NA,NA,NA,NA,NA,60,"low","match",FALSE
49,"NO",2883,4161,"slow","Femme","51 ans et plus","OUI","0.5",12,NA,16,67,NA,NA,NA,NA,NA,NA,NA,NA,"Non",NA,NA,NA,NA,NA,NA,NA,NA,NA,NA,60,"low","match",FALSE
49,"NO",2887,4259,"slow","Femme","51 ans et plus","OUI","0.6",11,NA,11,100,NA,NA,NA,NA,NA,NA,NA,NA,"Non",NA,NA,NA,NA,NA,NA,NA,NA,NA,NA,60,"low","match",FALSE
49,"NO",2891,4318,"slow","Femme","51 ans et plus","OUI","0.7",13,NA,13,100,NA,NA,NA,NA,NA,NA,NA,NA,"Non",NA,NA,NA,NA,NA,NA,NA,NA,NA,NA,60,"low","match",FALSE
49,"NO",2894,6117,"slow","Femme","51 ans et plus","NON","1",NA,NA,14,NA,17,49,NA,NA,NA,NA,NA,NA,"Non",0.823529411764706,NA,NA,NA,NA,NA,NA,NA,NA,NA,60,"low","match",FALSE
49,"NO",2897,4249,"slow","Femme","51 ans et plus","NON","2",NA,NA,15,NA,20,37,NA,NA,NA,NA,NA,NA,"Non",0.75,NA,NA,NA,NA,NA,NA,NA,NA,NA,60,"low","match",FALSE
49,"NO",2900,3265,"slow","Femme","51 ans et plus","NON","3",NA,NA,15,NA,20,41,1,"NON",NA,NA,NA,NA,"Non",0.75,"NON","NON","NON",NA,NA,NA,NA,NA,NA,60,"low","match",FALSE
49,"NO",2904,4617,"slow","Femme","51 ans et plus","NON","3",NA,NA,14,NA,20,39,2,"OUI","diagonal",67,"very_fast",73,"Non",0.7,NA,NA,NA,"NON","NON","NON",NA,NA,NA,60,"low","match",FALSE
49,"NO",2912,4994,"slow","Femme","51 ans et plus","NON","4",NA,NA,13,NA,18,45,NA,"NON","random",62,"slow",64,"Non",0.722222222222222,NA,NA,NA,NA,NA,NA,NA,NA,NA,60,"low","match",FALSE
49,"NO",2921,10620,"slow","Femme","51 ans et plus","NON","5",NA,NA,NA,NA,17,45,NA,"OUI","right_to_left",100,"very_slow",100,"Non",NA,NA,NA,NA,NA,NA,NA,NA,NA,NA,60,"low","match",FALSE
50,"noticer_mov1",2939,6837,"slow","Homme","51 ans et plus","OUI","0.1",13,NA,11,85,NA,NA,NA,NA,NA,NA,NA,NA,"Non",NA,NA,NA,NA,NA,NA,NA,NA,NA,NA,60,"low","match",FALSE
50,"noticer_mov1",2943,3293,"slow","Homme","51 ans et plus","OUI","0.2",15,NA,9,60,NA,NA,NA,NA,NA,NA,NA,NA,"Non",NA,NA,NA,NA,NA,NA,NA,NA,NA,NA,60,"low","match",FALSE
50,"noticer_mov1",2947,3387,"slow","Homme","51 ans et plus","OUI","0.3",13,NA,10,77,NA,NA,NA,NA,NA,NA,NA,NA,"Non",NA,NA,NA,NA,NA,NA,NA,NA,NA,NA,60,"low","match",FALSE
50,"noticer_mov1",2951,2407,"slow","Homme","51 ans et plus","OUI","0.4",12,NA,12,100,NA,NA,NA,NA,NA,NA,NA,NA,"Non",NA,NA,NA,NA,NA,NA,NA,NA,NA,NA,60,"low","match",FALSE
50,"noticer_mov1",2955,2805,"slow","Homme","51 ans et plus","OUI","0.5",10,NA,8,80,NA,NA,NA,NA,NA,NA,NA,NA,"Non",NA,NA,NA,NA,NA,NA,NA,NA,NA,NA,60,"low","match",FALSE
50,"noticer_mov1",2958,1556,"slow","Homme","51 ans et plus","NON","1",NA,NA,15,NA,17,46,NA,NA,NA,NA,NA,NA,"Non",0.882352941176471,NA,NA,NA,NA,NA,NA,NA,NA,NA,60,"low","match",FALSE
50,"noticer_mov1",2961,2404,"slow","Homme","51 ans et plus","NON","2",NA,NA,16,NA,19,40,NA,NA,NA,NA,NA,NA,"Non",0.842105263157895,NA,NA,NA,NA,NA,NA,NA,NA,NA,60,"low","match",FALSE
50,"noticer_mov1",2964,1297,"slow","Homme","51 ans et plus","NON","3",NA,NA,15,NA,18,37,1,"OUI","right_to_left",85,"very_fast",77,"Non",0.833333333333333,"OUI","NON","NON",NA,NA,NA,NA,NA,NA,60,"low","match",FALSE
50,"noticer_mov1",2972,2135,"slow","Homme","51 ans et plus","NON","4",NA,NA,18,NA,19,41,NA,"OUI","diagonal",25,"fast",68,"Non",0.947368421052632,NA,NA,NA,NA,NA,NA,NA,NA,NA,60,"low","match",FALSE
50,"noticer_mov1",2981,4770,"slow","Homme","51 ans et plus","NON","5",NA,NA,NA,NA,19,43,NA,"NON","diagonal",13,"slow",17,"Non",NA,NA,NA,NA,NA,NA,NA,NA,NA,NA,60,"low","match",FALSE
51,"noticer_all2",2999,4568,"slow","Femme","18-25 ans","OUI","0.1",12,NA,10,83,NA,NA,NA,NA,NA,NA,NA,NA,"Non",NA,NA,NA,NA,NA,NA,NA,NA,NA,NA,60,"low","match",TRUE
51,"noticer_all2",3003,3438,"slow","Femme","18-25 ans","OUI","0.2",12,NA,11,92,NA,NA,NA,NA,NA,NA,NA,NA,"Non",NA,NA,NA,NA,NA,NA,NA,NA,NA,NA,60,"low","match",TRUE
51,"noticer_all2",3006,1816,"slow","Femme","18-25 ans","NON","1",NA,NA,19,NA,19,46,NA,NA,NA,NA,NA,NA,"Non",1,NA,NA,NA,NA,NA,NA,NA,NA,NA,60,"low","match",TRUE
51,"noticer_all2",3009,4465,"slow","Femme","18-25 ans","NON","2",NA,NA,14,NA,17,48,NA,NA,NA,NA,NA,NA,"Non",0.823529411764706,NA,NA,NA,NA,NA,NA,NA,NA,NA,60,"low","match",TRUE
51,"noticer_all2",3012,1219,"slow","Femme","18-25 ans","NON","3",NA,NA,18,NA,18,44,1,"NON",NA,NA,NA,NA,"Non",1,"NON","NON","NON",NA,NA,NA,NA,NA,NA,60,"low","match",TRUE
51,"noticer_all2",3016,1760,"slow","Femme","18-25 ans","NON","3",NA,NA,16,NA,20,42,2,"OUI","right_to_left",100,"slow",46,"Non",0.8,NA,NA,NA,"OUI","OUI","OUI",NA,NA,NA,60,"low","match",TRUE
51,"noticer_all2",3024,1432,"slow","Femme","18-25 ans","NON","4",NA,NA,15,NA,15,44,NA,"NON","diagonal",39,"slow",35,"Non",1,NA,NA,NA,NA,NA,NA,NA,NA,NA,60,"low","match",TRUE
51,"noticer_all2",3033,9533,"slow","Femme","18-25 ans","NON","5",NA,NA,NA,NA,18,42,NA,"OUI","right_to_left",100,"slow",43,"Non",NA,NA,NA,NA,NA,NA,NA,NA,NA,NA,60,"low","match",TRUE
52,"NO",3051,4075,"slow","Femme","18-25 ans","OUI","0.1",13,NA,8,62,NA,NA,NA,NA,NA,NA,NA,NA,"Oui",NA,NA,NA,NA,NA,NA,NA,NA,NA,NA,61,"low","match",TRUE
52,"NO",3055,4477,"slow","Femme","18-25 ans","OUI","0.2",11,NA,11,100,NA,NA,NA,NA,NA,NA,NA,NA,"Oui",NA,NA,NA,NA,NA,NA,NA,NA,NA,NA,61,"low","match",TRUE
52,"NO",3059,2761,"slow","Femme","18-25 ans","OUI","0.3",12,NA,13,92,NA,NA,NA,NA,NA,NA,NA,NA,"Oui",NA,NA,NA,NA,NA,NA,NA,NA,NA,NA,61,"low","match",TRUE
52,"NO",3062,1564,"slow","Femme","18-25 ans","NON","1",NA,NA,15,NA,18,44,NA,NA,NA,NA,NA,NA,"Oui",0.833333333333333,NA,NA,NA,NA,NA,NA,NA,NA,NA,61,"low","match",TRUE
52,"NO",3065,3311,"slow","Femme","18-25 ans","NON","2",NA,NA,18,NA,19,50,NA,NA,NA,NA,NA,NA,"Oui",0.947368421052632,NA,NA,NA,NA,NA,NA,NA,NA,NA,61,"low","match",TRUE
52,"NO",3068,1972,"slow","Femme","18-25 ans","NON","3",NA,NA,16,NA,19,46,1,"NON",NA,NA,NA,NA,"Oui",0.842105263157895,"NON","NON","NON",NA,NA,NA,NA,NA,NA,61,"low","match",TRUE
52,"NO",3072,1425,"slow","Femme","18-25 ans","NON","3",NA,NA,13,NA,16,42,2,"NON",NA,NA,NA,NA,"Oui",0.8125,NA,NA,NA,"NON","NON","NON",NA,NA,NA,61,"low","match",TRUE
52,"NO",3076,1575,"slow","Femme","18-25 ans","NON","3",NA,NA,10,NA,18,51,3,"NON",NA,NA,NA,NA,"Oui",0.555555555555556,NA,NA,NA,NA,NA,NA,"NON","NON","NON",61,"low","match",TRUE
52,"NO",3080,1141,"slow","Femme","18-25 ans","NON","4",NA,NA,16,NA,20,45,NA,"NON","right_to_left",19,"slow",1,"Oui",0.8,NA,NA,NA,NA,NA,NA,NA,NA,NA,61,"low","match",TRUE
52,"NO",3089,7617,"slow","Femme","18-25 ans","NON","5",NA,NA,NA,NA,17,42,NA,"OUI","right_to_left",47,"slow",53,"Oui",NA,NA,NA,NA,NA,NA,NA,NA,NA,NA,61,"low","match",TRUE
53,"noticer_mov3",3106,3891,"slow","Femme","18-25 ans","OUI","0.1",12,NA,4,33,NA,NA,NA,NA,NA,NA,NA,NA,"Non",NA,NA,NA,NA,NA,NA,NA,NA,NA,NA,61,"low","match",FALSE
53,"noticer_mov3",3110,1889,"slow","Femme","18-25 ans","OUI","0.2",12,NA,9,75,NA,NA,NA,NA,NA,NA,NA,NA,"Non",NA,NA,NA,NA,NA,NA,NA,NA,NA,NA,61,"low","match",FALSE
53,"noticer_mov3",3114,1873,"slow","Femme","18-25 ans","OUI","0.3",13,NA,12,92,NA,NA,NA,NA,NA,NA,NA,NA,"Non",NA,NA,NA,NA,NA,NA,NA,NA,NA,NA,61,"low","match",FALSE
53,"noticer_mov3",3118,1575,"slow","Femme","18-25 ans","OUI","0.4",14,NA,6,43,NA,NA,NA,NA,NA,NA,NA,NA,"Non",NA,NA,NA,NA,NA,NA,NA,NA,NA,NA,61,"low","match",FALSE
53,"noticer_mov3",3122,1845,"slow","Femme","18-25 ans","OUI","0.5",12,NA,10,83,NA,NA,NA,NA,NA,NA,NA,NA,"Non",NA,NA,NA,NA,NA,NA,NA,NA,NA,NA,61,"low","match",FALSE
53,"noticer_mov3",3126,1675,"slow","Femme","18-25 ans","OUI","0.6",12,NA,11,92,NA,NA,NA,NA,NA,NA,NA,NA,"Non",NA,NA,NA,NA,NA,NA,NA,NA,NA,NA,61,"low","match",FALSE
53,"noticer_mov3",3129,1149,"slow","Femme","18-25 ans","NON","1",NA,NA,14,NA,20,39,NA,NA,NA,NA,NA,NA,"Non",0.7,NA,NA,NA,NA,NA,NA,NA,NA,NA,61,"low","match",FALSE
53,"noticer_mov3",3132,1747,"slow","Femme","18-25 ans","NON","2",NA,NA,14,NA,19,45,NA,NA,NA,NA,NA,NA,"Non",0.736842105263158,NA,NA,NA,NA,NA,NA,NA,NA,NA,61,"low","match",FALSE
53,"noticer_mov3",3135,1630,"slow","Femme","18-25 ans","NON","3",NA,NA,14,NA,18,45,1,"NON",NA,NA,NA,NA,"Non",0.777777777777778,"NON","NON","NON",NA,NA,NA,NA,NA,NA,61,"low","match",FALSE
53,"noticer_mov3",3139,1447,"slow","Femme","18-25 ans","NON","3",NA,NA,16,NA,17,39,2,"NON",NA,NA,NA,NA,"Non",0.941176470588235,NA,NA,NA,"NON","NON","NON",NA,NA,NA,61,"low","match",FALSE
53,"noticer_mov3",3143,1181,"slow","Femme","18-25 ans","NON","3",NA,NA,17,NA,18,46,3,"OUI","right_to_left",81,"fast",73,"Non",0.944444444444444,NA,NA,NA,NA,NA,NA,"OUI","NON","NON",61,"low","match",FALSE
53,"noticer_mov3",3151,964,"slow","Femme","18-25 ans","NON","4",NA,NA,12,NA,19,41,NA,"OUI","right_to_left",100,"slow",75,"Non",0.631578947368421,NA,NA,NA,NA,NA,NA,NA,NA,NA,61,"low","match",FALSE
53,"noticer_mov3",3160,4631,"slow","Femme","18-25 ans","NON","5",NA,NA,NA,NA,18,46,NA,"OUI","vertical",37,"slow",41,"Non",NA,NA,NA,NA,NA,NA,NA,NA,NA,NA,61,"low","match",FALSE
54,"NO",3178,3240,"fast","Homme","18-25 ans","OUI","0.1",12,NA,12,100,NA,NA,NA,NA,NA,NA,NA,NA,"Non",NA,NA,NA,NA,NA,NA,NA,NA,NA,NA,60,"low","mismatch",TRUE
54,"NO",3182,2955,"fast","Homme","18-25 ans","OUI","0.2",11,NA,11,100,NA,NA,NA,NA,NA,NA,NA,NA,"Non",NA,NA,NA,NA,NA,NA,NA,NA,NA,NA,60,"low","mismatch",TRUE
54,"NO",3185,1549,"fast","Homme","18-25 ans","NON","1",NA,NA,20,NA,18,41,NA,NA,NA,NA,NA,NA,"Non",0.888888888888889,NA,NA,NA,NA,NA,NA,NA,NA,NA,60,"low","mismatch",TRUE
54,"NO",3188,3631,"fast","Homme","18-25 ans","NON","2",NA,NA,17,NA,18,39,NA,NA,NA,NA,NA,NA,"Non",0.944444444444444,NA,NA,NA,NA,NA,NA,NA,NA,NA,60,"low","mismatch",TRUE
54,"NO",3191,1939,"fast","Homme","18-25 ans","NON","3",NA,NA,18,NA,20,46,1,"NON",NA,NA,NA,NA,"Non",0.9,"NON","NON","NON",NA,NA,NA,NA,NA,NA,60,"low","mismatch",TRUE
54,"NO",3195,1706,"fast","Homme","18-25 ans","NON","3",NA,NA,19,NA,19,42,2,"NON",NA,NA,NA,NA,"Non",1,NA,NA,NA,"NON","NON","NON",NA,NA,NA,60,"low","mismatch",TRUE
54,"NO",3199,1682,"fast","Homme","18-25 ans","NON","3",NA,NA,19,NA,19,40,3,"NON",NA,NA,NA,NA,"Non",1,NA,NA,NA,NA,NA,NA,"NON","NON","NON",60,"low","mismatch",TRUE
54,"NO",3203,1905,"fast","Homme","18-25 ans","NON","4",NA,NA,17,NA,18,35,NA,"NON","vertical",50,"fast",70,"Non",0.944444444444444,NA,NA,NA,NA,NA,NA,NA,NA,NA,60,"low","mismatch",TRUE
54,"NO",3212,6855,"fast","Homme","18-25 ans","NON","5",NA,NA,NA,NA,19,41,NA,"OUI","right_to_left",100,"fast",100,"Non",NA,NA,NA,NA,NA,NA,NA,NA,NA,NA,60,"low","mismatch",TRUE
55,"NO",3230,11695,"fast","Femme","18-25 ans","OUI","0.1",11,NA,11,100,NA,NA,NA,NA,NA,NA,NA,NA,"Non",NA,NA,NA,NA,NA,NA,NA,NA,NA,NA,60,"low","mismatch",TRUE
55,"NO",3234,4795,"fast","Femme","18-25 ans","OUI","0.2",13,NA,13,100,NA,NA,NA,NA,NA,NA,NA,NA,"Non",NA,NA,NA,NA,NA,NA,NA,NA,NA,NA,60,"low","mismatch",TRUE
55,"NO",3237,1548,"fast","Femme","18-25 ans","NON","1",NA,NA,18,NA,18,47,NA,NA,NA,NA,NA,NA,"Non",1,NA,NA,NA,NA,NA,NA,NA,NA,NA,60,"low","mismatch",TRUE
55,"NO",3240,1797,"fast","Femme","18-25 ans","NON","2",NA,NA,20,NA,20,49,NA,NA,NA,NA,NA,NA,"Non",1,NA,NA,NA,NA,NA,NA,NA,NA,NA,60,"low","mismatch",TRUE
55,"NO",3243,1714,"fast","Femme","18-25 ans","NON","3",NA,NA,14,NA,16,38,1,"OUI","vertical",30,"fast",69,"Non",0.875,"NON","NON","NON",NA,NA,NA,NA,NA,NA,60,"low","mismatch",TRUE
55,"NO",3251,1915,"fast","Femme","18-25 ans","NON","4",NA,NA,17,NA,17,47,NA,"NON","random",60,"fast",80,"Non",1,NA,NA,NA,NA,NA,NA,NA,NA,NA,60,"low","mismatch",TRUE
55,"NO",3260,5332,"fast","Femme","18-25 ans","NON","5",NA,NA,NA,NA,17,41,NA,"OUI","right_to_left",86,"fast",100,"Non",NA,NA,NA,NA,NA,NA,NA,NA,NA,NA,60,"low","mismatch",TRUE
56,"noticer_mov2",3278,5686,"fast","Homme","36-50 ans","OUI","0.1",12,NA,9,75,NA,NA,NA,NA,NA,NA,NA,NA,"Oui",NA,NA,NA,NA,NA,NA,NA,NA,NA,NA,58,"low","mismatch",FALSE
56,"noticer_mov2",3282,4904,"fast","Homme","36-50 ans","OUI","0.2",13,NA,13,100,NA,NA,NA,NA,NA,NA,NA,NA,"Oui",NA,NA,NA,NA,NA,NA,NA,NA,NA,NA,58,"low","mismatch",FALSE
56,"noticer_mov2",3286,3419,"fast","Homme","36-50 ans","OUI","0.3",13,NA,11,85,NA,NA,NA,NA,NA,NA,NA,NA,"Oui",NA,NA,NA,NA,NA,NA,NA,NA,NA,NA,58,"low","mismatch",FALSE
56,"noticer_mov2",3289,1824,"fast","Homme","36-50 ans","NON","1",NA,NA,19,NA,19,48,NA,NA,NA,NA,NA,NA,"Oui",1,NA,NA,NA,NA,NA,NA,NA,NA,NA,58,"low","mismatch",FALSE
56,"noticer_mov2",3292,1665,"fast","Homme","36-50 ans","NON","2",NA,NA,15,NA,15,46,NA,NA,NA,NA,NA,NA,"Oui",1,NA,NA,NA,NA,NA,NA,NA,NA,NA,58,"low","mismatch",FALSE
56,"noticer_mov2",3295,1482,"fast","Homme","36-50 ans","NON","3",NA,NA,15,NA,17,45,1,"NON",NA,NA,NA,NA,"Oui",0.882352941176471,"NON","NON","NON",NA,NA,NA,NA,NA,NA,58,"low","mismatch",FALSE
56,"noticer_mov2",3299,1678,"fast","Homme","36-50 ans","NON","3",NA,NA,16,NA,17,46,2,"OUI","right_to_left",100,"fast",83,"Oui",0.941176470588235,NA,NA,NA,"OUI","NON","NON",NA,NA,NA,58,"low","mismatch",FALSE
56,"noticer_mov2",3307,11081,"fast","Homme","36-50 ans","NON","4",NA,NA,13,NA,19,45,NA,"OUI","diagonal",51,"slow",50,"Oui",0.684210526315789,NA,NA,NA,NA,NA,NA,NA,NA,NA,58,"low","mismatch",FALSE
56,"noticer_mov2",3316,8232,"fast","Homme","36-50 ans","NON","5",NA,NA,NA,NA,19,39,NA,"OUI","right_to_left",100,"slow",88,"Oui",NA,NA,NA,NA,NA,NA,NA,NA,NA,NA,58,"low","mismatch",FALSE
57,"noticer_speed3",3333,8746,"slow","Homme","26-35 ans","OUI","0.1",13,NA,12,92,NA,NA,NA,NA,NA,NA,NA,NA,"Non",NA,NA,NA,NA,NA,NA,NA,NA,NA,NA,61,"low","match",TRUE
57,"noticer_speed3",3337,5371,"slow","Homme","26-35 ans","OUI","0.2",12,NA,13,92,NA,NA,NA,NA,NA,NA,NA,NA,"Non",NA,NA,NA,NA,NA,NA,NA,NA,NA,NA,61,"low","match",TRUE
57,"noticer_speed3",3340,1538,"slow","Homme","26-35 ans","NON","1",NA,NA,19,NA,19,46,NA,NA,NA,NA,NA,NA,"Non",1,NA,NA,NA,NA,NA,NA,NA,NA,NA,61,"low","match",TRUE
57,"noticer_speed3",3343,2354,"slow","Homme","26-35 ans","NON","2",NA,NA,19,NA,19,49,NA,NA,NA,NA,NA,NA,"Non",1,NA,NA,NA,NA,NA,NA,NA,NA,NA,61,"low","match",TRUE
57,"noticer_speed3",3346,1720,"slow","Homme","26-35 ans","NON","3",NA,NA,17,NA,19,44,1,"NON",NA,NA,NA,NA,"Non",0.894736842105263,"NON","NON","NON",NA,NA,NA,NA,NA,NA,61,"low","match",TRUE
57,"noticer_speed3",3350,1374,"slow","Homme","26-35 ans","NON","3",NA,NA,18,NA,18,45,2,"NON",NA,NA,NA,NA,"Non",1,NA,NA,NA,"NON","NON","NON",NA,NA,NA,61,"low","match",TRUE
57,"noticer_speed3",3354,1335,"slow","Homme","26-35 ans","NON","3",NA,NA,13,NA,17,47,3,"OUI","diagonal",49,"slow",72,"Non",0.764705882352941,NA,NA,NA,NA,NA,NA,"NON","OUI","NON",61,"low","match",TRUE
57,"noticer_speed3",3362,1690,"slow","Homme","26-35 ans","NON","4",NA,NA,19,NA,19,43,NA,"NON","right_to_left",0,"very_fast",0,"Non",1,NA,NA,NA,NA,NA,NA,NA,NA,NA,61,"low","match",TRUE
57,"noticer_speed3",3371,6525,"slow","Homme","26-35 ans","NON","5",NA,NA,NA,NA,16,46,NA,"OUI","right_to_left",100,"slow",100,"Non",NA,NA,NA,NA,NA,NA,NA,NA,NA,NA,61,"low","match",TRUE
58,"NO",3388,4693,"slow","Femme","18-25 ans","OUI","0.1",13,NA,7,54,NA,NA,NA,NA,NA,NA,NA,NA,"Non",NA,NA,NA,NA,NA,NA,NA,NA,NA,NA,61,"low","match",FALSE
58,"NO",3392,3445,"slow","Femme","18-25 ans","OUI","0.2",12,NA,20,33,NA,NA,NA,NA,NA,NA,NA,NA,"Non",NA,NA,NA,NA,NA,NA,NA,NA,NA,NA,61,"low","match",FALSE
58,"NO",3396,3877,"slow","Femme","18-25 ans","OUI","0.3",13,NA,13,100,NA,NA,NA,NA,NA,NA,NA,NA,"Non",NA,NA,NA,NA,NA,NA,NA,NA,NA,NA,61,"low","match",FALSE
58,"NO",3400,2562,"slow","Femme","18-25 ans","OUI","0.4",12,NA,13,92,NA,NA,NA,NA,NA,NA,NA,NA,"Non",NA,NA,NA,NA,NA,NA,NA,NA,NA,NA,61,"low","match",FALSE
58,"NO",3403,1451,"slow","Femme","18-25 ans","NON","1",NA,NA,12,NA,17,47,NA,NA,NA,NA,NA,NA,"Non",0.705882352941176,NA,NA,NA,NA,NA,NA,NA,NA,NA,61,"low","match",FALSE
58,"NO",3406,1868,"slow","Femme","18-25 ans","NON","2",NA,NA,12,NA,18,43,NA,NA,NA,NA,NA,NA,"Non",0.666666666666667,NA,NA,NA,NA,NA,NA,NA,NA,NA,61,"low","match",FALSE
58,"NO",3409,7627,"slow","Femme","18-25 ans","NON","3",NA,NA,13,NA,18,44,1,"NON",NA,NA,NA,NA,"Non",0.722222222222222,"NON","NON","NON",NA,NA,NA,NA,NA,NA,61,"low","match",FALSE
58,"NO",3413,1211,"slow","Femme","18-25 ans","NON","3",NA,NA,20,NA,20,49,2,"NON",NA,NA,NA,NA,"Non",1,NA,NA,NA,"NON","NON","NON",NA,NA,NA,61,"low","match",FALSE
58,"NO",3417,988,"slow","Femme","18-25 ans","NON","3",NA,NA,13,NA,18,48,3,"OUI","vertical",31,"very_slow",60,"Non",0.722222222222222,NA,NA,NA,NA,NA,NA,"NON","NON","NON",61,"low","match",FALSE
58,"NO",3425,1276,"slow","Femme","18-25 ans","NON","4",NA,NA,13,NA,18,46,NA,"NON","right_to_left",34,"very_fast",41,"Non",0.722222222222222,NA,NA,NA,NA,NA,NA,NA,NA,NA,61,"low","match",FALSE
58,"NO",3434,4980,"slow","Femme","18-25 ans","NON","5",NA,NA,NA,NA,17,41,NA,"OUI","diagonal",59,"slow",36,"Non",NA,NA,NA,NA,NA,NA,NA,NA,NA,NA,61,"low","match",FALSE
59,"NO",3451,6250,"fast","Homme","51 ans et plus","OUI","0.1",12,NA,8,67,NA,NA,NA,NA,NA,NA,NA,NA,"Non",NA,NA,NA,NA,NA,NA,NA,NA,NA,NA,61,"low","mismatch",FALSE
59,"NO",3455,4172,"fast","Homme","51 ans et plus","OUI","0.2",12,NA,8,67,NA,NA,NA,NA,NA,NA,NA,NA,"Non",NA,NA,NA,NA,NA,NA,NA,NA,NA,NA,61,"low","mismatch",FALSE
59,"NO",3459,7686,"fast","Homme","51 ans et plus","OUI","0.3",11,NA,4,36,NA,NA,NA,NA,NA,NA,NA,NA,"Non",NA,NA,NA,NA,NA,NA,NA,NA,NA,NA,61,"low","mismatch",FALSE
59,"NO",3463,3616,"fast","Homme","51 ans et plus","OUI","0.4",12,NA,9,75,NA,NA,NA,NA,NA,NA,NA,NA,"Non",NA,NA,NA,NA,NA,NA,NA,NA,NA,NA,61,"low","mismatch",FALSE
59,"NO",3467,3378,"fast","Homme","51 ans et plus","OUI","0.5",12,NA,11,92,NA,NA,NA,NA,NA,NA,NA,NA,"Non",NA,NA,NA,NA,NA,NA,NA,NA,NA,NA,61,"low","mismatch",FALSE
59,"NO",3471,3214,"fast","Homme","51 ans et plus","OUI","0.6",12,NA,12,100,NA,NA,NA,NA,NA,NA,NA,NA,"Non",NA,NA,NA,NA,NA,NA,NA,NA,NA,NA,61,"low","mismatch",FALSE
59,"NO",3474,1587,"fast","Homme","51 ans et plus","NON","1",NA,NA,20,NA,18,46,NA,NA,NA,NA,NA,NA,"Non",0.888888888888889,NA,NA,NA,NA,NA,NA,NA,NA,NA,61,"low","mismatch",FALSE
59,"NO",3477,1384,"fast","Homme","51 ans et plus","NON","2",NA,NA,16,NA,17,43,NA,NA,NA,NA,NA,NA,"Non",0.941176470588235,NA,NA,NA,NA,NA,NA,NA,NA,NA,61,"low","mismatch",FALSE
59,"NO",3480,10354,"fast","Homme","51 ans et plus","NON","3",NA,NA,18,NA,19,49,1,"NON",NA,NA,NA,NA,"Non",0.947368421052632,"NON","NON","NON",NA,NA,NA,NA,NA,NA,61,"low","mismatch",FALSE
59,"NO",3484,2338,"fast","Homme","51 ans et plus","NON","3",NA,NA,16,NA,17,42,2,"NON",NA,NA,NA,NA,"Non",0.941176470588235,NA,NA,NA,"NON","NON","NON",NA,NA,NA,61,"low","mismatch",FALSE
59,"NO",3488,2922,"fast","Homme","51 ans et plus","NON","3",NA,NA,15,NA,17,47,3,"NON",NA,NA,NA,NA,"Non",0.882352941176471,NA,NA,NA,NA,NA,NA,"NON","NON","NON",61,"low","mismatch",FALSE
59,"NO",3492,10844,"fast","Homme","51 ans et plus","NON","4",NA,NA,17,NA,18,44,NA,"OUI","random",72,"fast",77,"Non",0.944444444444444,NA,NA,NA,NA,NA,NA,NA,NA,NA,61,"low","mismatch",FALSE
59,"NO",3501,2941,"fast","Homme","51 ans et plus","NON","5",NA,NA,NA,NA,17,48,NA,"OUI","random",84,"fast",90,"Non",NA,NA,NA,NA,NA,NA,NA,NA,NA,NA,61,"low","mismatch",FALSE
60,"noticer_all1",3518,2956,"slow","Homme","18-25 ans","OUI","0.1",12,NA,9,75,NA,NA,NA,NA,NA,NA,NA,NA,"Non",NA,NA,NA,NA,NA,NA,NA,NA,NA,NA,60,"low","match",TRUE
60,"noticer_all1",3522,3068,"slow","Homme","18-25 ans","OUI","0.2",12,NA,11,92,NA,NA,NA,NA,NA,NA,NA,NA,"Non",NA,NA,NA,NA,NA,NA,NA,NA,NA,NA,60,"low","match",TRUE
60,"noticer_all1",3526,1787,"slow","Homme","18-25 ans","OUI","0.3",11,NA,9,82,NA,NA,NA,NA,NA,NA,NA,NA,"Non",NA,NA,NA,NA,NA,NA,NA,NA,NA,NA,60,"low","match",TRUE
60,"noticer_all1",3529,838,"slow","Homme","18-25 ans","NON","1",NA,NA,17,NA,19,42,NA,NA,NA,NA,NA,NA,"Non",0.894736842105263,NA,NA,NA,NA,NA,NA,NA,NA,NA,60,"low","match",TRUE
60,"noticer_all1",3532,1015,"slow","Homme","18-25 ans","NON","2",NA,NA,17,NA,19,42,NA,NA,NA,NA,NA,NA,"Non",0.894736842105263,NA,NA,NA,NA,NA,NA,NA,NA,NA,60,"low","match",TRUE
60,"noticer_all1",3535,946,"slow","Homme","18-25 ans","NON","3",NA,NA,13,NA,14,43,1,"OUI","right_to_left",23,"slow",67,"Non",0.928571428571429,"OUI","OUI","OUI",NA,NA,NA,NA,NA,NA,60,"low","match",TRUE
60,"noticer_all1",3543,1095,"slow","Homme","18-25 ans","NON","4",NA,NA,18,NA,20,48,NA,"OUI","right_to_left",31,"slow",63,"Non",0.9,NA,NA,NA,NA,NA,NA,NA,NA,NA,60,"low","match",TRUE
60,"noticer_all1",3552,2640,"slow","Homme","18-25 ans","NON","5",NA,NA,NA,NA,19,44,NA,"OUI","right_to_left",100,"slow",100,"Non",NA,NA,NA,NA,NA,NA,NA,NA,NA,NA,60,"low","match",TRUE
61,"NO",3570,7257,"slow","Femme","26-35 ans","OUI","0.1",11,NA,6,55,NA,NA,NA,NA,NA,NA,NA,NA,"Oui",NA,NA,NA,NA,NA,NA,NA,NA,NA,NA,60,"low","match",TRUE
61,"NO",3574,4141,"slow","Femme","26-35 ans","OUI","0.2",13,NA,8,62,NA,NA,NA,NA,NA,NA,NA,NA,"Oui",NA,NA,NA,NA,NA,NA,NA,NA,NA,NA,60,"low","match",TRUE
61,"NO",3578,6495,"slow","Femme","26-35 ans","OUI","0.3",13,NA,13,100,NA,NA,NA,NA,NA,NA,NA,NA,"Oui",NA,NA,NA,NA,NA,NA,NA,NA,NA,NA,60,"low","match",TRUE
61,"NO",3582,4275,"slow","Femme","26-35 ans","OUI","0.4",13,NA,14,92,NA,NA,NA,NA,NA,NA,NA,NA,"Oui",NA,NA,NA,NA,NA,NA,NA,NA,NA,NA,60,"low","match",TRUE
61,"NO",3585,2035,"slow","Femme","26-35 ans","NON","1",NA,NA,13,NA,16,45,NA,NA,NA,NA,NA,NA,"Oui",0.8125,NA,NA,NA,NA,NA,NA,NA,NA,NA,60,"low","match",TRUE
61,"NO",3588,4091,"slow","Femme","26-35 ans","NON","2",NA,NA,15,NA,18,47,NA,NA,NA,NA,NA,NA,"Oui",0.833333333333333,NA,NA,NA,NA,NA,NA,NA,NA,NA,60,"low","match",TRUE
61,"NO",3591,2198,"slow","Femme","26-35 ans","NON","3",NA,NA,11,NA,17,48,1,"NON",NA,NA,NA,NA,"Oui",0.647058823529412,"NON","NON","NON",NA,NA,NA,NA,NA,NA,60,"low","match",TRUE
61,"NO",3595,3116,"slow","Femme","26-35 ans","NON","3",NA,NA,15,NA,17,41,2,"NON",NA,NA,NA,NA,"Oui",0.882352941176471,NA,NA,NA,"NON","NON","NON",NA,NA,NA,60,"low","match",TRUE
61,"NO",3599,1725,"slow","Femme","26-35 ans","NON","3",NA,NA,14,NA,20,45,3,"NON",NA,NA,NA,NA,"Oui",0.7,NA,NA,NA,NA,NA,NA,"NON","NON","NON",60,"low","match",TRUE
61,"NO",3603,1732,"slow","Femme","26-35 ans","NON","4",NA,NA,16,NA,19,47,NA,"OUI","random",77,"slow",87,"Oui",0.842105263157895,NA,NA,NA,NA,NA,NA,NA,NA,NA,60,"low","match",TRUE
61,"NO",3612,4342,"slow","Femme","26-35 ans","NON","5",NA,NA,NA,NA,16,42,NA,"OUI","right_to_left",100,"slow",85,"Oui",NA,NA,NA,NA,NA,NA,NA,NA,NA,NA,60,"low","match",TRUE
62,"noticer_all1",3630,5648,"slow","Femme","18-25 ans","OUI","0.1",11,NA,11,100,NA,NA,NA,NA,NA,NA,NA,NA,"Oui",NA,NA,NA,NA,NA,NA,NA,NA,NA,NA,61,"low","match",FALSE
62,"noticer_all1",3634,2800,"slow","Femme","18-25 ans","OUI","0.2",12,NA,12,100,NA,NA,NA,NA,NA,NA,NA,NA,"Oui",NA,NA,NA,NA,NA,NA,NA,NA,NA,NA,61,"low","match",FALSE
62,"noticer_all1",3637,1813,"slow","Femme","18-25 ans","NON","1",NA,NA,16,NA,16,46,NA,NA,NA,NA,NA,NA,"Oui",1,NA,NA,NA,NA,NA,NA,NA,NA,NA,61,"low","match",FALSE
62,"noticer_all1",3640,3029,"slow","Femme","18-25 ans","NON","2",NA,NA,16,NA,18,44,NA,NA,NA,NA,NA,NA,"Oui",0.888888888888889,NA,NA,NA,NA,NA,NA,NA,NA,NA,61,"low","match",FALSE
62,"noticer_all1",3643,2533,"slow","Femme","18-25 ans","NON","3",NA,NA,14,NA,20,46,1,"OUI","right_to_left",100,"slow",68,"Oui",0.7,"OUI","OUI","OUI",NA,NA,NA,NA,NA,NA,61,"low","match",FALSE
62,"noticer_all1",3651,2530,"slow","Femme","18-25 ans","NON","4",NA,NA,11,NA,17,46,NA,"OUI","right_to_left",59,"very_slow",69,"Oui",0.647058823529412,NA,NA,NA,NA,NA,NA,NA,NA,NA,61,"low","match",FALSE
62,"noticer_all1",3660,2857,"slow","Femme","18-25 ans","NON","5",NA,NA,NA,NA,20,41,NA,"NON","random",23,"very_fast",27,"Oui",NA,NA,NA,NA,NA,NA,NA,NA,NA,NA,61,"low","match",FALSE
63,"noticer_all1",3678,10303,"slow","Femme","36-50 ans","OUI","0.1",12,NA,9,75,NA,NA,NA,NA,NA,NA,NA,NA,"Oui",NA,NA,NA,NA,NA,NA,NA,NA,NA,NA,61,"low","match",TRUE
63,"noticer_all1",3682,6507,"slow","Femme","36-50 ans","OUI","0.2",10,NA,9,90,NA,NA,NA,NA,NA,NA,NA,NA,"Oui",NA,NA,NA,NA,NA,NA,NA,NA,NA,NA,61,"low","match",TRUE
63,"noticer_all1",3686,3208,"slow","Femme","36-50 ans","OUI","0.3",12,NA,7,58,NA,NA,NA,NA,NA,NA,NA,NA,"Oui",NA,NA,NA,NA,NA,NA,NA,NA,NA,NA,61,"low","match",TRUE
63,"noticer_all1",3690,3007,"slow","Femme","36-50 ans","OUI","0.4",13,NA,11,85,NA,NA,NA,NA,NA,NA,NA,NA,"Oui",NA,NA,NA,NA,NA,NA,NA,NA,NA,NA,61,"low","match",TRUE
63,"noticer_all1",3694,2629,"slow","Femme","36-50 ans","OUI","0.5",12,NA,10,83,NA,NA,NA,NA,NA,NA,NA,NA,"Oui",NA,NA,NA,NA,NA,NA,NA,NA,NA,NA,61,"low","match",TRUE
63,"noticer_all1",3697,2246,"slow","Femme","36-50 ans","NON","1",NA,NA,14,NA,19,48,NA,NA,NA,NA,NA,NA,"Oui",0.736842105263158,NA,NA,NA,NA,NA,NA,NA,NA,NA,61,"low","match",TRUE
63,"noticer_all1",3700,1627,"slow","Femme","36-50 ans","NON","2",NA,NA,16,NA,20,44,NA,NA,NA,NA,NA,NA,"Oui",0.8,NA,NA,NA,NA,NA,NA,NA,NA,NA,61,"low","match",TRUE
63,"noticer_all1",3703,1833,"slow","Femme","36-50 ans","NON","3",NA,NA,13,NA,17,41,1,"OUI","right_to_left",81,"slow",42,"Oui",0.764705882352941,"OUI","OUI","OUI",NA,NA,NA,NA,NA,NA,61,"low","match",TRUE
63,"noticer_all1",3711,1669,"slow","Femme","36-50 ans","NON","4",NA,NA,14,NA,18,44,NA,"OUI","right_to_left",100,"fast",73,"Oui",0.777777777777778,NA,NA,NA,NA,NA,NA,NA,NA,NA,61,"low","match",TRUE
63,"noticer_all1",3720,4890,"slow","Femme","36-50 ans","NON","5",NA,NA,NA,NA,17,48,NA,"OUI","right_to_left",100,"slow",100,"Oui",NA,NA,NA,NA,NA,NA,NA,NA,NA,NA,61,"low","match",TRUE
64,"NO",3738,9656,"fast","Homme","51 ans et plus","OUI","0.1",13,NA,16,77,NA,NA,NA,NA,NA,NA,NA,NA,"Oui",NA,NA,NA,NA,NA,NA,NA,NA,NA,NA,60,"low","mismatch",FALSE
64,"NO",3742,3440,"fast","Homme","51 ans et plus","OUI","0.2",12,NA,11,92,NA,NA,NA,NA,NA,NA,NA,NA,"Oui",NA,NA,NA,NA,NA,NA,NA,NA,NA,NA,60,"low","mismatch",FALSE
64,"NO",3746,4341,"fast","Homme","51 ans et plus","OUI","0.3",11,NA,13,82,NA,NA,NA,NA,NA,NA,NA,NA,"Oui",NA,NA,NA,NA,NA,NA,NA,NA,NA,NA,60,"low","mismatch",FALSE
64,"NO",3749,2152,"fast","Homme","51 ans et plus","NON","1",NA,NA,18,NA,18,45,NA,NA,NA,NA,NA,NA,"Oui",1,NA,NA,NA,NA,NA,NA,NA,NA,NA,60,"low","mismatch",FALSE
64,"NO",3752,2835,"fast","Homme","51 ans et plus","NON","2",NA,NA,16,NA,17,47,NA,NA,NA,NA,NA,NA,"Oui",0.941176470588235,NA,NA,NA,NA,NA,NA,NA,NA,NA,60,"low","mismatch",FALSE
64,"NO",3755,2818,"fast","Homme","51 ans et plus","NON","3",NA,NA,19,NA,18,43,1,"NON",NA,NA,NA,NA,"Oui",0.944444444444444,"NON","NON","NON",NA,NA,NA,NA,NA,NA,60,"low","mismatch",FALSE
64,"NO",3759,3941,"fast","Homme","51 ans et plus","NON","3",NA,NA,17,NA,19,45,2,"NON",NA,NA,NA,NA,"Oui",0.894736842105263,NA,NA,NA,"NON","NON","NON",NA,NA,NA,60,"low","mismatch",FALSE
64,"NO",3763,1861,"fast","Homme","51 ans et plus","NON","3",NA,NA,16,NA,16,47,3,"NON",NA,NA,NA,NA,"Oui",1,NA,NA,NA,NA,NA,NA,"NON","NON","NON",60,"low","mismatch",FALSE
64,"NO",3767,2954,"fast","Homme","51 ans et plus","NON","4",NA,NA,16,NA,18,47,NA,"NON","random",1,"very_fast",0,"Oui",0.888888888888889,NA,NA,NA,NA,NA,NA,NA,NA,NA,60,"low","mismatch",FALSE
64,"NO",3776,6100,"fast","Homme","51 ans et plus","NON","5",NA,NA,NA,NA,18,47,NA,"OUI","right_to_left",99,"slow",74,"Oui",NA,NA,NA,NA,NA,NA,NA,NA,NA,NA,60,"low","mismatch",FALSE
65,"NO",3794,3414,"fast","Homme","26-35 ans","OUI","0.1",12,NA,7,58,NA,NA,NA,NA,NA,NA,NA,NA,"Oui",NA,NA,NA,NA,NA,NA,NA,NA,NA,NA,60,"low","mismatch",TRUE
65,"NO",3798,3625,"fast","Homme","26-35 ans","OUI","0.2",11,NA,11,100,NA,NA,NA,NA,NA,NA,NA,NA,"Oui",NA,NA,NA,NA,NA,NA,NA,NA,NA,NA,60,"low","mismatch",TRUE
65,"NO",3802,2302,"fast","Homme","26-35 ans","OUI","0.3",15,NA,12,80,NA,NA,NA,NA,NA,NA,NA,NA,"Oui",NA,NA,NA,NA,NA,NA,NA,NA,NA,NA,60,"low","mismatch",TRUE
65,"NO",3805,1379,"fast","Homme","26-35 ans","NON","1",NA,NA,18,NA,17,48,NA,NA,NA,NA,NA,NA,"Oui",0.941176470588235,NA,NA,NA,NA,NA,NA,NA,NA,NA,60,"low","mismatch",TRUE
65,"NO",3808,1097,"fast","Homme","26-35 ans","NON","2",NA,NA,17,NA,18,44,NA,NA,NA,NA,NA,NA,"Oui",0.944444444444444,NA,NA,NA,NA,NA,NA,NA,NA,NA,60,"low","mismatch",TRUE
65,"NO",3811,1618,"fast","Homme","26-35 ans","NON","3",NA,NA,19,NA,18,48,1,"NON",NA,NA,NA,NA,"Oui",0.944444444444444,"NON","NON","NON",NA,NA,NA,NA,NA,NA,60,"low","mismatch",TRUE
65,"NO",3815,1113,"fast","Homme","26-35 ans","NON","3",NA,NA,12,NA,18,37,2,"NON",NA,NA,NA,NA,"Oui",0.666666666666667,NA,NA,NA,"NON","NON","NON",NA,NA,NA,60,"low","mismatch",TRUE
65,"NO",3819,853,"fast","Homme","26-35 ans","NON","3",NA,NA,15,NA,19,42,3,"NON",NA,NA,NA,NA,"Oui",0.789473684210526,NA,NA,NA,NA,NA,NA,"NON","NON","NON",60,"low","mismatch",TRUE
65,"NO",3823,886,"fast","Homme","26-35 ans","NON","4",NA,NA,16,NA,18,44,NA,"NON","vertical",0,"fast",0,"Oui",0.888888888888889,NA,NA,NA,NA,NA,NA,NA,NA,NA,60,"low","mismatch",TRUE
65,"NO",3832,4988,"fast","Homme","26-35 ans","NON","5",NA,NA,NA,NA,17,44,NA,"OUI","right_to_left",21,"fast",10,"Oui",NA,NA,NA,NA,NA,NA,NA,NA,NA,NA,60,"low","mismatch",TRUE
66,"NO",3850,8064,"slow","Femme","18-25 ans","OUI","0.1",12,NA,9,75,NA,NA,NA,NA,NA,NA,NA,NA,"Non",NA,NA,NA,NA,NA,NA,NA,NA,NA,NA,60,"low","match",FALSE
66,"NO",3854,5110,"slow","Femme","18-25 ans","OUI","0.2",13,NA,16,77,NA,NA,NA,NA,NA,NA,NA,NA,"Non",NA,NA,NA,NA,NA,NA,NA,NA,NA,NA,60,"low","match",FALSE
66,"NO",3858,5391,"slow","Femme","18-25 ans","OUI","0.3",12,NA,9,75,NA,NA,NA,NA,NA,NA,NA,NA,"Non",NA,NA,NA,NA,NA,NA,NA,NA,NA,NA,60,"low","match",FALSE
66,"NO",3862,4683,"slow","Femme","18-25 ans","OUI","0.4",12,NA,12,100,NA,NA,NA,NA,NA,NA,NA,NA,"Non",NA,NA,NA,NA,NA,NA,NA,NA,NA,NA,60,"low","match",FALSE
66,"NO",3866,4695,"slow","Femme","18-25 ans","OUI","0.5",12,NA,12,100,NA,NA,NA,NA,NA,NA,NA,NA,"Non",NA,NA,NA,NA,NA,NA,NA,NA,NA,NA,60,"low","match",FALSE
66,"NO",3869,1895,"slow","Femme","18-25 ans","NON","1",NA,NA,16,NA,17,49,NA,NA,NA,NA,NA,NA,"Non",0.941176470588235,NA,NA,NA,NA,NA,NA,NA,NA,NA,60,"low","match",FALSE
66,"NO",3872,1474,"slow","Femme","18-25 ans","NON","2",NA,NA,15,NA,17,47,NA,NA,NA,NA,NA,NA,"Non",0.882352941176471,NA,NA,NA,NA,NA,NA,NA,NA,NA,60,"low","match",FALSE
66,"NO",3875,1453,"slow","Femme","18-25 ans","NON","3",NA,NA,13,NA,19,45,1,"NON",NA,NA,NA,NA,"Non",0.684210526315789,"NON","NON","NON",NA,NA,NA,NA,NA,NA,60,"low","match",FALSE
66,"NO",3879,1490,"slow","Femme","18-25 ans","NON","3",NA,NA,12,NA,13,43,2,"OUI","vertical",15,"fast",9,"Non",0.923076923076923,NA,NA,NA,"NON","NON","NON",NA,NA,NA,60,"low","match",FALSE
66,"NO",3887,1629,"slow","Femme","18-25 ans","NON","4",NA,NA,12,NA,18,46,NA,"NON","right_to_left",4,"very_slow",3,"Non",0.666666666666667,NA,NA,NA,NA,NA,NA,NA,NA,NA,60,"low","match",FALSE
66,"NO",3896,3560,"slow","Femme","18-25 ans","NON","5",NA,NA,NA,NA,18,40,NA,"OUI","diagonal",17,"slow",32,"Non",NA,NA,NA,NA,NA,NA,NA,NA,NA,NA,60,"low","match",FALSE
67,"NO",3913,7420,"slow","Femme","51 ans et plus","OUI","0.1",13,NA,14,92,NA,NA,NA,NA,NA,NA,NA,NA,"Oui",NA,NA,NA,NA,NA,NA,NA,NA,NA,NA,61,"low","match",FALSE
67,"NO",3917,5973,"slow","Femme","51 ans et plus","OUI","0.2",13,NA,14,92,NA,NA,NA,NA,NA,NA,NA,NA,"Oui",NA,NA,NA,NA,NA,NA,NA,NA,NA,NA,61,"low","match",FALSE
67,"NO",3920,3040,"slow","Femme","51 ans et plus","NON","1",NA,NA,16,NA,17,44,NA,NA,NA,NA,NA,NA,"Oui",0.941176470588235,NA,NA,NA,NA,NA,NA,NA,NA,NA,61,"low","match",FALSE
67,"NO",3923,2353,"slow","Femme","51 ans et plus","NON","2",NA,NA,15,NA,18,43,NA,NA,NA,NA,NA,NA,"Oui",0.833333333333333,NA,NA,NA,NA,NA,NA,NA,NA,NA,61,"low","match",FALSE
67,"NO",3926,1976,"slow","Femme","51 ans et plus","NON","3",NA,NA,20,NA,19,43,1,"NON",NA,NA,NA,NA,"Oui",0.947368421052632,"NON","NON","NON",NA,NA,NA,NA,NA,NA,61,"low","match",FALSE
67,"NO",3930,1734,"slow","Femme","51 ans et plus","NON","3",NA,NA,19,NA,17,49,2,"NON",NA,NA,NA,NA,"Oui",0.882352941176471,NA,NA,NA,"NON","NON","NON",NA,NA,NA,61,"low","match",FALSE
67,"NO",3934,2007,"slow","Femme","51 ans et plus","NON","3",NA,NA,15,NA,17,45,3,"NON",NA,NA,NA,NA,"Oui",0.882352941176471,NA,NA,NA,NA,NA,NA,"NON","NON","NON",61,"low","match",FALSE
67,"NO",3938,1717,"slow","Femme","51 ans et plus","NON","4",NA,NA,15,NA,18,36,NA,"NON","vertical",34,"very_fast",50,"Oui",0.833333333333333,NA,NA,NA,NA,NA,NA,NA,NA,NA,61,"low","match",FALSE
67,"NO",3947,5905,"slow","Femme","51 ans et plus","NON","5",NA,NA,NA,NA,17,38,NA,"OUI","right_to_left",100,"fast",100,"Oui",NA,NA,NA,NA,NA,NA,NA,NA,NA,NA,61,"low","match",FALSE
68,"NO",3965,9335,"fast","Femme","51 ans et plus","OUI","0.1",12,NA,8,67,NA,NA,NA,NA,NA,NA,NA,NA,"Oui",NA,NA,NA,NA,NA,NA,NA,NA,NA,NA,60,"low","mismatch",FALSE
68,"NO",4001,4174,"fast","Femme","51 ans et plus","OUI","0.10",13,NA,10,77,NA,NA,NA,NA,NA,NA,NA,NA,"Oui",NA,NA,NA,NA,NA,NA,NA,NA,NA,NA,60,"low","mismatch",FALSE
68,"NO",4005,4880,"fast","Femme","51 ans et plus","OUI","0.11",14,NA,8,57,NA,NA,NA,NA,NA,NA,NA,NA,"Oui",NA,NA,NA,NA,NA,NA,NA,NA,NA,NA,60,"low","mismatch",FALSE
68,"NO",4009,3500,"fast","Femme","51 ans et plus","OUI","0.12",12,NA,10,83,NA,NA,NA,NA,NA,NA,NA,NA,"Oui",NA,NA,NA,NA,NA,NA,NA,NA,NA,NA,60,"low","mismatch",FALSE
68,"NO",4013,3034,"fast","Femme","51 ans et plus","OUI","0.13",13,NA,12,92,NA,NA,NA,NA,NA,NA,NA,NA,"Oui",NA,NA,NA,NA,NA,NA,NA,NA,NA,NA,60,"low","mismatch",FALSE
68,"NO",3969,7398,"fast","Femme","51 ans et plus","OUI","0.2",12,NA,8,67,NA,NA,NA,NA,NA,NA,NA,NA,"Oui",NA,NA,NA,NA,NA,NA,NA,NA,NA,NA,60,"low","mismatch",FALSE
68,"NO",3973,4030,"fast","Femme","51 ans et plus","OUI","0.3",12,NA,6,50,NA,NA,NA,NA,NA,NA,NA,NA,"Oui",NA,NA,NA,NA,NA,NA,NA,NA,NA,NA,60,"low","mismatch",FALSE
68,"NO",3977,4902,"fast","Femme","51 ans et plus","OUI","0.4",11,NA,7,64,NA,NA,NA,NA,NA,NA,NA,NA,"Oui",NA,NA,NA,NA,NA,NA,NA,NA,NA,NA,60,"low","mismatch",FALSE
68,"NO",3981,8880,"fast","Femme","51 ans et plus","OUI","0.5",11,NA,5,45,NA,NA,NA,NA,NA,NA,NA,NA,"Oui",NA,NA,NA,NA,NA,NA,NA,NA,NA,NA,60,"low","mismatch",FALSE
68,"NO",3985,2987,"fast","Femme","51 ans et plus","OUI","0.6",13,NA,9,69,NA,NA,NA,NA,NA,NA,NA,NA,"Oui",NA,NA,NA,NA,NA,NA,NA,NA,NA,NA,60,"low","mismatch",FALSE
68,"NO",3989,4435,"fast","Femme","51 ans et plus","OUI","0.7",13,NA,12,92,NA,NA,NA,NA,NA,NA,NA,NA,"Oui",NA,NA,NA,NA,NA,NA,NA,NA,NA,NA,60,"low","mismatch",FALSE
68,"NO",3993,5592,"fast","Femme","51 ans et plus","OUI","0.8",12,NA,9,75,NA,NA,NA,NA,NA,NA,NA,NA,"Oui",NA,NA,NA,NA,NA,NA,NA,NA,NA,NA,60,"low","mismatch",FALSE
68,"NO",3997,4498,"fast","Femme","51 ans et plus","OUI","0.9",11,NA,10,91,NA,NA,NA,NA,NA,NA,NA,NA,"Oui",NA,NA,NA,NA,NA,NA,NA,NA,NA,NA,60,"low","mismatch",FALSE
68,"NO",4016,1329,"fast","Femme","51 ans et plus","NON","1",NA,NA,14,NA,17,42,NA,NA,NA,NA,NA,NA,"Oui",0.823529411764706,NA,NA,NA,NA,NA,NA,NA,NA,NA,60,"low","mismatch",FALSE
68,"NO",4019,2712,"fast","Femme","51 ans et plus","NON","2",NA,NA,15,NA,18,43,NA,NA,NA,NA,NA,NA,"Oui",0.833333333333333,NA,NA,NA,NA,NA,NA,NA,NA,NA,60,"low","mismatch",FALSE
68,"NO",4022,3311,"fast","Femme","51 ans et plus","NON","3",NA,NA,14,NA,16,46,1,"NON",NA,NA,NA,NA,"Oui",0.875,"NON","NON","NON",NA,NA,NA,NA,NA,NA,60,"low","mismatch",FALSE
68,"NO",4026,4064,"fast","Femme","51 ans et plus","NON","3",NA,NA,16,NA,17,47,2,"NON",NA,NA,NA,NA,"Oui",0.941176470588235,NA,NA,NA,"NON","NON","NON",NA,NA,NA,60,"low","mismatch",FALSE
68,"NO",4030,3162,"fast","Femme","51 ans et plus","NON","3",NA,NA,15,NA,18,46,3,"NON",NA,NA,NA,NA,"Oui",0.833333333333333,NA,NA,NA,NA,NA,NA,"NON","NON","NON",60,"low","mismatch",FALSE
68,"NO",4034,9061,"fast","Femme","51 ans et plus","NON","4",NA,NA,17,NA,19,42,NA,"NON","vertical",0,"very_fast",21,"Oui",0.894736842105263,NA,NA,NA,NA,NA,NA,NA,NA,NA,60,"low","mismatch",FALSE
68,"NO",4043,10798,"fast","Femme","51 ans et plus","NON","5",NA,NA,NA,NA,18,44,NA,"OUI","vertical",92,"very_fast",88,"Oui",NA,NA,NA,NA,NA,NA,NA,NA,NA,NA,60,"low","mismatch",FALSE
69,"NO",4060,8480,"fast","Homme","18-25 ans","OUI","0.1",12,NA,13,92,NA,NA,NA,NA,NA,NA,NA,NA,"Non",NA,NA,NA,NA,NA,NA,NA,NA,NA,NA,61,"low","mismatch",FALSE
69,"NO",4064,5165,"fast","Homme","18-25 ans","OUI","0.2",9,NA,10,89,NA,NA,NA,NA,NA,NA,NA,NA,"Non",NA,NA,NA,NA,NA,NA,NA,NA,NA,NA,61,"low","mismatch",FALSE
69,"NO",4067,1884,"fast","Homme","18-25 ans","NON","1",NA,NA,17,NA,19,44,NA,NA,NA,NA,NA,NA,"Non",0.894736842105263,NA,NA,NA,NA,NA,NA,NA,NA,NA,61,"low","mismatch",FALSE
69,"NO",4070,15210,"fast","Homme","18-25 ans","NON","2",NA,NA,19,NA,18,44,NA,NA,NA,NA,NA,NA,"Non",0.944444444444444,NA,NA,NA,NA,NA,NA,NA,NA,NA,61,"low","mismatch",FALSE
69,"NO",4073,6169,"fast","Homme","18-25 ans","NON","3",NA,NA,16,NA,17,45,1,"NON",NA,NA,NA,NA,"Non",0.941176470588235,"NON","NON","NON",NA,NA,NA,NA,NA,NA,61,"low","mismatch",FALSE
69,"NO",4077,3465,"fast","Homme","18-25 ans","NON","3",NA,NA,18,NA,19,38,2,"OUI","diagonal",8,"fast",6,"Non",0.947368421052632,NA,NA,NA,"NON","NON","NON",NA,NA,NA,61,"low","mismatch",FALSE
69,"NO",4085,2255,"fast","Homme","18-25 ans","NON","4",NA,NA,16,NA,18,46,NA,"OUI","right_to_left",12,"fast",13,"Non",0.888888888888889,NA,NA,NA,NA,NA,NA,NA,NA,NA,61,"low","mismatch",FALSE
69,"NO",4094,12905,"fast","Homme","18-25 ans","NON","5",NA,NA,NA,NA,17,48,NA,"NON","diagonal",17,"slow",14,"Non",NA,NA,NA,NA,NA,NA,NA,NA,NA,NA,61,"low","mismatch",FALSE
70,"NO",4112,2901,"slow","Homme","18-25 ans","OUI","0.1",12,NA,12,100,NA,NA,NA,NA,NA,NA,NA,NA,"Oui",NA,NA,NA,NA,NA,NA,NA,NA,NA,NA,61,"low","match",TRUE
70,"NO",4116,1492,"slow","Homme","18-25 ans","OUI","0.2",13,NA,12,92,NA,NA,NA,NA,NA,NA,NA,NA,"Oui",NA,NA,NA,NA,NA,NA,NA,NA,NA,NA,61,"low","match",TRUE
70,"NO",4119,1259,"slow","Homme","18-25 ans","NON","1",NA,NA,16,NA,16,48,NA,NA,NA,NA,NA,NA,"Oui",1,NA,NA,NA,NA,NA,NA,NA,NA,NA,61,"low","match",TRUE
70,"NO",4122,989,"slow","Homme","18-25 ans","NON","2",NA,NA,16,NA,17,41,NA,NA,NA,NA,NA,NA,"Oui",0.941176470588235,NA,NA,NA,NA,NA,NA,NA,NA,NA,61,"low","match",TRUE
70,"NO",4125,2893,"slow","Homme","18-25 ans","NON","3",NA,NA,16,NA,18,45,1,"OUI","diagonal",59,"fast",100,"Oui",0.888888888888889,"NON","NON","NON",NA,NA,NA,NA,NA,NA,61,"low","match",TRUE
70,"NO",4133,2200,"slow","Homme","18-25 ans","NON","4",NA,NA,17,NA,18,46,NA,"OUI","diagonal",100,"fast",65,"Oui",0.944444444444444,NA,NA,NA,NA,NA,NA,NA,NA,NA,61,"low","match",TRUE
70,"NO",4142,3518,"slow","Homme","18-25 ans","NON","5",NA,NA,NA,NA,19,43,NA,"OUI","right_to_left",100,"slow",100,"Oui",NA,NA,NA,NA,NA,NA,NA,NA,NA,NA,61,"low","match",TRUE
71,"noticer_mov1",4160,5648,"slow","Femme","18-25 ans","OUI","0.1",13,NA,12,92,NA,NA,NA,NA,NA,NA,NA,NA,"Oui",NA,NA,NA,NA,NA,NA,NA,NA,NA,NA,61,"low","match",TRUE
71,"noticer_mov1",4164,2914,"slow","Femme","18-25 ans","OUI","0.2",11,NA,12,91,NA,NA,NA,NA,NA,NA,NA,NA,"Oui",NA,NA,NA,NA,NA,NA,NA,NA,NA,NA,61,"low","match",TRUE
71,"noticer_mov1",4167,2068,"slow","Femme","18-25 ans","NON","1",NA,NA,26,NA,18,42,NA,NA,NA,NA,NA,NA,"Oui",0.555555555555556,NA,NA,NA,NA,NA,NA,NA,NA,NA,61,"low","match",TRUE
71,"noticer_mov1",4170,2415,"slow","Femme","18-25 ans","NON","2",NA,NA,13,NA,17,45,NA,NA,NA,NA,NA,NA,"Oui",0.764705882352941,NA,NA,NA,NA,NA,NA,NA,NA,NA,61,"low","match",TRUE
71,"noticer_mov1",4173,14499,"slow","Femme","18-25 ans","NON","3",NA,NA,18,NA,18,46,1,"OUI","right_to_left",89,"fast",90,"Oui",1,"OUI","NON","NON",NA,NA,NA,NA,NA,NA,61,"low","match",TRUE
71,"noticer_mov1",4181,1861,"slow","Femme","18-25 ans","NON","4",NA,NA,14,NA,18,43,NA,"NON","random",90,"fast",62,"Oui",0.777777777777778,NA,NA,NA,NA,NA,NA,NA,NA,NA,61,"low","match",TRUE
71,"noticer_mov1",4190,4825,"slow","Femme","18-25 ans","NON","5",NA,NA,NA,NA,17,41,NA,"OUI","right_to_left",100,"slow",100,"Oui",NA,NA,NA,NA,NA,NA,NA,NA,NA,NA,61,"low","match",TRUE
72,"NO",4208,7139,"fast","Homme","51 ans et plus","OUI","0.1",12,NA,0,0,NA,NA,NA,NA,NA,NA,NA,NA,"Non",NA,NA,NA,NA,NA,NA,NA,NA,NA,NA,60,"low","mismatch",FALSE
72,"NO",4244,9612,"fast","Homme","51 ans et plus","OUI","0.10",13,NA,12,92,NA,NA,NA,NA,NA,NA,NA,NA,"Non",NA,NA,NA,NA,NA,NA,NA,NA,NA,NA,60,"low","mismatch",FALSE
72,"NO",4248,3204,"fast","Homme","51 ans et plus","OUI","0.11",14,NA,10,71,NA,NA,NA,NA,NA,NA,NA,NA,"Non",NA,NA,NA,NA,NA,NA,NA,NA,NA,NA,60,"low","mismatch",FALSE
72,"NO",4252,3352,"fast","Homme","51 ans et plus","OUI","0.12",13,NA,14,92,NA,NA,NA,NA,NA,NA,NA,NA,"Non",NA,NA,NA,NA,NA,NA,NA,NA,NA,NA,60,"low","mismatch",FALSE
72,"NO",4256,3728,"fast","Homme","51 ans et plus","OUI","0.13",11,NA,10,91,NA,NA,NA,NA,NA,NA,NA,NA,"Non",NA,NA,NA,NA,NA,NA,NA,NA,NA,NA,60,"low","mismatch",FALSE
72,"NO",4212,2297,"fast","Homme","51 ans et plus","OUI","0.2",13,NA,0,0,NA,NA,NA,NA,NA,NA,NA,NA,"Non",NA,NA,NA,NA,NA,NA,NA,NA,NA,NA,60,"low","mismatch",FALSE
72,"NO",4216,2587,"fast","Homme","51 ans et plus","OUI","0.3",11,NA,0,0,NA,NA,NA,NA,NA,NA,NA,NA,"Non",NA,NA,NA,NA,NA,NA,NA,NA,NA,NA,60,"low","mismatch",FALSE
72,"NO",4220,2175,"fast","Homme","51 ans et plus","OUI","0.4",12,NA,0,0,NA,NA,NA,NA,NA,NA,NA,NA,"Non",NA,NA,NA,NA,NA,NA,NA,NA,NA,NA,60,"low","mismatch",FALSE
72,"NO",4224,1912,"fast","Homme","51 ans et plus","OUI","0.5",12,NA,0,0,NA,NA,NA,NA,NA,NA,NA,NA,"Non",NA,NA,NA,NA,NA,NA,NA,NA,NA,NA,60,"low","mismatch",FALSE
72,"NO",4228,3234,"fast","Homme","51 ans et plus","OUI","0.6",12,NA,30,0,NA,NA,NA,NA,NA,NA,NA,NA,"Non",NA,NA,NA,NA,NA,NA,NA,NA,NA,NA,60,"low","mismatch",FALSE
72,"NO",4232,2912,"fast","Homme","51 ans et plus","OUI","0.7",13,NA,10,77,NA,NA,NA,NA,NA,NA,NA,NA,"Non",NA,NA,NA,NA,NA,NA,NA,NA,NA,NA,60,"low","mismatch",FALSE
72,"NO",4236,3552,"fast","Homme","51 ans et plus","OUI","0.8",13,NA,15,85,NA,NA,NA,NA,NA,NA,NA,NA,"Non",NA,NA,NA,NA,NA,NA,NA,NA,NA,NA,60,"low","mismatch",FALSE
72,"NO",4240,2493,"fast","Homme","51 ans et plus","OUI","0.9",13,NA,9,69,NA,NA,NA,NA,NA,NA,NA,NA,"Non",NA,NA,NA,NA,NA,NA,NA,NA,NA,NA,60,"low","mismatch",FALSE
72,"NO",4259,1225,"fast","Homme","51 ans et plus","NON","1",NA,NA,11,NA,17,48,NA,NA,NA,NA,NA,NA,"Non",0.647058823529412,NA,NA,NA,NA,NA,NA,NA,NA,NA,60,"low","mismatch",FALSE
72,"NO",4262,2136,"fast","Homme","51 ans et plus","NON","2",NA,NA,23,NA,15,47,NA,NA,NA,NA,NA,NA,"Non",0.466666666666667,NA,NA,NA,NA,NA,NA,NA,NA,NA,60,"low","mismatch",FALSE
72,"NO",4265,1204,"fast","Homme","51 ans et plus","NON","3",NA,NA,13,NA,14,43,1,"NON",NA,NA,NA,NA,"Non",0.928571428571429,"NON","NON","NON",NA,NA,NA,NA,NA,NA,60,"low","mismatch",FALSE
72,"NO",4269,2219,"fast","Homme","51 ans et plus","NON","3",NA,NA,16,NA,18,48,2,"NON",NA,NA,NA,NA,"Non",0.888888888888889,NA,NA,NA,"NON","NON","NON",NA,NA,NA,60,"low","mismatch",FALSE
72,"NO",4273,1296,"fast","Homme","51 ans et plus","NON","3",NA,NA,17,NA,20,47,3,"NON",NA,NA,NA,NA,"Non",0.85,NA,NA,NA,NA,NA,NA,"NON","NON","NON",60,"low","mismatch",FALSE
72,"NO",4277,1244,"fast","Homme","51 ans et plus","NON","4",NA,NA,11,NA,18,41,NA,"NON","random",50,"slow",50,"Non",0.611111111111111,NA,NA,NA,NA,NA,NA,NA,NA,NA,60,"low","mismatch",FALSE
72,"NO",4286,1581,"fast","Homme","51 ans et plus","NON","5",NA,NA,NA,NA,16,47,NA,"OUI","right_to_left",100,"slow",64,"Non",NA,NA,NA,NA,NA,NA,NA,NA,NA,NA,60,"low","mismatch",FALSE
73,"NO",4304,3386,"fast","Homme","18-25 ans","OUI","0.1",12,NA,9,75,NA,NA,NA,NA,NA,NA,NA,NA,"Non",NA,NA,NA,NA,NA,NA,NA,NA,NA,NA,60,"low","mismatch",FALSE
73,"NO",4308,4626,"fast","Homme","18-25 ans","OUI","0.2",12,NA,15,75,NA,NA,NA,NA,NA,NA,NA,NA,"Non",NA,NA,NA,NA,NA,NA,NA,NA,NA,NA,60,"low","mismatch",FALSE
73,"NO",4312,3566,"fast","Homme","18-25 ans","OUI","0.3",12,NA,13,92,NA,NA,NA,NA,NA,NA,NA,NA,"Non",NA,NA,NA,NA,NA,NA,NA,NA,NA,NA,60,"low","mismatch",FALSE
73,"NO",4316,4382,"fast","Homme","18-25 ans","OUI","0.4",12,NA,10,83,NA,NA,NA,NA,NA,NA,NA,NA,"Non",NA,NA,NA,NA,NA,NA,NA,NA,NA,NA,60,"low","mismatch",FALSE
73,"NO",4319,2497,"fast","Homme","18-25 ans","NON","1",NA,NA,13,NA,15,41,NA,NA,NA,NA,NA,NA,"Non",0.866666666666667,NA,NA,NA,NA,NA,NA,NA,NA,NA,60,"low","mismatch",FALSE
73,"NO",4322,972,"fast","Homme","18-25 ans","NON","2",NA,NA,13,NA,19,48,NA,NA,NA,NA,NA,NA,"Non",0.684210526315789,NA,NA,NA,NA,NA,NA,NA,NA,NA,60,"low","mismatch",FALSE
73,"NO",4325,3180,"fast","Homme","18-25 ans","NON","3",NA,NA,15,NA,19,44,1,"NON",NA,NA,NA,NA,"Non",0.789473684210526,"NON","NON","NON",NA,NA,NA,NA,NA,NA,60,"low","mismatch",FALSE
73,"NO",4329,984,"fast","Homme","18-25 ans","NON","3",NA,NA,13,NA,17,46,2,"OUI","diagonal",20,"fast",75,"Non",0.764705882352941,NA,NA,NA,"NON","NON","NON",NA,NA,NA,60,"low","mismatch",FALSE
73,"NO",4337,1018,"fast","Homme","18-25 ans","NON","4",NA,NA,14,NA,19,42,NA,"NON","right_to_left",0,"fast",71,"Non",0.736842105263158,NA,NA,NA,NA,NA,NA,NA,NA,NA,60,"low","mismatch",FALSE
73,"NO",4346,3094,"fast","Homme","18-25 ans","NON","5",NA,NA,NA,NA,16,48,NA,"OUI","right_to_left",100,"slow",64,"Non",NA,NA,NA,NA,NA,NA,NA,NA,NA,NA,60,"low","mismatch",FALSE
74,"noticer_mov3",4364,6213,"slow","Homme","Moins de 18 ans","OUI","0.1",12,NA,11,92,NA,NA,NA,NA,NA,NA,NA,NA,"Oui",NA,NA,NA,NA,NA,NA,NA,NA,NA,NA,60,"low","match",FALSE
74,"noticer_mov3",4368,5903,"slow","Homme","Moins de 18 ans","OUI","0.2",12,NA,12,100,NA,NA,NA,NA,NA,NA,NA,NA,"Oui",NA,NA,NA,NA,NA,NA,NA,NA,NA,NA,60,"low","match",FALSE
74,"noticer_mov3",4371,1568,"slow","Homme","Moins de 18 ans","NON","1",NA,NA,17,NA,18,41,NA,NA,NA,NA,NA,NA,"Oui",0.944444444444444,NA,NA,NA,NA,NA,NA,NA,NA,NA,60,"low","match",FALSE
74,"noticer_mov3",4374,1586,"slow","Homme","Moins de 18 ans","NON","2",NA,NA,18,NA,19,47,NA,NA,NA,NA,NA,NA,"Oui",0.947368421052632,NA,NA,NA,NA,NA,NA,NA,NA,NA,60,"low","match",FALSE
74,"noticer_mov3",4377,1122,"slow","Homme","Moins de 18 ans","NON","3",NA,NA,19,NA,19,46,1,"NON",NA,NA,NA,NA,"Oui",1,"NON","NON","NON",NA,NA,NA,NA,NA,NA,60,"low","match",FALSE
74,"noticer_mov3",4381,1373,"slow","Homme","Moins de 18 ans","NON","3",NA,NA,15,NA,18,45,2,"NON",NA,NA,NA,NA,"Oui",0.833333333333333,NA,NA,NA,"NON","NON","NON",NA,NA,NA,60,"low","match",FALSE
74,"noticer_mov3",4385,9223,"slow","Homme","Moins de 18 ans","NON","3",NA,NA,15,NA,18,39,3,"OUI","right_to_left",100,"very_fast",75,"Oui",0.833333333333333,NA,NA,NA,NA,NA,NA,"OUI","NON","NON",60,"low","match",FALSE
74,"noticer_mov3",4393,1348,"slow","Homme","Moins de 18 ans","NON","4",NA,NA,17,NA,18,43,NA,"OUI","right_to_left",100,"very_slow",67,"Oui",0.944444444444444,NA,NA,NA,NA,NA,NA,NA,NA,NA,60,"low","match",FALSE
74,"noticer_mov3",4402,4456,"slow","Homme","Moins de 18 ans","NON","5",NA,NA,NA,NA,19,49,NA,"OUI","diagonal",65,"slow",67,"Oui",NA,NA,NA,NA,NA,NA,NA,NA,NA,NA,60,"low","match",FALSE
75,"NO",4420,6181,"slow","Homme","26-35 ans","OUI","0.1",14,NA,8,57,NA,NA,NA,NA,NA,NA,NA,NA,"Non",NA,NA,NA,NA,NA,NA,NA,NA,NA,NA,61,"low","match",TRUE
75,"NO",4424,3385,"slow","Homme","26-35 ans","OUI","0.2",12,NA,11,92,NA,NA,NA,NA,NA,NA,NA,NA,"Non",NA,NA,NA,NA,NA,NA,NA,NA,NA,NA,61,"low","match",TRUE
75,"NO",4428,3167,"slow","Homme","26-35 ans","OUI","0.3",13,NA,13,100,NA,NA,NA,NA,NA,NA,NA,NA,"Non",NA,NA,NA,NA,NA,NA,NA,NA,NA,NA,61,"low","match",TRUE
75,"NO",4431,1183,"slow","Homme","26-35 ans","NON","1",NA,NA,13,NA,18,45,NA,NA,NA,NA,NA,NA,"Non",0.722222222222222,NA,NA,NA,NA,NA,NA,NA,NA,NA,61,"low","match",TRUE
75,"NO",4434,3250,"slow","Homme","26-35 ans","NON","2",NA,NA,14,NA,19,47,NA,NA,NA,NA,NA,NA,"Non",0.736842105263158,NA,NA,NA,NA,NA,NA,NA,NA,NA,61,"low","match",TRUE
75,"NO",4437,1359,"slow","Homme","26-35 ans","NON","3",NA,NA,15,NA,15,48,1,"NON",NA,NA,NA,NA,"Non",1,"NON","NON","NON",NA,NA,NA,NA,NA,NA,61,"low","match",TRUE
75,"NO",4441,1609,"slow","Homme","26-35 ans","NON","3",NA,NA,14,NA,18,38,2,"NON",NA,NA,NA,NA,"Non",0.777777777777778,NA,NA,NA,"NON","NON","NON",NA,NA,NA,61,"low","match",TRUE
75,"NO",4445,1248,"slow","Homme","26-35 ans","NON","3",NA,NA,11,NA,16,46,3,"NON",NA,NA,NA,NA,"Non",0.6875,NA,NA,NA,NA,NA,NA,"NON","NON","NON",61,"low","match",TRUE
75,"NO",4449,1502,"slow","Homme","26-35 ans","NON","4",NA,NA,14,NA,19,41,NA,"OUI","diagonal",72,"very_fast",100,"Non",0.736842105263158,NA,NA,NA,NA,NA,NA,NA,NA,NA,61,"low","match",TRUE
75,"NO",4458,2369,"slow","Homme","26-35 ans","NON","5",NA,NA,NA,NA,17,46,NA,"OUI","right_to_left",100,"slow",100,"Non",NA,NA,NA,NA,NA,NA,NA,NA,NA,NA,61,"low","match",TRUE
76,"noticer_all2",4475,7739,"slow","Femme","36-50 ans","OUI","0.1",10,NA,5,50,NA,NA,NA,NA,NA,NA,NA,NA,"Non",NA,NA,NA,NA,NA,NA,NA,NA,NA,NA,60,"low","match",FALSE
76,"noticer_all2",4479,8216,"slow","Femme","36-50 ans","OUI","0.2",11,NA,14,73,NA,NA,NA,NA,NA,NA,NA,NA,"Non",NA,NA,NA,NA,NA,NA,NA,NA,NA,NA,60,"low","match",FALSE
76,"noticer_all2",4483,12074,"slow","Femme","36-50 ans","OUI","0.3",12,NA,10,83,NA,NA,NA,NA,NA,NA,NA,NA,"Non",NA,NA,NA,NA,NA,NA,NA,NA,NA,NA,60,"low","match",FALSE
76,"noticer_all2",4487,12659,"slow","Femme","36-50 ans","OUI","0.4",11,NA,5,45,NA,NA,NA,NA,NA,NA,NA,NA,"Non",NA,NA,NA,NA,NA,NA,NA,NA,NA,NA,60,"low","match",FALSE
76,"noticer_all2",4491,5623,"slow","Femme","36-50 ans","OUI","0.5",14,NA,11,79,NA,NA,NA,NA,NA,NA,NA,NA,"Non",NA,NA,NA,NA,NA,NA,NA,NA,NA,NA,60,"low","match",FALSE
76,"noticer_all2",4495,8736,"slow","Femme","36-50 ans","OUI","0.6",11,NA,13,82,NA,NA,NA,NA,NA,NA,NA,NA,"Non",NA,NA,NA,NA,NA,NA,NA,NA,NA,NA,60,"low","match",FALSE
76,"noticer_all2",4499,7101,"slow","Femme","36-50 ans","OUI","0.7",11,NA,9,82,NA,NA,NA,NA,NA,NA,NA,NA,"Non",NA,NA,NA,NA,NA,NA,NA,NA,NA,NA,60,"low","match",FALSE
76,"noticer_all2",4502,2425,"slow","Femme","36-50 ans","NON","1",NA,NA,15,NA,19,48,NA,NA,NA,NA,NA,NA,"Non",0.789473684210526,NA,NA,NA,NA,NA,NA,NA,NA,NA,60,"low","match",FALSE
76,"noticer_all2",4505,2702,"slow","Femme","36-50 ans","NON","2",NA,NA,11,NA,17,47,NA,NA,NA,NA,NA,NA,"Non",0.647058823529412,NA,NA,NA,NA,NA,NA,NA,NA,NA,60,"low","match",FALSE
76,"noticer_all2",4508,2432,"slow","Femme","36-50 ans","NON","3",NA,NA,15,NA,20,45,1,"NON",NA,NA,NA,NA,"Non",0.75,"NON","NON","NON",NA,NA,NA,NA,NA,NA,60,"low","match",FALSE
76,"noticer_all2",4512,2192,"slow","Femme","36-50 ans","NON","3",NA,NA,11,NA,17,43,2,"OUI","right_to_left",66,"slow",57,"Non",0.647058823529412,NA,NA,NA,"OUI","OUI","OUI",NA,NA,NA,60,"low","match",FALSE
76,"noticer_all2",4520,2345,"slow","Femme","36-50 ans","NON","4",NA,NA,14,NA,16,47,NA,"OUI","right_to_left",54,"very_slow",52,"Non",0.875,NA,NA,NA,NA,NA,NA,NA,NA,NA,60,"low","match",FALSE
76,"noticer_all2",4529,7436,"slow","Femme","36-50 ans","NON","5",NA,NA,NA,NA,17,48,NA,"NON","diagonal",46,"very_fast",46,"Non",NA,NA,NA,NA,NA,NA,NA,NA,NA,NA,60,"low","match",FALSE
77,"noticer_all3",4547,18367,"slow","Homme","36-50 ans","OUI","0.1",12,NA,10,83,NA,NA,NA,NA,NA,NA,NA,NA,"Non",NA,NA,NA,NA,NA,NA,NA,NA,NA,NA,60,"low","match",FALSE
77,"noticer_all3",4551,6914,"slow","Homme","36-50 ans","OUI","0.2",11,NA,9,82,NA,NA,NA,NA,NA,NA,NA,NA,"Non",NA,NA,NA,NA,NA,NA,NA,NA,NA,NA,60,"low","match",FALSE
77,"noticer_all3",4554,2118,"slow","Homme","36-50 ans","NON","1",NA,NA,17,NA,18,46,NA,NA,NA,NA,NA,NA,"Non",0.944444444444444,NA,NA,NA,NA,NA,NA,NA,NA,NA,60,"low","match",FALSE
77,"noticer_all3",4557,12393,"slow","Homme","36-50 ans","NON","2",NA,NA,15,NA,20,46,NA,NA,NA,NA,NA,NA,"Non",0.75,NA,NA,NA,NA,NA,NA,NA,NA,NA,60,"low","match",FALSE
77,"noticer_all3",4560,5855,"slow","Homme","36-50 ans","NON","3",NA,NA,16,NA,19,34,1,"NON",NA,NA,NA,NA,"Non",0.842105263157895,"NON","NON","NON",NA,NA,NA,NA,NA,NA,60,"low","match",FALSE
77,"noticer_all3",4564,16043,"slow","Homme","36-50 ans","NON","3",NA,NA,14,NA,19,45,2,"NON",NA,NA,NA,NA,"Non",0.736842105263158,NA,NA,NA,"NON","NON","NON",NA,NA,NA,60,"low","match",FALSE
77,"noticer_all3",4568,7762,"slow","Homme","36-50 ans","NON","3",NA,NA,16,NA,16,46,3,"OUI","right_to_left",100,"slow",100,"Non",1,NA,NA,NA,NA,NA,NA,"OUI","OUI","OUI",60,"low","match",FALSE
77,"noticer_all3",4576,1694,"slow","Homme","36-50 ans","NON","4",NA,NA,13,NA,15,47,NA,"OUI","right_to_left",100,"slow",100,"Non",0.866666666666667,NA,NA,NA,NA,NA,NA,NA,NA,NA,60,"low","match",FALSE
77,"noticer_all3",4585,6676,"slow","Homme","36-50 ans","NON","5",NA,NA,NA,NA,20,46,NA,"OUI","diagonal",66,"fast",75,"Non",NA,NA,NA,NA,NA,NA,NA,NA,NA,NA,60,"low","match",FALSE
78,"NO",4603,6131,"fast","Homme","26-35 ans","OUI","0.1",15,NA,9,60,NA,NA,NA,NA,NA,NA,NA,NA,"Non",NA,NA,NA,NA,NA,NA,NA,NA,NA,NA,60,"low","mismatch",TRUE
78,"NO",4639,5772,"fast","Homme","26-35 ans","OUI","0.10",12,NA,7,58,NA,NA,NA,NA,NA,NA,NA,NA,"Non",NA,NA,NA,NA,NA,NA,NA,NA,NA,NA,60,"low","mismatch",TRUE
78,"NO",4643,8723,"fast","Homme","26-35 ans","OUI","0.11",12,NA,13,92,NA,NA,NA,NA,NA,NA,NA,NA,"Non",NA,NA,NA,NA,NA,NA,NA,NA,NA,NA,60,"low","mismatch",TRUE
78,"NO",4647,9012,"fast","Homme","26-35 ans","OUI","0.12",12,NA,12,100,NA,NA,NA,NA,NA,NA,NA,NA,"Non",NA,NA,NA,NA,NA,NA,NA,NA,NA,NA,60,"low","mismatch",TRUE
78,"NO",4607,5154,"fast","Homme","26-35 ans","OUI","0.2",13,NA,7,54,NA,NA,NA,NA,NA,NA,NA,NA,"Non",NA,NA,NA,NA,NA,NA,NA,NA,NA,NA,60,"low","mismatch",TRUE
78,"NO",4611,2699,"fast","Homme","26-35 ans","OUI","0.3",11,NA,13,82,NA,NA,NA,NA,NA,NA,NA,NA,"Non",NA,NA,NA,NA,NA,NA,NA,NA,NA,NA,60,"low","mismatch",TRUE
78,"NO",4615,3518,"fast","Homme","26-35 ans","OUI","0.4",15,NA,9,60,NA,NA,NA,NA,NA,NA,NA,NA,"Non",NA,NA,NA,NA,NA,NA,NA,NA,NA,NA,60,"low","mismatch",TRUE
78,"NO",4619,8276,"fast","Homme","26-35 ans","OUI","0.5",12,NA,8,67,NA,NA,NA,NA,NA,NA,NA,NA,"Non",NA,NA,NA,NA,NA,NA,NA,NA,NA,NA,60,"low","mismatch",TRUE
78,"NO",4623,5902,"fast","Homme","26-35 ans","OUI","0.6",11,NA,11,100,NA,NA,NA,NA,NA,NA,NA,NA,"Non",NA,NA,NA,NA,NA,NA,NA,NA,NA,NA,60,"low","mismatch",TRUE
78,"NO",4627,4290,"fast","Homme","26-35 ans","OUI","0.7",12,NA,8,67,NA,NA,NA,NA,NA,NA,NA,NA,"Non",NA,NA,NA,NA,NA,NA,NA,NA,NA,NA,60,"low","mismatch",TRUE
78,"NO",4631,4563,"fast","Homme","26-35 ans","OUI","0.8",13,NA,10,77,NA,NA,NA,NA,NA,NA,NA,NA,"Non",NA,NA,NA,NA,NA,NA,NA,NA,NA,NA,60,"low","mismatch",TRUE
78,"NO",4635,1906,"fast","Homme","26-35 ans","OUI","0.9",13,NA,11,85,NA,NA,NA,NA,NA,NA,NA,NA,"Non",NA,NA,NA,NA,NA,NA,NA,NA,NA,NA,60,"low","mismatch",TRUE
78,"NO",4650,3014,"fast","Homme","26-35 ans","NON","1",NA,NA,10,NA,19,42,NA,NA,NA,NA,NA,NA,"Non",0.526315789473684,NA,NA,NA,NA,NA,NA,NA,NA,NA,60,"low","mismatch",TRUE
78,"NO",4653,2840,"fast","Homme","26-35 ans","NON","2",NA,NA,9,NA,18,41,NA,NA,NA,NA,NA,NA,"Non",0.5,NA,NA,NA,NA,NA,NA,NA,NA,NA,60,"low","mismatch",TRUE
78,"NO",4656,1157,"fast","Homme","26-35 ans","NON","3",NA,NA,12,NA,17,46,1,"NON",NA,NA,NA,NA,"Non",0.705882352941176,"NON","NON","NON",NA,NA,NA,NA,NA,NA,60,"low","mismatch",TRUE
78,"NO",4660,1145,"fast","Homme","26-35 ans","NON","3",NA,NA,8,NA,17,44,2,"OUI","diagonal",27,"fast",36,"Non",0.470588235294118,NA,NA,NA,"NON","NON","NON",NA,NA,NA,60,"low","mismatch",TRUE
78,"NO",4668,1095,"fast","Homme","26-35 ans","NON","4",NA,NA,14,NA,17,46,NA,"OUI","right_to_left",38,"fast",40,"Non",0.823529411764706,NA,NA,NA,NA,NA,NA,NA,NA,NA,60,"low","mismatch",TRUE
78,"NO",4677,4646,"fast","Homme","26-35 ans","NON","5",NA,NA,NA,NA,20,48,NA,"OUI","right_to_left",100,"fast",68,"Non",NA,NA,NA,NA,NA,NA,NA,NA,NA,NA,60,"low","mismatch",TRUE
79,"NO",4695,5803,"slow","Homme","51 ans et plus","OUI","0.1",13,NA,8,62,NA,NA,NA,NA,NA,NA,NA,NA,"Non",NA,NA,NA,NA,NA,NA,NA,NA,NA,NA,60,"low","match",FALSE
79,"NO",4699,4296,"slow","Homme","51 ans et plus","OUI","0.2",11,NA,8,73,NA,NA,NA,NA,NA,NA,NA,NA,"Non",NA,NA,NA,NA,NA,NA,NA,NA,NA,NA,60,"low","match",FALSE
79,"NO",4703,8565,"slow","Homme","51 ans et plus","OUI","0.3",12,NA,14,83,NA,NA,NA,NA,NA,NA,NA,NA,"Non",NA,NA,NA,NA,NA,NA,NA,NA,NA,NA,60,"low","match",FALSE
79,"NO",4707,3403,"slow","Homme","51 ans et plus","OUI","0.4",11,NA,11,100,NA,NA,NA,NA,NA,NA,NA,NA,"Non",NA,NA,NA,NA,NA,NA,NA,NA,NA,NA,60,"low","match",FALSE
79,"NO",4710,1662,"slow","Homme","51 ans et plus","NON","1",NA,NA,14,NA,18,46,NA,NA,NA,NA,NA,NA,"Non",0.777777777777778,NA,NA,NA,NA,NA,NA,NA,NA,NA,60,"low","match",FALSE
79,"NO",4713,2363,"slow","Homme","51 ans et plus","NON","2",NA,NA,14,NA,19,42,NA,NA,NA,NA,NA,NA,"Non",0.736842105263158,NA,NA,NA,NA,NA,NA,NA,NA,NA,60,"low","match",FALSE
79,"NO",4716,1798,"slow","Homme","51 ans et plus","NON","3",NA,NA,12,NA,20,49,1,"NON",NA,NA,NA,NA,"Non",0.6,"NON","NON","NON",NA,NA,NA,NA,NA,NA,60,"low","match",FALSE
79,"NO",4720,2484,"slow","Homme","51 ans et plus","NON","3",NA,NA,13,NA,16,43,2,"NON",NA,NA,NA,NA,"Non",0.8125,NA,NA,NA,"NON","NON","NON",NA,NA,NA,60,"low","match",FALSE
79,"NO",4724,2327,"slow","Homme","51 ans et plus","NON","3",NA,NA,12,NA,18,43,3,"NON",NA,NA,NA,NA,"Non",0.666666666666667,NA,NA,NA,NA,NA,NA,"NON","NON","NON",60,"low","match",FALSE
79,"NO",4728,1791,"slow","Homme","51 ans et plus","NON","4",NA,NA,12,NA,17,49,NA,"NON","random",56,"fast",53,"Non",0.705882352941176,NA,NA,NA,NA,NA,NA,NA,NA,NA,60,"low","match",FALSE
79,"NO",4737,4084,"slow","Homme","51 ans et plus","NON","5",NA,NA,NA,NA,18,43,NA,"NON","diagonal",35,"fast",44,"Non",NA,NA,NA,NA,NA,NA,NA,NA,NA,NA,60,"low","match",FALSE
80,"NO",4755,2798,"slow","Femme","36-50 ans","OUI","0.1",12,NA,9,75,NA,NA,NA,NA,NA,NA,NA,NA,"Non",NA,NA,NA,NA,NA,NA,NA,NA,NA,NA,60,"low","match",FALSE
80,"NO",4759,2003,"slow","Femme","36-50 ans","OUI","0.2",11,NA,11,100,NA,NA,NA,NA,NA,NA,NA,NA,"Non",NA,NA,NA,NA,NA,NA,NA,NA,NA,NA,60,"low","match",FALSE
80,"NO",4763,1890,"slow","Femme","36-50 ans","OUI","0.3",11,NA,11,100,NA,NA,NA,NA,NA,NA,NA,NA,"Non",NA,NA,NA,NA,NA,NA,NA,NA,NA,NA,60,"low","match",FALSE
80,"NO",4766,1399,"slow","Femme","36-50 ans","NON","1",NA,NA,18,NA,17,34,NA,NA,NA,NA,NA,NA,"Non",0.941176470588235,NA,NA,NA,NA,NA,NA,NA,NA,NA,60,"low","match",FALSE
80,"NO",4769,1837,"slow","Femme","36-50 ans","NON","2",NA,NA,16,NA,18,49,NA,NA,NA,NA,NA,NA,"Non",0.888888888888889,NA,NA,NA,NA,NA,NA,NA,NA,NA,60,"low","match",FALSE
80,"NO",4772,1203,"slow","Femme","36-50 ans","NON","3",NA,NA,12,NA,18,42,1,"NON",NA,NA,NA,NA,"Non",0.666666666666667,"NON","NON","NON",NA,NA,NA,NA,NA,NA,60,"low","match",FALSE
80,"NO",4776,1202,"slow","Femme","36-50 ans","NON","3",NA,NA,16,NA,19,48,2,"NON",NA,NA,NA,NA,"Non",0.842105263157895,NA,NA,NA,"NON","NON","NON",NA,NA,NA,60,"low","match",FALSE
80,"NO",4780,1106,"slow","Femme","36-50 ans","NON","3",NA,NA,14,NA,15,46,3,"NON",NA,NA,NA,NA,"Non",0.933333333333333,NA,NA,NA,NA,NA,NA,"NON","NON","NON",60,"low","match",FALSE
80,"NO",4784,1085,"slow","Femme","36-50 ans","NON","4",NA,NA,15,NA,16,48,NA,"NON","random",4,"fast",43,"Non",0.9375,NA,NA,NA,NA,NA,NA,NA,NA,NA,60,"low","match",FALSE
80,"NO",4793,1173,"slow","Femme","36-50 ans","NON","5",NA,NA,NA,NA,20,43,NA,"OUI","right_to_left",100,"fast",100,"Non",NA,NA,NA,NA,NA,NA,NA,NA,NA,NA,60,"low","match",FALSE
81,"NO",4811,7010,"fast","Femme","18-25 ans","OUI","0.1",11,NA,13,82,NA,NA,NA,NA,NA,NA,NA,NA,"Non",NA,NA,NA,NA,NA,NA,NA,NA,NA,NA,61,"low","mismatch",FALSE
81,"NO",4815,6836,"fast","Femme","18-25 ans","OUI","0.2",14,NA,13,93,NA,NA,NA,NA,NA,NA,NA,NA,"Non",NA,NA,NA,NA,NA,NA,NA,NA,NA,NA,61,"low","mismatch",FALSE
81,"NO",4818,1734,"fast","Femme","18-25 ans","NON","1",NA,NA,15,NA,18,42,NA,NA,NA,NA,NA,NA,"Non",0.833333333333333,NA,NA,NA,NA,NA,NA,NA,NA,NA,61,"low","mismatch",FALSE
81,"NO",4821,10542,"fast","Femme","18-25 ans","NON","2",NA,NA,17,NA,20,45,NA,NA,NA,NA,NA,NA,"Non",0.85,NA,NA,NA,NA,NA,NA,NA,NA,NA,61,"low","mismatch",FALSE
81,"NO",4824,5007,"fast","Femme","18-25 ans","NON","3",NA,NA,16,NA,20,47,1,"OUI","vertical",42,"very_fast",50,"Non",0.8,"NON","NON","NON",NA,NA,NA,NA,NA,NA,61,"low","mismatch",FALSE
81,"NO",4832,6116,"fast","Femme","18-25 ans","NON","4",NA,NA,20,NA,19,44,NA,"OUI","diagonal",93,"fast",57,"Non",0.947368421052632,NA,NA,NA,NA,NA,NA,NA,NA,NA,61,"low","mismatch",FALSE
81,"NO",4841,10538,"fast","Femme","18-25 ans","NON","5",NA,NA,NA,NA,17,47,NA,"OUI","right_to_left",41,"slow",90,"Non",NA,NA,NA,NA,NA,NA,NA,NA,NA,NA,61,"low","mismatch",FALSE
82,"noticer_mov1",4858,3262,"fast","Homme","36-50 ans","OUI","0.1",13,NA,13,100,NA,NA,NA,NA,NA,NA,NA,NA,"Non",NA,NA,NA,NA,NA,NA,NA,NA,NA,NA,60,"low","mismatch",TRUE
82,"noticer_mov1",4862,2000,"fast","Homme","36-50 ans","OUI","0.2",12,NA,11,92,NA,NA,NA,NA,NA,NA,NA,NA,"Non",NA,NA,NA,NA,NA,NA,NA,NA,NA,NA,60,"low","mismatch",TRUE
82,"noticer_mov1",4865,706,"fast","Homme","36-50 ans","NON","1",NA,NA,13,NA,18,43,NA,NA,NA,NA,NA,NA,"Non",0.722222222222222,NA,NA,NA,NA,NA,NA,NA,NA,NA,60,"low","mismatch",TRUE
82,"noticer_mov1",4868,1235,"fast","Homme","36-50 ans","NON","2",NA,NA,13,NA,19,45,NA,NA,NA,NA,NA,NA,"Non",0.684210526315789,NA,NA,NA,NA,NA,NA,NA,NA,NA,60,"low","mismatch",TRUE
82,"noticer_mov1",4871,892,"fast","Homme","36-50 ans","NON","3",NA,NA,14,NA,16,48,1,"OUI","right_to_left",85,"fast",99,"Non",0.875,"OUI","NON","NON",NA,NA,NA,NA,NA,NA,60,"low","mismatch",TRUE
82,"noticer_mov1",4879,1606,"fast","Homme","36-50 ans","NON","4",NA,NA,15,NA,18,48,NA,"NON","diagonal",2,"fast",0,"Non",0.833333333333333,NA,NA,NA,NA,NA,NA,NA,NA,NA,60,"low","mismatch",TRUE
82,"noticer_mov1",4888,3279,"fast","Homme","36-50 ans","NON","5",NA,NA,NA,NA,19,47,NA,"OUI","right_to_left",100,"fast",100,"Non",NA,NA,NA,NA,NA,NA,NA,NA,NA,NA,60,"low","mismatch",TRUE
83,"noticer_mov1",4906,4709,"slow","Femme","18-25 ans","OUI","0.1",10,NA,10,100,NA,NA,NA,NA,NA,NA,NA,NA,"Non",NA,NA,NA,NA,NA,NA,NA,NA,NA,NA,60,"low","match",TRUE
83,"noticer_mov1",4910,2588,"slow","Femme","18-25 ans","OUI","0.2",14,NA,14,100,NA,NA,NA,NA,NA,NA,NA,NA,"Non",NA,NA,NA,NA,NA,NA,NA,NA,NA,NA,60,"low","match",TRUE
83,"noticer_mov1",4913,1618,"slow","Femme","18-25 ans","NON","1",NA,NA,17,NA,19,46,NA,NA,NA,NA,NA,NA,"Non",0.894736842105263,NA,NA,NA,NA,NA,NA,NA,NA,NA,60,"low","match",TRUE
83,"noticer_mov1",4916,3762,"slow","Femme","18-25 ans","NON","2",NA,NA,17,NA,19,44,NA,NA,NA,NA,NA,NA,"Non",0.894736842105263,NA,NA,NA,NA,NA,NA,NA,NA,NA,60,"low","match",TRUE
83,"noticer_mov1",4919,1713,"slow","Femme","18-25 ans","NON","3",NA,NA,16,NA,17,48,1,"OUI","right_to_left",87,"fast",83,"Non",0.941176470588235,"OUI","NON","NON",NA,NA,NA,NA,NA,NA,60,"low","match",TRUE
83,"noticer_mov1",4927,1447,"slow","Femme","18-25 ans","NON","4",NA,NA,18,NA,18,36,NA,"OUI","vertical",59,"slow",59,"Non",1,NA,NA,NA,NA,NA,NA,NA,NA,NA,60,"low","match",TRUE
83,"noticer_mov1",4936,3410,"slow","Femme","18-25 ans","NON","5",NA,NA,NA,NA,18,48,NA,"OUI","right_to_left",100,"slow",99,"Non",NA,NA,NA,NA,NA,NA,NA,NA,NA,NA,60,"low","match",TRUE
84,"NO",4954,16036,"fast","Femme","18-25 ans","OUI","0.1",12,NA,9,75,NA,NA,NA,NA,NA,NA,NA,NA,"Non",NA,NA,NA,NA,NA,NA,NA,NA,NA,NA,60,"low","mismatch",FALSE
84,"NO",4958,16844,"fast","Femme","18-25 ans","OUI","0.2",11,NA,9,82,NA,NA,NA,NA,NA,NA,NA,NA,"Non",NA,NA,NA,NA,NA,NA,NA,NA,NA,NA,60,"low","mismatch",FALSE
84,"NO",4962,6053,"fast","Femme","18-25 ans","OUI","0.3",11,NA,12,91,NA,NA,NA,NA,NA,NA,NA,NA,"Non",NA,NA,NA,NA,NA,NA,NA,NA,NA,NA,60,"low","mismatch",FALSE
84,"NO",4965,1086,"fast","Femme","18-25 ans","NON","1",NA,NA,14,NA,18,44,NA,NA,NA,NA,NA,NA,"Non",0.777777777777778,NA,NA,NA,NA,NA,NA,NA,NA,NA,60,"low","mismatch",FALSE
84,"NO",4968,4570,"fast","Femme","18-25 ans","NON","2",NA,NA,13,NA,16,43,NA,NA,NA,NA,NA,NA,"Non",0.8125,NA,NA,NA,NA,NA,NA,NA,NA,NA,60,"low","mismatch",FALSE
84,"NO",4971,3927,"fast","Femme","18-25 ans","NON","3",NA,NA,14,NA,16,42,1,"OUI","diagonal",16,"fast",100,"Non",0.875,"NON","NON","NON",NA,NA,NA,NA,NA,NA,60,"low","mismatch",FALSE
84,"NO",4979,10773,"fast","Femme","18-25 ans","NON","4",NA,NA,13,NA,20,43,NA,"NON","vertical",65,"fast",50,"Non",0.65,NA,NA,NA,NA,NA,NA,NA,NA,NA,60,"low","mismatch",FALSE
84,"NO",4988,7013,"fast","Femme","18-25 ans","NON","5",NA,NA,NA,NA,18,47,NA,"NON","right_to_left",59,"fast",56,"Non",NA,NA,NA,NA,NA,NA,NA,NA,NA,NA,60,"low","mismatch",FALSE
85,"NO",5006,4020,"fast","Homme","18-25 ans","OUI","0.1",13,NA,13,100,NA,NA,NA,NA,NA,NA,NA,NA,"Non",NA,NA,NA,NA,NA,NA,NA,NA,NA,NA,61,"low","mismatch",FALSE
85,"NO",5010,2689,"fast","Homme","18-25 ans","OUI","0.2",13,NA,13,100,NA,NA,NA,NA,NA,NA,NA,NA,"Non",NA,NA,NA,NA,NA,NA,NA,NA,NA,NA,61,"low","mismatch",FALSE
85,"NO",5013,3277,"fast","Homme","18-25 ans","NON","1",NA,NA,18,NA,18,48,NA,NA,NA,NA,NA,NA,"Non",1,NA,NA,NA,NA,NA,NA,NA,NA,NA,61,"low","mismatch",FALSE
85,"NO",5016,2349,"fast","Homme","18-25 ans","NON","2",NA,NA,12,NA,15,48,NA,NA,NA,NA,NA,NA,"Non",0.8,NA,NA,NA,NA,NA,NA,NA,NA,NA,61,"low","mismatch",FALSE
85,"NO",5019,2240,"fast","Homme","18-25 ans","NON","3",NA,NA,14,NA,14,41,1,"NON",NA,NA,NA,NA,"Non",1,"NON","NON","NON",NA,NA,NA,NA,NA,NA,61,"low","mismatch",FALSE
85,"NO",5023,8217,"fast","Homme","18-25 ans","NON","3",NA,NA,14,NA,16,44,2,"NON",NA,NA,NA,NA,"Non",0.875,NA,NA,NA,"NON","NON","NON",NA,NA,NA,61,"low","mismatch",FALSE
85,"NO",5027,7819,"fast","Homme","18-25 ans","NON","3",NA,NA,16,NA,18,45,3,"NON",NA,NA,NA,NA,"Non",0.888888888888889,NA,NA,NA,NA,NA,NA,"NON","NON","NON",61,"low","mismatch",FALSE
85,"NO",5031,1308,"fast","Homme","18-25 ans","NON","4",NA,NA,20,NA,19,42,NA,"OUI","diagonal",29,"very_fast",53,"Non",0.947368421052632,NA,NA,NA,NA,NA,NA,NA,NA,NA,61,"low","mismatch",FALSE
85,"NO",5040,8114,"fast","Homme","18-25 ans","NON","5",NA,NA,NA,NA,19,47,NA,"OUI","right_to_left",100,"very_fast",100,"Non",NA,NA,NA,NA,NA,NA,NA,NA,NA,NA,61,"low","mismatch",FALSE
86,"NO",5057,6049,"slow","Femme","18-25 ans","OUI","0.1",10,NA,10,100,NA,NA,NA,NA,NA,NA,NA,NA,"Non",NA,NA,NA,NA,NA,NA,NA,NA,NA,NA,60,"low","match",FALSE
86,"NO",5061,4976,"slow","Femme","18-25 ans","OUI","0.2",12,NA,6,50,NA,NA,NA,NA,NA,NA,NA,NA,"Non",NA,NA,NA,NA,NA,NA,NA,NA,NA,NA,60,"low","match",FALSE
86,"NO",5065,6072,"slow","Femme","18-25 ans","OUI","0.3",13,NA,10,77,NA,NA,NA,NA,NA,NA,NA,NA,"Non",NA,NA,NA,NA,NA,NA,NA,NA,NA,NA,60,"low","match",FALSE
86,"NO",5069,4308,"slow","Femme","18-25 ans","OUI","0.4",12,NA,12,100,NA,NA,NA,NA,NA,NA,NA,NA,"Non",NA,NA,NA,NA,NA,NA,NA,NA,NA,NA,60,"low","match",FALSE
86,"NO",5073,5293,"slow","Femme","18-25 ans","OUI","0.5",12,NA,8,67,NA,NA,NA,NA,NA,NA,NA,NA,"Non",NA,NA,NA,NA,NA,NA,NA,NA,NA,NA,60,"low","match",FALSE
86,"NO",5077,4522,"slow","Femme","18-25 ans","OUI","0.6",11,NA,13,82,NA,NA,NA,NA,NA,NA,NA,NA,"Non",NA,NA,NA,NA,NA,NA,NA,NA,NA,NA,60,"low","match",FALSE
86,"NO",5081,4052,"slow","Femme","18-25 ans","OUI","0.7",12,NA,9,75,NA,NA,NA,NA,NA,NA,NA,NA,"Non",NA,NA,NA,NA,NA,NA,NA,NA,NA,NA,60,"low","match",FALSE
86,"NO",5085,5356,"slow","Femme","18-25 ans","OUI","0.8",14,NA,14,100,NA,NA,NA,NA,NA,NA,NA,NA,"Non",NA,NA,NA,NA,NA,NA,NA,NA,NA,NA,60,"low","match",FALSE
86,"NO",5089,6035,"slow","Femme","18-25 ans","OUI","0.9",11,NA,12,91,NA,NA,NA,NA,NA,NA,NA,NA,"Non",NA,NA,NA,NA,NA,NA,NA,NA,NA,NA,60,"low","match",FALSE
86,"NO",5092,2213,"slow","Femme","18-25 ans","NON","1",NA,NA,17,NA,19,49,NA,NA,NA,NA,NA,NA,"Non",0.894736842105263,NA,NA,NA,NA,NA,NA,NA,NA,NA,60,"low","match",FALSE
86,"NO",5095,1646,"slow","Femme","18-25 ans","NON","2",NA,NA,15,NA,19,44,NA,NA,NA,NA,NA,NA,"Non",0.789473684210526,NA,NA,NA,NA,NA,NA,NA,NA,NA,60,"low","match",FALSE
86,"NO",5098,1079,"slow","Femme","18-25 ans","NON","3",NA,NA,17,NA,19,44,1,"NON",NA,NA,NA,NA,"Non",0.894736842105263,"NON","NON","NON",NA,NA,NA,NA,NA,NA,60,"low","match",FALSE
86,"NO",5102,1594,"slow","Femme","18-25 ans","NON","3",NA,NA,16,NA,17,44,2,"NON",NA,NA,NA,NA,"Non",0.941176470588235,NA,NA,NA,"NON","NON","NON",NA,NA,NA,60,"low","match",FALSE
86,"NO",5106,1863,"slow","Femme","18-25 ans","NON","3",NA,NA,16,NA,19,47,3,"NON",NA,NA,NA,NA,"Non",0.842105263157895,NA,NA,NA,NA,NA,NA,"NON","NON","NON",60,"low","match",FALSE
86,"NO",5110,1378,"slow","Femme","18-25 ans","NON","4",NA,NA,19,NA,20,45,NA,"NON","diagonal",30,"very_fast",61,"Non",0.95,NA,NA,NA,NA,NA,NA,NA,NA,NA,60,"low","match",FALSE
86,"NO",5119,5566,"slow","Femme","18-25 ans","NON","5",NA,NA,NA,NA,18,46,NA,"OUI","right_to_left",100,"very_slow",64,"Non",NA,NA,NA,NA,NA,NA,NA,NA,NA,NA,60,"low","match",FALSE
87,"NO",5137,6578,"fast","Femme","51 ans et plus","OUI","0.1",13,NA,12,92,NA,NA,NA,NA,NA,NA,NA,NA,"Non",NA,NA,NA,NA,NA,NA,NA,NA,NA,NA,61,"low","mismatch",FALSE
87,"NO",5141,6223,"fast","Femme","51 ans et plus","OUI","0.2",12,NA,10,83,NA,NA,NA,NA,NA,NA,NA,NA,"Non",NA,NA,NA,NA,NA,NA,NA,NA,NA,NA,61,"low","mismatch",FALSE
87,"NO",5144,10832,"fast","Femme","51 ans et plus","NON","1",NA,NA,19,NA,18,45,NA,NA,NA,NA,NA,NA,"Non",0.944444444444444,NA,NA,NA,NA,NA,NA,NA,NA,NA,61,"low","mismatch",FALSE
87,"NO",5147,4531,"fast","Femme","51 ans et plus","NON","2",NA,NA,15,NA,18,42,NA,NA,NA,NA,NA,NA,"Non",0.833333333333333,NA,NA,NA,NA,NA,NA,NA,NA,NA,61,"low","mismatch",FALSE
87,"NO",5150,2515,"fast","Femme","51 ans et plus","NON","3",NA,NA,17,NA,18,41,1,"OUI","vertical",0,"fast",7,"Non",0.944444444444444,"NON","NON","NON",NA,NA,NA,NA,NA,NA,61,"low","mismatch",FALSE
87,"NO",5158,4997,"fast","Femme","51 ans et plus","NON","4",NA,NA,13,NA,19,49,NA,"OUI","right_to_left",100,"very_fast",100,"Non",0.684210526315789,NA,NA,NA,NA,NA,NA,NA,NA,NA,61,"low","mismatch",FALSE
87,"NO",5167,16680,"fast","Femme","51 ans et plus","NON","5",NA,NA,NA,NA,19,42,NA,"OUI","right_to_left",100,"very_fast",95,"Non",NA,NA,NA,NA,NA,NA,NA,NA,NA,NA,61,"low","mismatch",FALSE
88,"noticer_mov2",5185,6594,"fast","Homme","18-25 ans","OUI","0.1",14,NA,6,43,NA,NA,NA,NA,NA,NA,NA,NA,"Non",NA,NA,NA,NA,NA,NA,NA,NA,NA,NA,60,"low","mismatch",TRUE
88,"noticer_mov2",5189,10397,"fast","Homme","18-25 ans","OUI","0.2",12,NA,17,58,NA,NA,NA,NA,NA,NA,NA,NA,"Non",NA,NA,NA,NA,NA,NA,NA,NA,NA,NA,60,"low","mismatch",TRUE
88,"noticer_mov2",5193,4678,"fast","Homme","18-25 ans","OUI","0.3",13,NA,13,100,NA,NA,NA,NA,NA,NA,NA,NA,"Non",NA,NA,NA,NA,NA,NA,NA,NA,NA,NA,60,"low","mismatch",TRUE
88,"noticer_mov2",5197,6024,"fast","Homme","18-25 ans","OUI","0.4",11,NA,11,100,NA,NA,NA,NA,NA,NA,NA,NA,"Non",NA,NA,NA,NA,NA,NA,NA,NA,NA,NA,60,"low","mismatch",TRUE
88,"noticer_mov2",5200,1659,"fast","Homme","18-25 ans","NON","1",NA,NA,16,NA,16,43,NA,NA,NA,NA,NA,NA,"Non",1,NA,NA,NA,NA,NA,NA,NA,NA,NA,60,"low","mismatch",TRUE
88,"noticer_mov2",5203,5120,"fast","Homme","18-25 ans","NON","2",NA,NA,14,NA,20,48,NA,NA,NA,NA,NA,NA,"Non",0.7,NA,NA,NA,NA,NA,NA,NA,NA,NA,60,"low","mismatch",TRUE
88,"noticer_mov2",5206,3055,"fast","Homme","18-25 ans","NON","3",NA,NA,15,NA,15,44,1,"NON",NA,NA,NA,NA,"Non",1,"NON","NON","NON",NA,NA,NA,NA,NA,NA,60,"low","mismatch",TRUE
88,"noticer_mov2",5210,2228,"fast","Homme","18-25 ans","NON","3",NA,NA,17,NA,17,45,2,"OUI","right_to_left",59,"very_fast",72,"Non",1,NA,NA,NA,"OUI","NON","NON",NA,NA,NA,60,"low","mismatch",TRUE
88,"noticer_mov2",5218,2007,"fast","Homme","18-25 ans","NON","4",NA,NA,16,NA,17,42,NA,"OUI","right_to_left",57,"fast",65,"Non",0.941176470588235,NA,NA,NA,NA,NA,NA,NA,NA,NA,60,"low","mismatch",TRUE
88,"noticer_mov2",5227,7529,"fast","Homme","18-25 ans","NON","5",NA,NA,NA,NA,16,46,NA,"OUI","right_to_left",38,"fast",41,"Non",NA,NA,NA,NA,NA,NA,NA,NA,NA,NA,60,"low","mismatch",TRUE
89,"noticer_all1",5245,12509,"slow","Femme","18-25 ans","OUI","0.1",12,NA,6,50,NA,NA,NA,NA,NA,NA,NA,NA,"Non",NA,NA,NA,NA,NA,NA,NA,NA,NA,NA,60,"low","match",FALSE
89,"noticer_all1",5249,5109,"slow","Femme","18-25 ans","OUI","0.2",14,NA,15,93,NA,NA,NA,NA,NA,NA,NA,NA,"Non",NA,NA,NA,NA,NA,NA,NA,NA,NA,NA,60,"low","match",FALSE
89,"noticer_all1",5253,5615,"slow","Femme","18-25 ans","OUI","0.3",13,NA,16,77,NA,NA,NA,NA,NA,NA,NA,NA,"Non",NA,NA,NA,NA,NA,NA,NA,NA,NA,NA,60,"low","match",FALSE
89,"noticer_all1",5257,4399,"slow","Femme","18-25 ans","OUI","0.4",11,NA,10,91,NA,NA,NA,NA,NA,NA,NA,NA,"Non",NA,NA,NA,NA,NA,NA,NA,NA,NA,NA,60,"low","match",FALSE
89,"noticer_all1",5261,3872,"slow","Femme","18-25 ans","OUI","0.5",12,NA,11,92,NA,NA,NA,NA,NA,NA,NA,NA,"Non",NA,NA,NA,NA,NA,NA,NA,NA,NA,NA,60,"low","match",FALSE
89,"noticer_all1",5264,1397,"slow","Femme","18-25 ans","NON","1",NA,NA,16,NA,19,44,NA,NA,NA,NA,NA,NA,"Non",0.842105263157895,NA,NA,NA,NA,NA,NA,NA,NA,NA,60,"low","match",FALSE
89,"noticer_all1",5267,1786,"slow","Femme","18-25 ans","NON","2",NA,NA,18,NA,19,46,NA,NA,NA,NA,NA,NA,"Non",0.947368421052632,NA,NA,NA,NA,NA,NA,NA,NA,NA,60,"low","match",FALSE
89,"noticer_all1",5270,1348,"slow","Femme","18-25 ans","NON","3",NA,NA,15,NA,20,41,1,"OUI","right_to_left",84,"slow",53,"Non",0.75,"OUI","OUI","OUI",NA,NA,NA,NA,NA,NA,60,"low","match",FALSE
89,"noticer_all1",5278,1167,"slow","Femme","18-25 ans","NON","4",NA,NA,13,NA,18,44,NA,"OUI","diagonal",38,"slow",69,"Non",0.722222222222222,NA,NA,NA,NA,NA,NA,NA,NA,NA,60,"low","match",FALSE
89,"noticer_all1",5287,4985,"slow","Femme","18-25 ans","NON","5",NA,NA,NA,NA,19,41,NA,"OUI","right_to_left",79,"fast",41,"Non",NA,NA,NA,NA,NA,NA,NA,NA,NA,NA,60,"low","match",FALSE
90,"NO",5305,10676,"slow","Femme","18-25 ans","OUI","0.1",9,NA,9,100,NA,NA,NA,NA,NA,NA,NA,NA,"Non",NA,NA,NA,NA,NA,NA,NA,NA,NA,NA,61,"low","match",TRUE
90,"NO",5309,5252,"slow","Femme","18-25 ans","OUI","0.2",12,NA,11,92,NA,NA,NA,NA,NA,NA,NA,NA,"Non",NA,NA,NA,NA,NA,NA,NA,NA,NA,NA,61,"low","match",TRUE
90,"NO",5312,1529,"slow","Femme","18-25 ans","NON","1",NA,NA,18,NA,20,42,NA,NA,NA,NA,NA,NA,"Non",0.9,NA,NA,NA,NA,NA,NA,NA,NA,NA,61,"low","match",TRUE
90,"NO",5315,2560,"slow","Femme","18-25 ans","NON","2",NA,NA,17,NA,20,48,NA,NA,NA,NA,NA,NA,"Non",0.85,NA,NA,NA,NA,NA,NA,NA,NA,NA,61,"low","match",TRUE
90,"NO",5318,4593,"slow","Femme","18-25 ans","NON","3",NA,NA,15,NA,18,43,1,"NON",NA,NA,NA,NA,"Non",0.833333333333333,"NON","NON","NON",NA,NA,NA,NA,NA,NA,61,"low","match",TRUE
90,"NO",5322,1943,"slow","Femme","18-25 ans","NON","3",NA,NA,12,NA,16,37,2,"OUI","diagonal",5,"fast",19,"Non",0.75,NA,NA,NA,"NON","NON","NON",NA,NA,NA,61,"low","match",TRUE
90,"NO",5330,1566,"slow","Femme","18-25 ans","NON","4",NA,NA,19,NA,19,39,NA,"NON","random",7,"fast",10,"Non",1,NA,NA,NA,NA,NA,NA,NA,NA,NA,61,"low","match",TRUE
90,"NO",5339,3891,"slow","Femme","18-25 ans","NON","5",NA,NA,NA,NA,18,39,NA,"OUI","right_to_left",95,"slow",81,"Non",NA,NA,NA,NA,NA,NA,NA,NA,NA,NA,61,"low","match",TRUE
91,"noticer_mov2",5356,9102,"slow","Homme","18-25 ans","OUI","0.1",12,NA,12,100,NA,NA,NA,NA,NA,NA,NA,NA,"Non",NA,NA,NA,NA,NA,NA,NA,NA,NA,NA,61,"low","match",FALSE
91,"noticer_mov2",5360,6738,"slow","Homme","18-25 ans","OUI","0.2",11,NA,7,64,NA,NA,NA,NA,NA,NA,NA,NA,"Non",NA,NA,NA,NA,NA,NA,NA,NA,NA,NA,61,"low","match",FALSE
91,"noticer_mov2",5364,3833,"slow","Homme","18-25 ans","OUI","0.3",12,NA,12,100,NA,NA,NA,NA,NA,NA,NA,NA,"Non",NA,NA,NA,NA,NA,NA,NA,NA,NA,NA,61,"low","match",FALSE
91,"noticer_mov2",5368,3391,"slow","Homme","18-25 ans","OUI","0.4",13,NA,12,92,NA,NA,NA,NA,NA,NA,NA,NA,"Non",NA,NA,NA,NA,NA,NA,NA,NA,NA,NA,61,"low","match",FALSE
91,"noticer_mov2",5371,6159,"slow","Homme","18-25 ans","NON","1",NA,NA,17,NA,18,47,NA,NA,NA,NA,NA,NA,"Non",0.944444444444444,NA,NA,NA,NA,NA,NA,NA,NA,NA,61,"low","match",FALSE
91,"noticer_mov2",5374,2118,"slow","Homme","18-25 ans","NON","2",NA,NA,16,NA,17,39,NA,NA,NA,NA,NA,NA,"Non",0.941176470588235,NA,NA,NA,NA,NA,NA,NA,NA,NA,61,"low","match",FALSE
91,"noticer_mov2",5377,7025,"slow","Homme","18-25 ans","NON","3",NA,NA,20,NA,20,45,1,"NON",NA,NA,NA,NA,"Non",1,"NON","NON","NON",NA,NA,NA,NA,NA,NA,61,"low","match",FALSE
91,"noticer_mov2",5381,1445,"slow","Homme","18-25 ans","NON","3",NA,NA,18,NA,18,46,2,"OUI","right_to_left",33,"fast",53,"Non",1,NA,NA,NA,"OUI","NON","NON",NA,NA,NA,61,"low","match",FALSE
91,"noticer_mov2",5389,1807,"slow","Homme","18-25 ans","NON","4",NA,NA,16,NA,16,46,NA,"NON","diagonal",66,"fast",0,"Non",1,NA,NA,NA,NA,NA,NA,NA,NA,NA,61,"low","match",FALSE
91,"noticer_mov2",5398,5566,"slow","Homme","18-25 ans","NON","5",NA,NA,NA,NA,18,41,NA,"OUI","right_to_left",93,"fast",64,"Non",NA,NA,NA,NA,NA,NA,NA,NA,NA,NA,61,"low","match",FALSE
92,"noticer_mov2",5416,5680,"slow","Femme","18-25 ans","OUI","0.1",12,NA,11,92,NA,NA,NA,NA,NA,NA,NA,NA,"Oui",NA,NA,NA,NA,NA,NA,NA,NA,NA,NA,60,"low","match",TRUE
92,"noticer_mov2",5420,7472,"slow","Femme","18-25 ans","OUI","0.2",12,NA,11,92,NA,NA,NA,NA,NA,NA,NA,NA,"Oui",NA,NA,NA,NA,NA,NA,NA,NA,NA,NA,60,"low","match",TRUE
92,"noticer_mov2",5423,7356,"slow","Femme","18-25 ans","NON","1",NA,NA,14,NA,20,46,NA,NA,NA,NA,NA,NA,"Oui",0.7,NA,NA,NA,NA,NA,NA,NA,NA,NA,60,"low","match",TRUE
92,"noticer_mov2",5426,2999,"slow","Femme","18-25 ans","NON","2",NA,NA,16,NA,19,47,NA,NA,NA,NA,NA,NA,"Oui",0.842105263157895,NA,NA,NA,NA,NA,NA,NA,NA,NA,60,"low","match",TRUE
92,"noticer_mov2",5429,2635,"slow","Femme","18-25 ans","NON","3",NA,NA,13,NA,19,40,1,"NON",NA,NA,NA,NA,"Oui",0.684210526315789,"NON","NON","NON",NA,NA,NA,NA,NA,NA,60,"low","match",TRUE
92,"noticer_mov2",5433,1047,"slow","Femme","18-25 ans","NON","3",NA,NA,15,NA,19,49,2,"OUI","right_to_left",74,"fast",27,"Oui",0.789473684210526,NA,NA,NA,"OUI","NON","NON",NA,NA,NA,60,"low","match",TRUE
92,"noticer_mov2",5441,1702,"slow","Femme","18-25 ans","NON","4",NA,NA,11,NA,18,38,NA,"NON","diagonal",10,"slow",20,"Oui",0.611111111111111,NA,NA,NA,NA,NA,NA,NA,NA,NA,60,"low","match",TRUE
92,"noticer_mov2",5450,3013,"slow","Femme","18-25 ans","NON","5",NA,NA,NA,NA,19,41,NA,"OUI","right_to_left",100,"slow",72,"Oui",NA,NA,NA,NA,NA,NA,NA,NA,NA,NA,60,"low","match",TRUE
93,"noticer_speed1",5468,4683,"slow","Femme","18-25 ans","OUI","0.1",13,NA,8,62,NA,NA,NA,NA,NA,NA,NA,NA,"Non",NA,NA,NA,NA,NA,NA,NA,NA,NA,NA,61,"low","match",TRUE
93,"noticer_speed1",5472,3173,"slow","Femme","18-25 ans","OUI","0.2",11,NA,9,82,NA,NA,NA,NA,NA,NA,NA,NA,"Non",NA,NA,NA,NA,NA,NA,NA,NA,NA,NA,61,"low","match",TRUE
93,"noticer_speed1",5476,2606,"slow","Femme","18-25 ans","OUI","0.3",12,NA,11,92,NA,NA,NA,NA,NA,NA,NA,NA,"Non",NA,NA,NA,NA,NA,NA,NA,NA,NA,NA,61,"low","match",TRUE
93,"noticer_speed1",5479,2289,"slow","Femme","18-25 ans","NON","1",NA,NA,16,NA,19,47,NA,NA,NA,NA,NA,NA,"Non",0.842105263157895,NA,NA,NA,NA,NA,NA,NA,NA,NA,61,"low","match",TRUE
93,"noticer_speed1",5482,1616,"slow","Femme","18-25 ans","NON","2",NA,NA,14,NA,18,47,NA,NA,NA,NA,NA,NA,"Non",0.777777777777778,NA,NA,NA,NA,NA,NA,NA,NA,NA,61,"low","match",TRUE
93,"noticer_speed1",5485,1089,"slow","Femme","18-25 ans","NON","3",NA,NA,16,NA,20,38,1,"OUI","diagonal",28,"slow",67,"Non",0.8,"NON","OUI","NON",NA,NA,NA,NA,NA,NA,61,"low","match",TRUE
93,"noticer_speed1",5493,1425,"slow","Femme","18-25 ans","NON","4",NA,NA,16,NA,18,42,NA,"NON","vertical",10,"very_fast",61,"Non",0.888888888888889,NA,NA,NA,NA,NA,NA,NA,NA,NA,61,"low","match",TRUE
93,"noticer_speed1",5502,4299,"slow","Femme","18-25 ans","NON","5",NA,NA,NA,NA,18,40,NA,"OUI","right_to_left",100,"slow",100,"Non",NA,NA,NA,NA,NA,NA,NA,NA,NA,NA,61,"low","match",TRUE
94,"noticer_mov2",5520,3389,"slow","Homme","18-25 ans","OUI","0.1",13,NA,9,69,NA,NA,NA,NA,NA,NA,NA,NA,"Oui",NA,NA,NA,NA,NA,NA,NA,NA,NA,NA,60,"low","match",TRUE
94,"noticer_mov2",5524,3089,"slow","Homme","18-25 ans","OUI","0.2",12,NA,12,100,NA,NA,NA,NA,NA,NA,NA,NA,"Oui",NA,NA,NA,NA,NA,NA,NA,NA,NA,NA,60,"low","match",TRUE
94,"noticer_mov2",5528,2588,"slow","Homme","18-25 ans","OUI","0.3",13,NA,9,69,NA,NA,NA,NA,NA,NA,NA,NA,"Oui",NA,NA,NA,NA,NA,NA,NA,NA,NA,NA,60,"low","match",TRUE
94,"noticer_mov2",5532,2239,"slow","Homme","18-25 ans","OUI","0.4",12,NA,11,92,NA,NA,NA,NA,NA,NA,NA,NA,"Oui",NA,NA,NA,NA,NA,NA,NA,NA,NA,NA,60,"low","match",TRUE
94,"noticer_mov2",5536,2479,"slow","Homme","18-25 ans","OUI","0.5",13,NA,14,92,NA,NA,NA,NA,NA,NA,NA,NA,"Oui",NA,NA,NA,NA,NA,NA,NA,NA,NA,NA,60,"low","match",TRUE
94,"noticer_mov2",5539,999,"slow","Homme","18-25 ans","NON","1",NA,NA,17,NA,17,42,NA,NA,NA,NA,NA,NA,"Oui",1,NA,NA,NA,NA,NA,NA,NA,NA,NA,60,"low","match",TRUE
94,"noticer_mov2",5542,1115,"slow","Homme","18-25 ans","NON","2",NA,NA,18,NA,20,45,NA,NA,NA,NA,NA,NA,"Oui",0.9,NA,NA,NA,NA,NA,NA,NA,NA,NA,60,"low","match",TRUE
94,"noticer_mov2",5545,902,"slow","Homme","18-25 ans","NON","3",NA,NA,17,NA,18,42,1,"NON",NA,NA,NA,NA,"Oui",0.944444444444444,"NON","NON","NON",NA,NA,NA,NA,NA,NA,60,"low","match",TRUE
94,"noticer_mov2",5549,1230,"slow","Homme","18-25 ans","NON","3",NA,NA,18,NA,18,43,2,"OUI","right_to_left",63,"fast",42,"Oui",1,NA,NA,NA,"OUI","NON","NON",NA,NA,NA,60,"low","match",TRUE
94,"noticer_mov2",5557,897,"slow","Homme","18-25 ans","NON","4",NA,NA,16,NA,18,42,NA,"OUI","right_to_left",63,"very_slow",40,"Oui",0.888888888888889,NA,NA,NA,NA,NA,NA,NA,NA,NA,60,"low","match",TRUE
94,"noticer_mov2",5566,3365,"slow","Homme","18-25 ans","NON","5",NA,NA,NA,NA,18,45,NA,"OUI","right_to_left",53,"slow",38,"Oui",NA,NA,NA,NA,NA,NA,NA,NA,NA,NA,60,"low","match",TRUE
95,"NO",5584,5952,"fast","Femme","26-35 ans","OUI","0.1",12,NA,20,33,NA,NA,NA,NA,NA,NA,NA,NA,"Non",NA,NA,NA,NA,NA,NA,NA,NA,NA,NA,61,"low","mismatch",FALSE
95,"NO",5588,6781,"fast","Femme","26-35 ans","OUI","0.2",13,NA,16,77,NA,NA,NA,NA,NA,NA,NA,NA,"Non",NA,NA,NA,NA,NA,NA,NA,NA,NA,NA,61,"low","mismatch",FALSE
95,"NO",5592,4193,"fast","Femme","26-35 ans","OUI","0.3",14,NA,17,79,NA,NA,NA,NA,NA,NA,NA,NA,"Non",NA,NA,NA,NA,NA,NA,NA,NA,NA,NA,61,"low","mismatch",FALSE
95,"NO",5596,4816,"fast","Femme","26-35 ans","OUI","0.4",12,NA,20,33,NA,NA,NA,NA,NA,NA,NA,NA,"Non",NA,NA,NA,NA,NA,NA,NA,NA,NA,NA,61,"low","mismatch",FALSE
95,"NO",5600,5299,"fast","Femme","26-35 ans","OUI","0.5",12,NA,15,75,NA,NA,NA,NA,NA,NA,NA,NA,"Non",NA,NA,NA,NA,NA,NA,NA,NA,NA,NA,61,"low","mismatch",FALSE
95,"NO",5604,3712,"fast","Femme","26-35 ans","OUI","0.6",12,NA,13,92,NA,NA,NA,NA,NA,NA,NA,NA,"Non",NA,NA,NA,NA,NA,NA,NA,NA,NA,NA,61,"low","mismatch",FALSE
95,"NO",5608,4497,"fast","Femme","26-35 ans","OUI","0.7",14,NA,16,86,NA,NA,NA,NA,NA,NA,NA,NA,"Non",NA,NA,NA,NA,NA,NA,NA,NA,NA,NA,61,"low","mismatch",FALSE
95,"NO",5611,2170,"fast","Femme","26-35 ans","NON","1",NA,NA,18,NA,18,48,NA,NA,NA,NA,NA,NA,"Non",1,NA,NA,NA,NA,NA,NA,NA,NA,NA,61,"low","mismatch",FALSE
95,"NO",5614,2310,"fast","Femme","26-35 ans","NON","2",NA,NA,21,NA,19,42,NA,NA,NA,NA,NA,NA,"Non",0.894736842105263,NA,NA,NA,NA,NA,NA,NA,NA,NA,61,"low","mismatch",FALSE
95,"NO",5617,2702,"fast","Femme","26-35 ans","NON","3",NA,NA,20,NA,19,42,1,"NON",NA,NA,NA,NA,"Non",0.947368421052632,"NON","NON","NON",NA,NA,NA,NA,NA,NA,61,"low","mismatch",FALSE
95,"NO",5621,1874,"fast","Femme","26-35 ans","NON","3",NA,NA,24,NA,20,41,2,"OUI","vertical",66,"fast",60,"Non",0.8,NA,NA,NA,"NON","NON","NON",NA,NA,NA,61,"low","mismatch",FALSE
95,"NO",5629,1749,"fast","Femme","26-35 ans","NON","4",NA,NA,24,NA,18,44,NA,"OUI","vertical",67,"slow",62,"Non",0.666666666666667,NA,NA,NA,NA,NA,NA,NA,NA,NA,61,"low","mismatch",FALSE
95,"NO",5638,5673,"fast","Femme","26-35 ans","NON","5",NA,NA,NA,NA,20,45,NA,"OUI","diagonal",61,"fast",59,"Non",NA,NA,NA,NA,NA,NA,NA,NA,NA,NA,61,"low","mismatch",FALSE
96,"noticer_all1",5656,10615,"slow","Femme","Moins de 18 ans","OUI","0.1",12,NA,10,83,NA,NA,NA,NA,NA,NA,NA,NA,"Non",NA,NA,NA,NA,NA,NA,NA,NA,NA,NA,61,"low","match",FALSE
96,"noticer_all1",5660,3149,"slow","Femme","Moins de 18 ans","OUI","0.2",11,NA,12,91,NA,NA,NA,NA,NA,NA,NA,NA,"Non",NA,NA,NA,NA,NA,NA,NA,NA,NA,NA,61,"low","match",FALSE
96,"noticer_all1",5663,1130,"slow","Femme","Moins de 18 ans","NON","1",NA,NA,14,NA,18,43,NA,NA,NA,NA,NA,NA,"Non",0.777777777777778,NA,NA,NA,NA,NA,NA,NA,NA,NA,61,"low","match",FALSE
96,"noticer_all1",5666,3407,"slow","Femme","Moins de 18 ans","NON","2",NA,NA,14,NA,17,46,NA,NA,NA,NA,NA,NA,"Non",0.823529411764706,NA,NA,NA,NA,NA,NA,NA,NA,NA,61,"low","match",FALSE
96,"noticer_all1",5669,3894,"slow","Femme","Moins de 18 ans","NON","3",NA,NA,19,NA,19,43,1,"OUI","right_to_left",22,"slow",2,"Non",1,"OUI","OUI","OUI",NA,NA,NA,NA,NA,NA,61,"low","match",FALSE
96,"noticer_all1",5677,1156,"slow","Femme","Moins de 18 ans","NON","4",NA,NA,12,NA,16,41,NA,"OUI","right_to_left",0,"very_fast",6,"Non",0.75,NA,NA,NA,NA,NA,NA,NA,NA,NA,61,"low","match",FALSE
96,"noticer_all1",5686,3608,"slow","Femme","Moins de 18 ans","NON","5",NA,NA,NA,NA,19,41,NA,"OUI","vertical",2,"slow",2,"Non",NA,NA,NA,NA,NA,NA,NA,NA,NA,NA,61,"low","match",FALSE
97,"NO",5704,3764,"fast","Femme","26-35 ans","OUI","0.1",12,NA,12,100,NA,NA,NA,NA,NA,NA,NA,NA,NA,NA,NA,NA,NA,NA,NA,NA,NA,NA,NA,60,"low","mismatch",FALSE
97,"NO",5708,3908,"fast","Femme","26-35 ans","OUI","0.2",12,NA,14,83,NA,NA,NA,NA,NA,NA,NA,NA,NA,NA,NA,NA,NA,NA,NA,NA,NA,NA,NA,60,"low","mismatch",FALSE
97,"NO",5711,1101,"fast","Femme","26-35 ans","NON","1",NA,NA,17,NA,16,40,NA,NA,NA,NA,NA,NA,NA,0.9375,NA,NA,NA,NA,NA,NA,NA,NA,NA,60,"low","mismatch",FALSE
97,"NO",5714,11436,"fast","Femme","26-35 ans","NON","2",NA,NA,16,NA,16,46,NA,NA,NA,NA,NA,NA,NA,1,NA,NA,NA,NA,NA,NA,NA,NA,NA,60,"low","mismatch",FALSE
97,"NO",5717,947,"fast","Femme","26-35 ans","NON","3",NA,NA,12,NA,17,44,1,"NON",NA,NA,NA,NA,NA,0.705882352941176,"NON","NON","NON",NA,NA,NA,NA,NA,NA,60,"low","mismatch",FALSE
98,"noticer_all2",5729,4804,"slow","Homme","Moins de 18 ans","OUI","0.1",13,NA,12,92,NA,NA,NA,NA,NA,NA,NA,NA,"Non",NA,NA,NA,NA,NA,NA,NA,NA,NA,NA,60,"low","match",TRUE
98,"noticer_all2",5733,5085,"slow","Homme","Moins de 18 ans","OUI","0.2",12,NA,28,0,NA,NA,NA,NA,NA,NA,NA,NA,"Non",NA,NA,NA,NA,NA,NA,NA,NA,NA,NA,60,"low","match",TRUE
98,"noticer_all2",5737,5409,"slow","Homme","Moins de 18 ans","OUI","0.3",12,NA,12,100,NA,NA,NA,NA,NA,NA,NA,NA,"Non",NA,NA,NA,NA,NA,NA,NA,NA,NA,NA,60,"low","match",TRUE
98,"noticer_all2",5741,4311,"slow","Homme","Moins de 18 ans","OUI","0.4",13,NA,12,92,NA,NA,NA,NA,NA,NA,NA,NA,"Non",NA,NA,NA,NA,NA,NA,NA,NA,NA,NA,60,"low","match",TRUE
98,"noticer_all2",5744,3451,"slow","Homme","Moins de 18 ans","NON","1",NA,NA,12,NA,19,48,NA,NA,NA,NA,NA,NA,"Non",0.631578947368421,NA,NA,NA,NA,NA,NA,NA,NA,NA,60,"low","match",TRUE
98,"noticer_all2",5747,4921,"slow","Homme","Moins de 18 ans","NON","2",NA,NA,16,NA,16,42,NA,NA,NA,NA,NA,NA,"Non",1,NA,NA,NA,NA,NA,NA,NA,NA,NA,60,"low","match",TRUE
98,"noticer_all2",5750,14476,"slow","Homme","Moins de 18 ans","NON","3",NA,NA,13,NA,14,50,1,"NON",NA,NA,NA,NA,"Non",0.928571428571429,"NON","NON","NON",NA,NA,NA,NA,NA,NA,60,"low","match",TRUE
98,"noticer_all2",5754,2394,"slow","Homme","Moins de 18 ans","NON","3",NA,NA,15,NA,17,41,2,"OUI","right_to_left",96,"slow",73,"Non",0.882352941176471,NA,NA,NA,"OUI","OUI","OUI",NA,NA,NA,60,"low","match",TRUE
98,"noticer_all2",5762,5392,"slow","Homme","Moins de 18 ans","NON","4",NA,NA,8,NA,18,37,NA,"OUI","vertical",11,"slow",46,"Non",0.444444444444444,NA,NA,NA,NA,NA,NA,NA,NA,NA,60,"low","match",TRUE
98,"noticer_all2",5771,6633,"slow","Homme","Moins de 18 ans","NON","5",NA,NA,NA,NA,20,42,NA,"OUI","right_to_left",100,"slow",100,"Non",NA,NA,NA,NA,NA,NA,NA,NA,NA,NA,60,"low","match",TRUE
99,"NO",5789,2933,"fast","Femme","18-25 ans","OUI","0.1",12,NA,9,75,NA,NA,NA,NA,NA,NA,NA,NA,"Oui",NA,NA,NA,NA,NA,NA,NA,NA,NA,NA,61,"low","mismatch",TRUE
99,"NO",5793,2724,"fast","Femme","18-25 ans","OUI","0.2",13,NA,11,85,NA,NA,NA,NA,NA,NA,NA,NA,"Oui",NA,NA,NA,NA,NA,NA,NA,NA,NA,NA,61,"low","mismatch",TRUE
99,"NO",5797,3420,"fast","Femme","18-25 ans","OUI","0.3",12,NA,10,83,NA,NA,NA,NA,NA,NA,NA,NA,"Oui",NA,NA,NA,NA,NA,NA,NA,NA,NA,NA,61,"low","mismatch",TRUE
99,"NO",5800,1778,"fast","Femme","18-25 ans","NON","1",NA,NA,15,NA,17,44,NA,NA,NA,NA,NA,NA,"Oui",0.882352941176471,NA,NA,NA,NA,NA,NA,NA,NA,NA,61,"low","mismatch",TRUE
99,"NO",5803,2963,"fast","Femme","18-25 ans","NON","2",NA,NA,18,NA,20,45,NA,NA,NA,NA,NA,NA,"Oui",0.9,NA,NA,NA,NA,NA,NA,NA,NA,NA,61,"low","mismatch",TRUE
99,"NO",5806,1598,"fast","Femme","18-25 ans","NON","3",NA,NA,13,NA,16,41,1,"NON",NA,NA,NA,NA,"Oui",0.8125,"NON","NON","NON",NA,NA,NA,NA,NA,NA,61,"low","mismatch",TRUE
99,"NO",5810,1799,"fast","Femme","18-25 ans","NON","3",NA,NA,15,NA,18,45,2,"OUI","diagonal",32,"fast",37,"Oui",0.833333333333333,NA,NA,NA,"NON","NON","NON",NA,NA,NA,61,"low","mismatch",TRUE
99,"NO",5818,1378,"fast","Femme","18-25 ans","NON","4",NA,NA,17,NA,20,43,NA,"OUI","right_to_left",64,"fast",45,"Oui",0.85,NA,NA,NA,NA,NA,NA,NA,NA,NA,61,"low","mismatch",TRUE
99,"NO",5827,4882,"fast","Femme","18-25 ans","NON","5",NA,NA,NA,NA,18,45,NA,"OUI","right_to_left",100,"fast",62,"Oui",NA,NA,NA,NA,NA,NA,NA,NA,NA,NA,61,"low","mismatch",TRUE
100,"noticer_mov2",5845,8886,"slow","Femme","36-50 ans","OUI","0.1",12,NA,19,42,NA,NA,NA,NA,NA,NA,NA,NA,"Non",NA,NA,NA,NA,NA,NA,NA,NA,NA,NA,60,"low","match",FALSE
100,"noticer_mov2",5849,8955,"slow","Femme","36-50 ans","OUI","0.2",13,NA,14,92,NA,NA,NA,NA,NA,NA,NA,NA,"Non",NA,NA,NA,NA,NA,NA,NA,NA,NA,NA,60,"low","match",FALSE
100,"noticer_mov2",5853,11241,"slow","Femme","36-50 ans","OUI","0.3",11,NA,13,82,NA,NA,NA,NA,NA,NA,NA,NA,"Non",NA,NA,NA,NA,NA,NA,NA,NA,NA,NA,60,"low","match",FALSE
100,"noticer_mov2",5856,836,"slow","Femme","36-50 ans","NON","1",NA,NA,19,NA,17,40,NA,NA,NA,NA,NA,NA,"Non",0.882352941176471,NA,NA,NA,NA,NA,NA,NA,NA,NA,60,"low","match",FALSE
100,"noticer_mov2",5859,5135,"slow","Femme","36-50 ans","NON","2",NA,NA,23,NA,19,46,NA,NA,NA,NA,NA,NA,"Non",0.789473684210526,NA,NA,NA,NA,NA,NA,NA,NA,NA,60,"low","match",FALSE
100,"noticer_mov2",5862,3982,"slow","Femme","36-50 ans","NON","3",NA,NA,18,NA,18,44,1,"NON",NA,NA,NA,NA,"Non",1,"NON","NON","NON",NA,NA,NA,NA,NA,NA,60,"low","match",FALSE
100,"noticer_mov2",5866,1465,"slow","Femme","36-50 ans","NON","3",NA,NA,15,NA,18,43,2,"OUI","right_to_left",84,"fast",70,"Non",0.833333333333333,NA,NA,NA,"OUI","NON","NON",NA,NA,NA,60,"low","match",FALSE
100,"noticer_mov2",5874,2162,"slow","Femme","36-50 ans","NON","4",NA,NA,21,NA,19,41,NA,"OUI","right_to_left",70,"very_fast",72,"Non",0.894736842105263,NA,NA,NA,NA,NA,NA,NA,NA,NA,60,"low","match",FALSE
100,"noticer_mov2",5883,2645,"slow","Femme","36-50 ans","NON","5",NA,NA,NA,NA,16,45,NA,"OUI","right_to_left",97,"fast",96,"Non",NA,NA,NA,NA,NA,NA,NA,NA,NA,NA,60,"low","match",FALSE
101,"noticer_all1",5901,5262,"slow","Homme","18-25 ans","OUI","0.1",11,NA,9,82,NA,NA,NA,NA,NA,NA,NA,NA,"Non",NA,NA,NA,NA,NA,NA,NA,NA,NA,NA,60,"low","match",FALSE
101,"noticer_all1",5905,3900,"slow","Homme","18-25 ans","OUI","0.2",11,NA,10,91,NA,NA,NA,NA,NA,NA,NA,NA,"Non",NA,NA,NA,NA,NA,NA,NA,NA,NA,NA,60,"low","match",FALSE
101,"noticer_all1",5908,1165,"slow","Homme","18-25 ans","NON","1",NA,NA,12,NA,18,40,NA,NA,NA,NA,NA,NA,"Non",0.666666666666667,NA,NA,NA,NA,NA,NA,NA,NA,NA,60,"low","match",FALSE
101,"noticer_all1",5911,1252,"slow","Homme","18-25 ans","NON","2",NA,NA,9,NA,18,43,NA,NA,NA,NA,NA,NA,"Non",0.5,NA,NA,NA,NA,NA,NA,NA,NA,NA,60,"low","match",FALSE
101,"noticer_all1",5914,1206,"slow","Homme","18-25 ans","NON","3",NA,NA,10,NA,18,44,1,"OUI","right_to_left",58,"slow",63,"Non",0.555555555555556,"OUI","OUI","OUI",NA,NA,NA,NA,NA,NA,60,"low","match",FALSE
101,"noticer_all1",5922,1133,"slow","Homme","18-25 ans","NON","4",NA,NA,12,NA,19,47,NA,"OUI","right_to_left",100,"slow",57,"Non",0.631578947368421,NA,NA,NA,NA,NA,NA,NA,NA,NA,60,"low","match",FALSE
101,"noticer_all1",5931,3065,"slow","Homme","18-25 ans","NON","5",NA,NA,NA,NA,18,39,NA,"NON","right_to_left",0,"very_fast",0,"Non",NA,NA,NA,NA,NA,NA,NA,NA,NA,NA,60,"low","match",FALSE
102,"noticer_all1",5949,5237,"slow","Femme","18-25 ans","OUI","0.1",12,NA,10,83,NA,NA,NA,NA,NA,NA,NA,NA,"Non",NA,NA,NA,NA,NA,NA,NA,NA,NA,NA,60,"low","match",TRUE
102,"noticer_all1",5953,6373,"slow","Femme","18-25 ans","OUI","0.2",14,NA,12,86,NA,NA,NA,NA,NA,NA,NA,NA,"Non",NA,NA,NA,NA,NA,NA,NA,NA,NA,NA,60,"low","match",TRUE
102,"noticer_all1",5956,882,"slow","Femme","18-25 ans","NON","1",NA,NA,12,NA,19,45,NA,NA,NA,NA,NA,NA,"Non",0.631578947368421,NA,NA,NA,NA,NA,NA,NA,NA,NA,60,"low","match",TRUE
102,"noticer_all1",5959,1221,"slow","Femme","18-25 ans","NON","2",NA,NA,9,NA,19,49,NA,NA,NA,NA,NA,NA,"Non",0.473684210526316,NA,NA,NA,NA,NA,NA,NA,NA,NA,60,"low","match",TRUE
102,"noticer_all1",5962,1038,"slow","Femme","18-25 ans","NON","3",NA,NA,13,NA,17,46,1,"OUI","right_to_left",70,"slow",73,"Non",0.764705882352941,"OUI","OUI","OUI",NA,NA,NA,NA,NA,NA,60,"low","match",TRUE
102,"noticer_all1",5970,1966,"slow","Femme","18-25 ans","NON","4",NA,NA,13,NA,17,47,NA,"OUI","right_to_left",100,"slow",100,"Non",0.764705882352941,NA,NA,NA,NA,NA,NA,NA,NA,NA,60,"low","match",TRUE
102,"noticer_all1",5979,949,"slow","Femme","18-25 ans","NON","5",NA,NA,NA,NA,18,44,NA,"OUI","right_to_left",35,"slow",30,"Non",NA,NA,NA,NA,NA,NA,NA,NA,NA,NA,60,"low","match",TRUE
103,"noticer_all1",5997,4371,"slow","Femme","18-25 ans","OUI","0.1",13,NA,12,92,NA,NA,NA,NA,NA,NA,NA,NA,"Non",NA,NA,NA,NA,NA,NA,NA,NA,NA,NA,61,"low","match",TRUE
103,"noticer_all1",6001,1902,"slow","Femme","18-25 ans","OUI","0.2",12,NA,11,92,NA,NA,NA,NA,NA,NA,NA,NA,"Non",NA,NA,NA,NA,NA,NA,NA,NA,NA,NA,61,"low","match",TRUE
103,"noticer_all1",6004,1816,"slow","Femme","18-25 ans","NON","1",NA,NA,15,NA,16,47,NA,NA,NA,NA,NA,NA,"Non",0.9375,NA,NA,NA,NA,NA,NA,NA,NA,NA,61,"low","match",TRUE
103,"noticer_all1",6007,1414,"slow","Femme","18-25 ans","NON","2",NA,NA,17,NA,19,39,NA,NA,NA,NA,NA,NA,"Non",0.894736842105263,NA,NA,NA,NA,NA,NA,NA,NA,NA,61,"low","match",TRUE
103,"noticer_all1",6010,1121,"slow","Femme","18-25 ans","NON","3",NA,NA,15,NA,18,46,1,"OUI","right_to_left",100,"slow",100,"Non",0.833333333333333,"OUI","OUI","OUI",NA,NA,NA,NA,NA,NA,61,"low","match",TRUE
103,"noticer_all1",6018,1360,"slow","Femme","18-25 ans","NON","4",NA,NA,14,NA,20,41,NA,"OUI","right_to_left",100,"slow",70,"Non",0.7,NA,NA,NA,NA,NA,NA,NA,NA,NA,61,"low","match",TRUE
103,"noticer_all1",6027,1386,"slow","Femme","18-25 ans","NON","5",NA,NA,NA,NA,17,46,NA,"OUI","right_to_left",100,"slow",100,"Non",NA,NA,NA,NA,NA,NA,NA,NA,NA,NA,61,"low","match",TRUE
104,"noticer_speed3",6045,2358,"fast","Homme","18-25 ans","OUI","0.1",12,NA,11,92,NA,NA,NA,NA,NA,NA,NA,NA,"Non",NA,NA,NA,NA,NA,NA,NA,NA,NA,NA,61,"low","mismatch",FALSE
104,"noticer_speed3",6049,3478,"fast","Homme","18-25 ans","OUI","0.2",11,NA,12,91,NA,NA,NA,NA,NA,NA,NA,NA,"Non",NA,NA,NA,NA,NA,NA,NA,NA,NA,NA,61,"low","mismatch",FALSE
104,"noticer_speed3",6052,735,"fast","Homme","18-25 ans","NON","1",NA,NA,16,NA,16,44,NA,NA,NA,NA,NA,NA,"Non",1,NA,NA,NA,NA,NA,NA,NA,NA,NA,61,"low","mismatch",FALSE
104,"noticer_speed3",6055,1142,"fast","Homme","18-25 ans","NON","2",NA,NA,18,NA,18,49,NA,NA,NA,NA,NA,NA,"Non",1,NA,NA,NA,NA,NA,NA,NA,NA,NA,61,"low","mismatch",FALSE
104,"noticer_speed3",6058,1968,"fast","Homme","18-25 ans","NON","3",NA,NA,16,NA,17,44,1,"NON",NA,NA,NA,NA,"Non",0.941176470588235,"NON","NON","NON",NA,NA,NA,NA,NA,NA,61,"low","mismatch",FALSE
104,"noticer_speed3",6062,822,"fast","Homme","18-25 ans","NON","3",NA,NA,NA,NA,17,44,2,"NON",NA,NA,NA,NA,"Non",NA,NA,NA,NA,"NON","NON","NON",NA,NA,NA,61,"low","mismatch",FALSE
104,"noticer_speed3",6066,16612,"fast","Homme","18-25 ans","NON","3",NA,NA,16,NA,19,44,3,"OUI","diagonal",100,"slow",100,"Non",0.842105263157895,NA,NA,NA,NA,NA,NA,"NON","OUI","NON",61,"low","mismatch",FALSE
104,"noticer_speed3",6074,835,"fast","Homme","18-25 ans","NON","4",NA,NA,17,NA,17,37,NA,"NON","right_to_left",0,"fast",0,"Non",1,NA,NA,NA,NA,NA,NA,NA,NA,NA,61,"low","mismatch",FALSE
104,"noticer_speed3",6083,4479,"fast","Homme","18-25 ans","NON","5",NA,NA,NA,NA,17,37,NA,"NON","random",0,"very_slow",3,"Non",NA,NA,NA,NA,NA,NA,NA,NA,NA,NA,61,"low","mismatch",FALSE
105,"noticer_all2",6101,5595,"fast","Femme","18-25 ans","OUI","0.1",11,NA,0,0,NA,NA,NA,NA,NA,NA,NA,NA,"Non",NA,NA,NA,NA,NA,NA,NA,NA,NA,NA,60,"low","mismatch",TRUE
105,"noticer_all2",6105,4207,"fast","Femme","18-25 ans","OUI","0.2",11,NA,8,73,NA,NA,NA,NA,NA,NA,NA,NA,"Non",NA,NA,NA,NA,NA,NA,NA,NA,NA,NA,60,"low","mismatch",TRUE
105,"noticer_all2",6109,3558,"fast","Femme","18-25 ans","OUI","0.3",13,NA,10,77,NA,NA,NA,NA,NA,NA,NA,NA,"Non",NA,NA,NA,NA,NA,NA,NA,NA,NA,NA,60,"low","mismatch",TRUE
105,"noticer_all2",6113,2908,"fast","Femme","18-25 ans","OUI","0.4",13,NA,12,92,NA,NA,NA,NA,NA,NA,NA,NA,"Non",NA,NA,NA,NA,NA,NA,NA,NA,NA,NA,60,"low","mismatch",TRUE
105,"noticer_all2",6117,3725,"fast","Femme","18-25 ans","OUI","0.5",10,NA,10,100,NA,NA,NA,NA,NA,NA,NA,NA,"Non",NA,NA,NA,NA,NA,NA,NA,NA,NA,NA,60,"low","mismatch",TRUE
105,"noticer_all2",6120,1532,"fast","Femme","18-25 ans","NON","1",NA,NA,15,NA,19,44,NA,NA,NA,NA,NA,NA,"Non",0.789473684210526,NA,NA,NA,NA,NA,NA,NA,NA,NA,60,"low","mismatch",TRUE
105,"noticer_all2",6123,1012,"fast","Femme","18-25 ans","NON","2",NA,NA,16,NA,18,38,NA,NA,NA,NA,NA,NA,"Non",0.888888888888889,NA,NA,NA,NA,NA,NA,NA,NA,NA,60,"low","mismatch",TRUE
105,"noticer_all2",6126,1145,"fast","Femme","18-25 ans","NON","3",NA,NA,13,NA,18,46,1,"NON",NA,NA,NA,NA,"Non",0.722222222222222,"NON","NON","NON",NA,NA,NA,NA,NA,NA,60,"low","mismatch",TRUE
105,"noticer_all2",6130,2296,"fast","Femme","18-25 ans","NON","3",NA,NA,15,NA,19,38,2,"OUI","right_to_left",100,"slow",100,"Non",0.789473684210526,NA,NA,NA,"OUI","OUI","OUI",NA,NA,NA,60,"low","mismatch",TRUE
105,"noticer_all2",6138,1280,"fast","Femme","18-25 ans","NON","4",NA,NA,18,NA,15,47,NA,"OUI","right_to_left",100,"fast",89,"Non",0.8,NA,NA,NA,NA,NA,NA,NA,NA,NA,60,"low","mismatch",TRUE
105,"noticer_all2",6147,4866,"fast","Femme","18-25 ans","NON","5",NA,NA,NA,NA,19,45,NA,"OUI","right_to_left",100,"fast",100,"Non",NA,NA,NA,NA,NA,NA,NA,NA,NA,NA,60,"low","mismatch",TRUE
106,"NO",6164,1863,"slow","Femme","36-50 ans","OUI","0.1",12,NA,13,92,NA,NA,NA,NA,NA,NA,NA,NA,"Non",NA,NA,NA,NA,NA,NA,NA,NA,NA,NA,60,"low","match",FALSE
106,"NO",6168,3302,"slow","Femme","36-50 ans","OUI","0.2",10,NA,10,100,NA,NA,NA,NA,NA,NA,NA,NA,"Non",NA,NA,NA,NA,NA,NA,NA,NA,NA,NA,60,"low","match",FALSE
106,"NO",6171,1188,"slow","Femme","36-50 ans","NON","1",NA,NA,13,NA,17,48,NA,NA,NA,NA,NA,NA,"Non",0.764705882352941,NA,NA,NA,NA,NA,NA,NA,NA,NA,60,"low","match",FALSE
106,"NO",6174,2095,"slow","Femme","36-50 ans","NON","2",NA,NA,10,NA,19,41,NA,NA,NA,NA,NA,NA,"Non",0.526315789473684,NA,NA,NA,NA,NA,NA,NA,NA,NA,60,"low","match",FALSE
106,"NO",6177,2414,"slow","Femme","36-50 ans","NON","3",NA,NA,17,NA,17,47,1,"NON",NA,NA,NA,NA,"Non",1,"NON","NON","NON",NA,NA,NA,NA,NA,NA,60,"low","match",FALSE
106,"NO",6181,763,"slow","Femme","36-50 ans","NON","3",NA,NA,12,NA,20,40,2,"NON",NA,NA,NA,NA,"Non",0.6,NA,NA,NA,"NON","NON","NON",NA,NA,NA,60,"low","match",FALSE
106,"NO",6185,998,"slow","Femme","36-50 ans","NON","3",NA,NA,15,NA,19,49,3,"NON",NA,NA,NA,NA,"Non",0.789473684210526,NA,NA,NA,NA,NA,NA,"NON","NON","NON",60,"low","match",FALSE
106,"NO",6189,1182,"slow","Femme","36-50 ans","NON","4",NA,NA,17,NA,18,44,NA,"NON","diagonal",28,"fast",27,"Non",0.944444444444444,NA,NA,NA,NA,NA,NA,NA,NA,NA,60,"low","match",FALSE
106,"NO",6198,2054,"slow","Femme","36-50 ans","NON","5",NA,NA,NA,NA,16,43,NA,"NON","diagonal",19,"fast",18,"Non",NA,NA,NA,NA,NA,NA,NA,NA,NA,NA,60,"low","match",FALSE
107,"noticer_all1",6216,7198,"slow","Homme","26-35 ans","OUI","0.1",13,NA,12,92,NA,NA,NA,NA,NA,NA,NA,NA,"Non",NA,NA,NA,NA,NA,NA,NA,NA,NA,NA,61,"low","match",TRUE
107,"noticer_all1",6220,7445,"slow","Homme","26-35 ans","OUI","0.2",13,NA,12,92,NA,NA,NA,NA,NA,NA,NA,NA,"Non",NA,NA,NA,NA,NA,NA,NA,NA,NA,NA,61,"low","match",TRUE
107,"noticer_all1",6223,1387,"slow","Homme","26-35 ans","NON","1",NA,NA,15,NA,16,45,NA,NA,NA,NA,NA,NA,"Non",0.9375,NA,NA,NA,NA,NA,NA,NA,NA,NA,61,"low","match",TRUE
107,"noticer_all1",6226,1199,"slow","Homme","26-35 ans","NON","2",NA,NA,16,NA,16,38,NA,NA,NA,NA,NA,NA,"Non",1,NA,NA,NA,NA,NA,NA,NA,NA,NA,61,"low","match",TRUE
107,"noticer_all1",6229,1210,"slow","Homme","26-35 ans","NON","3",NA,NA,16,NA,16,48,1,"OUI","right_to_left",100,"slow",100,"Non",1,"OUI","OUI","OUI",NA,NA,NA,NA,NA,NA,61,"low","match",TRUE
107,"noticer_all1",6237,1246,"slow","Homme","26-35 ans","NON","4",NA,NA,16,NA,18,50,NA,"OUI","right_to_left",100,"fast",100,"Non",0.888888888888889,NA,NA,NA,NA,NA,NA,NA,NA,NA,61,"low","match",TRUE
107,"noticer_all1",6246,5848,"slow","Homme","26-35 ans","NON","5",NA,NA,NA,NA,18,43,NA,"OUI","right_to_left",100,"slow",100,"Non",NA,NA,NA,NA,NA,NA,NA,NA,NA,NA,61,"low","match",TRUE
108,"NO",6264,6148,"slow","Homme","51 ans et plus","OUI","0.1",10,NA,11,90,NA,NA,NA,NA,NA,NA,NA,NA,"Oui",NA,NA,NA,NA,NA,NA,NA,NA,NA,NA,61,"low","match",FALSE
108,"NO",6268,7958,"slow","Homme","51 ans et plus","OUI","0.2",15,NA,10,67,NA,NA,NA,NA,NA,NA,NA,NA,"Oui",NA,NA,NA,NA,NA,NA,NA,NA,NA,NA,61,"low","match",FALSE
108,"NO",6272,3040,"slow","Homme","51 ans et plus","OUI","0.3",12,NA,12,100,NA,NA,NA,NA,NA,NA,NA,NA,"Oui",NA,NA,NA,NA,NA,NA,NA,NA,NA,NA,61,"low","match",FALSE
108,"NO",6276,5891,"slow","Homme","51 ans et plus","OUI","0.4",13,NA,12,92,NA,NA,NA,NA,NA,NA,NA,NA,"Oui",NA,NA,NA,NA,NA,NA,NA,NA,NA,NA,61,"low","match",FALSE
108,"NO",6279,16995,"slow","Homme","51 ans et plus","NON","1",NA,NA,16,NA,18,45,NA,NA,NA,NA,NA,NA,"Oui",0.888888888888889,NA,NA,NA,NA,NA,NA,NA,NA,NA,61,"low","match",FALSE
108,"NO",6282,3577,"slow","Homme","51 ans et plus","NON","2",NA,NA,18,NA,18,44,NA,NA,NA,NA,NA,NA,"Oui",1,NA,NA,NA,NA,NA,NA,NA,NA,NA,61,"low","match",FALSE
108,"NO",6285,2202,"slow","Homme","51 ans et plus","NON","3",NA,NA,20,NA,18,46,1,"NON",NA,NA,NA,NA,"Oui",0.888888888888889,"NON","NON","NON",NA,NA,NA,NA,NA,NA,61,"low","match",FALSE
108,"NO",6289,5557,"slow","Homme","51 ans et plus","NON","3",NA,NA,18,NA,18,48,2,"NON",NA,NA,NA,NA,"Oui",1,NA,NA,NA,"NON","NON","NON",NA,NA,NA,61,"low","match",FALSE
108,"NO",6293,1937,"slow","Homme","51 ans et plus","NON","3",NA,NA,17,NA,19,38,3,"NON",NA,NA,NA,NA,"Oui",0.894736842105263,NA,NA,NA,NA,NA,NA,"NON","NON","NON",61,"low","match",FALSE
108,"NO",6297,2729,"slow","Homme","51 ans et plus","NON","4",NA,NA,20,NA,17,47,NA,"OUI","right_to_left",100,"fast",51,"Oui",0.823529411764706,NA,NA,NA,NA,NA,NA,NA,NA,NA,61,"low","match",FALSE
108,"NO",6306,5482,"slow","Homme","51 ans et plus","NON","5",NA,NA,NA,NA,19,42,NA,"NON","random",50,"very_fast",20,"Oui",NA,NA,NA,NA,NA,NA,NA,NA,NA,NA,61,"low","match",FALSE
109,"noticer_mov2",6326,5784,"fast","Homme","18-25 ans","OUI","0.1",13,NA,12,92,NA,NA,NA,NA,NA,NA,NA,NA,"Oui",NA,NA,NA,NA,NA,NA,NA,NA,NA,NA,60,"low","mismatch",FALSE
109,"noticer_mov2",6330,3358,"fast","Homme","18-25 ans","OUI","0.2",12,NA,11,92,NA,NA,NA,NA,NA,NA,NA,NA,"Oui",NA,NA,NA,NA,NA,NA,NA,NA,NA,NA,60,"low","mismatch",FALSE
109,"noticer_mov2",6333,1233,"fast","Homme","18-25 ans","NON","1",NA,NA,20,NA,20,44,NA,NA,NA,NA,NA,NA,"Oui",1,NA,NA,NA,NA,NA,NA,NA,NA,NA,60,"low","mismatch",FALSE
109,"noticer_mov2",6336,2268,"fast","Homme","18-25 ans","NON","2",NA,NA,18,NA,19,48,NA,NA,NA,NA,NA,NA,"Oui",0.947368421052632,NA,NA,NA,NA,NA,NA,NA,NA,NA,60,"low","mismatch",FALSE
109,"noticer_mov2",6339,1882,"fast","Homme","18-25 ans","NON","3",NA,NA,16,NA,18,37,1,"NON",NA,NA,NA,NA,"Oui",0.888888888888889,"NON","NON","NON",NA,NA,NA,NA,NA,NA,60,"low","mismatch",FALSE
109,"noticer_mov2",6343,1227,"fast","Homme","18-25 ans","NON","3",NA,NA,17,NA,19,40,2,"OUI","right_to_left",30,"fast",18,"Oui",0.894736842105263,NA,NA,NA,"OUI","NON","NON",NA,NA,NA,60,"low","mismatch",FALSE
109,"noticer_mov2",6351,1365,"fast","Homme","18-25 ans","NON","4",NA,NA,12,NA,15,47,NA,"OUI","right_to_left",100,"slow",72,"Oui",0.8,NA,NA,NA,NA,NA,NA,NA,NA,NA,60,"low","mismatch",FALSE
109,"noticer_mov2",6360,4131,"fast","Homme","18-25 ans","NON","5",NA,NA,NA,NA,20,48,NA,"NON","vertical",0,"fast",0,"Oui",NA,NA,NA,NA,NA,NA,NA,NA,NA,NA,60,"low","mismatch",FALSE
110,"noticer_mov3",6378,6512,"fast","Femme","18-25 ans","OUI","0.1",13,NA,9,69,NA,NA,NA,NA,NA,NA,NA,NA,"Oui",NA,NA,NA,NA,NA,NA,NA,NA,NA,NA,61,"low","mismatch",FALSE
110,"noticer_mov3",6382,4356,"fast","Femme","18-25 ans","OUI","0.2",11,NA,12,91,NA,NA,NA,NA,NA,NA,NA,NA,"Oui",NA,NA,NA,NA,NA,NA,NA,NA,NA,NA,61,"low","mismatch",FALSE
110,"noticer_mov3",6386,3508,"fast","Femme","18-25 ans","OUI","0.3",10,NA,11,90,NA,NA,NA,NA,NA,NA,NA,NA,"Oui",NA,NA,NA,NA,NA,NA,NA,NA,NA,NA,61,"low","mismatch",FALSE
110,"noticer_mov3",6389,1728,"fast","Femme","18-25 ans","NON","1",NA,NA,18,NA,20,46,NA,NA,NA,NA,NA,NA,"Oui",0.9,NA,NA,NA,NA,NA,NA,NA,NA,NA,61,"low","mismatch",FALSE
110,"noticer_mov3",6392,1935,"fast","Femme","18-25 ans","NON","2",NA,NA,13,NA,16,48,NA,NA,NA,NA,NA,NA,"Oui",0.8125,NA,NA,NA,NA,NA,NA,NA,NA,NA,61,"low","mismatch",FALSE
110,"noticer_mov3",6395,1366,"fast","Femme","18-25 ans","NON","3",NA,NA,11,NA,19,41,1,"NON",NA,NA,NA,NA,"Oui",0.578947368421053,"NON","NON","NON",NA,NA,NA,NA,NA,NA,61,"low","mismatch",FALSE
110,"noticer_mov3",6399,1662,"fast","Femme","18-25 ans","NON","3",NA,NA,9,NA,20,48,2,"NON",NA,NA,NA,NA,"Oui",0.45,NA,NA,NA,"NON","NON","NON",NA,NA,NA,61,"low","mismatch",FALSE
110,"noticer_mov3",6403,1039,"fast","Femme","18-25 ans","NON","3",NA,NA,7,NA,19,45,3,"OUI","right_to_left",100,"fast",55,"Oui",0.368421052631579,NA,NA,NA,NA,NA,NA,"OUI","NON","NON",61,"low","mismatch",FALSE
110,"noticer_mov3",6411,1492,"fast","Femme","18-25 ans","NON","4",NA,NA,9,NA,17,42,NA,"OUI","right_to_left",100,"fast",100,"Oui",0.529411764705882,NA,NA,NA,NA,NA,NA,NA,NA,NA,61,"low","mismatch",FALSE
110,"noticer_mov3",6420,7033,"fast","Femme","18-25 ans","NON","5",NA,NA,NA,NA,17,44,NA,"OUI","right_to_left",100,"very_fast",100,"Oui",NA,NA,NA,NA,NA,NA,NA,NA,NA,NA,61,"low","mismatch",FALSE
111,"noticer_mov1",6438,4090,"fast","Préfère ne pas répondre","18-25 ans","OUI","0.1",13,NA,11,85,NA,NA,NA,NA,NA,NA,NA,NA,"Non",NA,NA,NA,NA,NA,NA,NA,NA,NA,NA,60,"low","mismatch",FALSE
111,"noticer_mov1",6442,3633,"fast","Préfère ne pas répondre","18-25 ans","OUI","0.2",13,NA,13,100,NA,NA,NA,NA,NA,NA,NA,NA,"Non",NA,NA,NA,NA,NA,NA,NA,NA,NA,NA,60,"low","mismatch",FALSE
111,"noticer_mov1",6445,2142,"fast","Préfère ne pas répondre","18-25 ans","NON","1",NA,NA,17,NA,19,43,NA,NA,NA,NA,NA,NA,"Non",0.894736842105263,NA,NA,NA,NA,NA,NA,NA,NA,NA,60,"low","mismatch",FALSE
111,"noticer_mov1",6448,4790,"fast","Préfère ne pas répondre","18-25 ans","NON","2",NA,NA,19,NA,17,44,NA,NA,NA,NA,NA,NA,"Non",0.882352941176471,NA,NA,NA,NA,NA,NA,NA,NA,NA,60,"low","mismatch",FALSE
111,"noticer_mov1",6451,1735,"fast","Préfère ne pas répondre","18-25 ans","NON","3",NA,NA,18,NA,17,48,1,"OUI","right_to_left",84,"fast",85,"Non",0.941176470588235,"OUI","NON","NON",NA,NA,NA,NA,NA,NA,60,"low","mismatch",FALSE
111,"noticer_mov1",6459,7130,"fast","Préfère ne pas répondre","18-25 ans","NON","4",NA,NA,21,NA,18,43,NA,"NON","random",100,"slow",25,"Non",0.833333333333333,NA,NA,NA,NA,NA,NA,NA,NA,NA,60,"low","mismatch",FALSE
111,"noticer_mov1",6468,5171,"fast","Préfère ne pas répondre","18-25 ans","NON","5",NA,NA,NA,NA,20,41,NA,"NON","random",100,"very_fast",50,"Non",NA,NA,NA,NA,NA,NA,NA,NA,NA,NA,60,"low","mismatch",FALSE
112,"noticer_mov3",6485,11338,"slow","Femme","18-25 ans","OUI","0.1",11,NA,10,91,NA,NA,NA,NA,NA,NA,NA,NA,"Non",NA,NA,NA,NA,NA,NA,NA,NA,NA,NA,61,"low","match",FALSE
112,"noticer_mov3",6489,3962,"slow","Femme","18-25 ans","OUI","0.2",11,NA,11,100,NA,NA,NA,NA,NA,NA,NA,NA,"Non",NA,NA,NA,NA,NA,NA,NA,NA,NA,NA,61,"low","match",FALSE
112,"noticer_mov3",6492,965,"slow","Femme","18-25 ans","NON","1",NA,NA,19,NA,19,43,NA,NA,NA,NA,NA,NA,"Non",1,NA,NA,NA,NA,NA,NA,NA,NA,NA,61,"low","match",FALSE
112,"noticer_mov3",6495,1230,"slow","Femme","18-25 ans","NON","2",NA,NA,18,NA,19,44,NA,NA,NA,NA,NA,NA,"Non",0.947368421052632,NA,NA,NA,NA,NA,NA,NA,NA,NA,61,"low","match",FALSE
112,"noticer_mov3",6498,964,"slow","Femme","18-25 ans","NON","3",NA,NA,13,NA,18,42,1,"NON",NA,NA,NA,NA,"Non",0.722222222222222,"NON","NON","NON",NA,NA,NA,NA,NA,NA,61,"low","match",FALSE
112,"noticer_mov3",6502,1113,"slow","Femme","18-25 ans","NON","3",NA,NA,15,NA,16,43,2,"NON",NA,NA,NA,NA,"Non",0.9375,NA,NA,NA,"NON","NON","NON",NA,NA,NA,61,"low","match",FALSE
112,"noticer_mov3",6506,915,"slow","Femme","18-25 ans","NON","3",NA,NA,12,NA,18,40,3,"OUI","right_to_left",21,"fast",57,"Non",0.666666666666667,NA,NA,NA,NA,NA,NA,"OUI","NON","NON",61,"low","match",FALSE
112,"noticer_mov3",6514,1016,"slow","Femme","18-25 ans","NON","4",NA,NA,17,NA,18,43,NA,"OUI","right_to_left",61,"slow",47,"Non",0.944444444444444,NA,NA,NA,NA,NA,NA,NA,NA,NA,61,"low","match",FALSE
112,"noticer_mov3",6523,2766,"slow","Femme","18-25 ans","NON","5",NA,NA,NA,NA,16,47,NA,"OUI","right_to_left",100,"fast",66,"Non",NA,NA,NA,NA,NA,NA,NA,NA,NA,NA,61,"low","match",FALSE
113,"NO",6541,8687,"slow","Femme","18-25 ans","OUI","0.1",12,NA,8,67,NA,NA,NA,NA,NA,NA,NA,NA,"Non",NA,NA,NA,NA,NA,NA,NA,NA,NA,NA,60,"low","match",FALSE
113,"NO",6545,6274,"slow","Femme","18-25 ans","OUI","0.2",13,NA,13,100,NA,NA,NA,NA,NA,NA,NA,NA,"Non",NA,NA,NA,NA,NA,NA,NA,NA,NA,NA,60,"low","match",FALSE
113,"NO",6549,4775,"slow","Femme","18-25 ans","OUI","0.3",12,NA,11,92,NA,NA,NA,NA,NA,NA,NA,NA,"Non",NA,NA,NA,NA,NA,NA,NA,NA,NA,NA,60,"low","match",FALSE
113,"NO",6552,1747,"slow","Femme","18-25 ans","NON","1",NA,NA,14,NA,17,45,NA,NA,NA,NA,NA,NA,"Non",0.823529411764706,NA,NA,NA,NA,NA,NA,NA,NA,NA,60,"low","match",FALSE
113,"NO",6555,3293,"slow","Femme","18-25 ans","NON","2",NA,NA,15,NA,17,47,NA,NA,NA,NA,NA,NA,"Non",0.882352941176471,NA,NA,NA,NA,NA,NA,NA,NA,NA,60,"low","match",FALSE
113,"NO",6558,6754,"slow","Femme","18-25 ans","NON","3",NA,NA,13,NA,20,42,1,"NON",NA,NA,NA,NA,"Non",0.65,"NON","NON","NON",NA,NA,NA,NA,NA,NA,60,"low","match",FALSE
113,"NO",6562,2344,"slow","Femme","18-25 ans","NON","3",NA,NA,12,NA,19,47,2,"NON",NA,NA,NA,NA,"Non",0.631578947368421,NA,NA,NA,"NON","NON","NON",NA,NA,NA,60,"low","match",FALSE
113,"NO",6566,1230,"slow","Femme","18-25 ans","NON","3",NA,NA,6,NA,18,47,3,"NON",NA,NA,NA,NA,"Non",0.333333333333333,NA,NA,NA,NA,NA,NA,"NON","NON","NON",60,"low","match",FALSE
113,"NO",6570,2597,"slow","Femme","18-25 ans","NON","4",NA,NA,12,NA,17,38,NA,"NON","diagonal",61,"slow",57,"Non",0.705882352941176,NA,NA,NA,NA,NA,NA,NA,NA,NA,60,"low","match",FALSE
113,"NO",6579,7232,"slow","Femme","18-25 ans","NON","5",NA,NA,NA,NA,16,42,NA,"OUI","vertical",100,"fast",100,"Non",NA,NA,NA,NA,NA,NA,NA,NA,NA,NA,60,"low","match",FALSE
114,"NO",6596,4682,"slow","Femme","51 ans et plus","OUI","0.1",13,NA,11,85,NA,NA,NA,NA,NA,NA,NA,NA,"Non",NA,NA,NA,NA,NA,NA,NA,NA,NA,NA,61,"low","match",FALSE
114,"NO",6600,3401,"slow","Femme","51 ans et plus","OUI","0.2",13,NA,10,77,NA,NA,NA,NA,NA,NA,NA,NA,"Non",NA,NA,NA,NA,NA,NA,NA,NA,NA,NA,61,"low","match",FALSE
114,"NO",6604,4733,"slow","Femme","51 ans et plus","OUI","0.3",13,NA,10,77,NA,NA,NA,NA,NA,NA,NA,NA,"Non",NA,NA,NA,NA,NA,NA,NA,NA,NA,NA,61,"low","match",FALSE
114,"NO",6608,3883,"slow","Femme","51 ans et plus","OUI","0.4",13,NA,11,85,NA,NA,NA,NA,NA,NA,NA,NA,"Non",NA,NA,NA,NA,NA,NA,NA,NA,NA,NA,61,"low","match",FALSE
114,"NO",6612,7111,"slow","Femme","51 ans et plus","OUI","0.5",11,NA,10,91,NA,NA,NA,NA,NA,NA,NA,NA,"Non",NA,NA,NA,NA,NA,NA,NA,NA,NA,NA,61,"low","match",FALSE
114,"NO",6615,2549,"slow","Femme","51 ans et plus","NON","1",NA,NA,15,NA,17,43,NA,NA,NA,NA,NA,NA,"Non",0.882352941176471,NA,NA,NA,NA,NA,NA,NA,NA,NA,61,"low","match",FALSE
114,"NO",6618,3903,"slow","Femme","51 ans et plus","NON","2",NA,NA,13,NA,17,41,NA,NA,NA,NA,NA,NA,"Non",0.764705882352941,NA,NA,NA,NA,NA,NA,NA,NA,NA,61,"low","match",FALSE
114,"NO",6621,1847,"slow","Femme","51 ans et plus","NON","3",NA,NA,11,NA,16,44,1,"NON",NA,NA,NA,NA,"Non",0.6875,"NON","NON","NON",NA,NA,NA,NA,NA,NA,61,"low","match",FALSE
114,"NO",6625,3002,"slow","Femme","51 ans et plus","NON","3",NA,NA,18,NA,16,46,2,"NON",NA,NA,NA,NA,"Non",0.875,NA,NA,NA,"NON","NON","NON",NA,NA,NA,61,"low","match",FALSE
114,"NO",6629,2063,"slow","Femme","51 ans et plus","NON","3",NA,NA,16,NA,18,40,3,"NON",NA,NA,NA,NA,"Non",0.888888888888889,NA,NA,NA,NA,NA,NA,"NON","NON","NON",61,"low","match",FALSE
114,"NO",6633,11889,"slow","Femme","51 ans et plus","NON","4",NA,NA,9,NA,18,40,NA,"NON","random",67,"slow",25,"Non",0.5,NA,NA,NA,NA,NA,NA,NA,NA,NA,61,"low","match",FALSE
114,"NO",6642,5789,"slow","Femme","51 ans et plus","NON","5",NA,NA,NA,NA,19,42,NA,"NON","diagonal",0,"fast",11,"Non",NA,NA,NA,NA,NA,NA,NA,NA,NA,NA,61,"low","match",FALSE
115,"NO",6660,3910,"slow","Femme","18-25 ans","OUI","0.1",11,NA,6,55,NA,NA,NA,NA,NA,NA,NA,NA,"Oui",NA,NA,NA,NA,NA,NA,NA,NA,NA,NA,61,"low","match",FALSE
115,"NO",6664,3916,"slow","Femme","18-25 ans","OUI","0.2",10,NA,10,100,NA,NA,NA,NA,NA,NA,NA,NA,"Oui",NA,NA,NA,NA,NA,NA,NA,NA,NA,NA,61,"low","match",FALSE
115,"NO",6668,2833,"slow","Femme","18-25 ans","OUI","0.3",12,NA,11,92,NA,NA,NA,NA,NA,NA,NA,NA,"Oui",NA,NA,NA,NA,NA,NA,NA,NA,NA,NA,61,"low","match",FALSE
115,"NO",6671,1040,"slow","Femme","18-25 ans","NON","1",NA,NA,12,NA,19,44,NA,NA,NA,NA,NA,NA,"Oui",0.631578947368421,NA,NA,NA,NA,NA,NA,NA,NA,NA,61,"low","match",FALSE
115,"NO",6674,897,"slow","Femme","18-25 ans","NON","2",NA,NA,17,NA,20,45,NA,NA,NA,NA,NA,NA,"Oui",0.85,NA,NA,NA,NA,NA,NA,NA,NA,NA,61,"low","match",FALSE
115,"NO",6677,846,"slow","Femme","18-25 ans","NON","3",NA,NA,19,NA,19,36,1,"OUI","diagonal",42,"fast",0,"Oui",1,"NON","NON","NON",NA,NA,NA,NA,NA,NA,61,"low","match",FALSE
115,"NO",6685,954,"slow","Femme","18-25 ans","NON","4",NA,NA,18,NA,19,42,NA,"NON","vertical",0,"fast",37,"Oui",0.947368421052632,NA,NA,NA,NA,NA,NA,NA,NA,NA,61,"low","match",FALSE
115,"NO",6694,9817,"slow","Femme","18-25 ans","NON","5",NA,NA,NA,NA,17,44,NA,"OUI","right_to_left",100,"very_slow",65,"Oui",NA,NA,NA,NA,NA,NA,NA,NA,NA,NA,61,"low","match",FALSE
116,"NO",6712,2382,"slow","Homme","51 ans et plus","OUI","0.1",13,NA,8,62,NA,NA,NA,NA,NA,NA,NA,NA,"Non",NA,NA,NA,NA,NA,NA,NA,NA,NA,NA,59,"low","match",FALSE
116,"NO",6716,4383,"slow","Homme","51 ans et plus","OUI","0.2",12,NA,13,92,NA,NA,NA,NA,NA,NA,NA,NA,"Non",NA,NA,NA,NA,NA,NA,NA,NA,NA,NA,59,"low","match",FALSE
116,"NO",6720,3850,"slow","Homme","51 ans et plus","OUI","0.3",12,NA,12,100,NA,NA,NA,NA,NA,NA,NA,NA,"Non",NA,NA,NA,NA,NA,NA,NA,NA,NA,NA,59,"low","match",FALSE
116,"NO",6723,826,"slow","Homme","51 ans et plus","NON","1",NA,NA,30,NA,18,45,NA,NA,NA,NA,NA,NA,"Non",0.333333333333333,NA,NA,NA,NA,NA,NA,NA,NA,NA,59,"low","match",FALSE
116,"NO",6726,1585,"slow","Homme","51 ans et plus","NON","2",NA,NA,25,NA,20,36,NA,NA,NA,NA,NA,NA,"Non",0.75,NA,NA,NA,NA,NA,NA,NA,NA,NA,59,"low","match",FALSE
116,"NO",6729,839,"slow","Homme","51 ans et plus","NON","3",NA,NA,20,NA,17,44,1,"NON",NA,NA,NA,NA,"Non",0.823529411764706,"NON","NON","NON",NA,NA,NA,NA,NA,NA,59,"low","match",FALSE
116,"NO",6733,1172,"slow","Homme","51 ans et plus","NON","3",NA,NA,20,NA,20,44,2,"NON",NA,NA,NA,NA,"Non",1,NA,NA,NA,"NON","NON","NON",NA,NA,NA,59,"low","match",FALSE
116,"NO",6737,2040,"slow","Homme","51 ans et plus","NON","3",NA,NA,19,NA,18,43,3,"NON",NA,NA,NA,NA,"Non",0.944444444444444,NA,NA,NA,NA,NA,NA,"NON","NON","NON",59,"low","match",FALSE
116,"NO",6741,722,"slow","Homme","51 ans et plus","NON","4",NA,NA,22,NA,19,48,NA,"NON","diagonal",41,"slow",0,"Non",0.842105263157895,NA,NA,NA,NA,NA,NA,NA,NA,NA,59,"low","match",FALSE
116,"NO",6750,2011,"slow","Homme","51 ans et plus","NON","5",NA,NA,NA,NA,17,47,NA,"NON","right_to_left",0,"fast",18,"Non",NA,NA,NA,NA,NA,NA,NA,NA,NA,NA,59,"low","match",FALSE
117,"NO",6768,5102,"fast","Homme","18-25 ans","OUI","0.1",12,NA,12,100,NA,NA,NA,NA,NA,NA,NA,NA,"Non",NA,NA,NA,NA,NA,NA,NA,NA,NA,NA,61,"low","mismatch",TRUE
117,"NO",6772,7830,"fast","Homme","18-25 ans","OUI","0.2",12,NA,13,92,NA,NA,NA,NA,NA,NA,NA,NA,"Non",NA,NA,NA,NA,NA,NA,NA,NA,NA,NA,61,"low","mismatch",TRUE
117,"NO",6775,1781,"fast","Homme","18-25 ans","NON","1",NA,NA,40,NA,18,48,NA,NA,NA,NA,NA,NA,"Non",-0.222222222222222,NA,NA,NA,NA,NA,NA,NA,NA,NA,61,"low","mismatch",TRUE
117,"NO",6778,4843,"fast","Homme","18-25 ans","NON","2",NA,NA,42,NA,17,44,NA,NA,NA,NA,NA,NA,"Non",-0.470588235294118,NA,NA,NA,NA,NA,NA,NA,NA,NA,61,"low","mismatch",TRUE
117,"NO",6781,2423,"fast","Homme","18-25 ans","NON","3",NA,NA,41,NA,20,45,1,"OUI","random",66,"very_fast",62,"Non",-0.05,"NON","NON","NON",NA,NA,NA,NA,NA,NA,61,"low","mismatch",TRUE
117,"NO",6789,1614,"fast","Homme","18-25 ans","NON","4",NA,NA,38,NA,17,44,NA,"OUI","right_to_left",100,"slow",100,"Non",-0.235294117647059,NA,NA,NA,NA,NA,NA,NA,NA,NA,61,"low","mismatch",TRUE
117,"NO",6798,5731,"fast","Homme","18-25 ans","NON","5",NA,NA,NA,NA,19,47,NA,"OUI","right_to_left",100,"fast",100,"Non",NA,NA,NA,NA,NA,NA,NA,NA,NA,NA,61,"low","mismatch",TRUE
118,"noticer_mov2",6815,5571,"fast","Femme","51 ans et plus","OUI","0.1",11,NA,10,91,NA,NA,NA,NA,NA,NA,NA,NA,"Non",NA,NA,NA,NA,NA,NA,NA,NA,NA,NA,60,"low","mismatch",FALSE
118,"noticer_mov2",6819,4225,"fast","Femme","51 ans et plus","OUI","0.2",12,NA,11,92,NA,NA,NA,NA,NA,NA,NA,NA,"Non",NA,NA,NA,NA,NA,NA,NA,NA,NA,NA,60,"low","mismatch",FALSE
118,"noticer_mov2",6822,1194,"fast","Femme","51 ans et plus","NON","1",NA,NA,12,NA,20,43,NA,NA,NA,NA,NA,NA,"Non",0.6,NA,NA,NA,NA,NA,NA,NA,NA,NA,60,"low","mismatch",FALSE
118,"noticer_mov2",6825,2044,"fast","Femme","51 ans et plus","NON","2",NA,NA,11,NA,18,48,NA,NA,NA,NA,NA,NA,"Non",0.611111111111111,NA,NA,NA,NA,NA,NA,NA,NA,NA,60,"low","mismatch",FALSE
118,"noticer_mov2",6828,1707,"fast","Femme","51 ans et plus","NON","3",NA,NA,17,NA,19,44,1,"NON",NA,NA,NA,NA,"Non",0.894736842105263,"NON","NON","NON",NA,NA,NA,NA,NA,NA,60,"low","mismatch",FALSE
118,"noticer_mov2",6832,1221,"fast","Femme","51 ans et plus","NON","3",NA,NA,14,NA,16,45,2,"OUI","right_to_left",45,"very_fast",53,"Non",0.875,NA,NA,NA,"OUI","NON","NON",NA,NA,NA,60,"low","mismatch",FALSE
118,"noticer_mov2",6840,1047,"fast","Femme","51 ans et plus","NON","4",NA,NA,14,NA,19,46,NA,"OUI","right_to_left",76,"very_fast",69,"Non",0.736842105263158,NA,NA,NA,NA,NA,NA,NA,NA,NA,60,"low","mismatch",FALSE
118,"noticer_mov2",6849,1799,"fast","Femme","51 ans et plus","NON","5",NA,NA,NA,NA,19,49,NA,"OUI","right_to_left",70,"very_fast",58,"Non",NA,NA,NA,NA,NA,NA,NA,NA,NA,NA,60,"low","mismatch",FALSE
119,"noticer_mov2",6866,2384,"fast","Homme","18-25 ans","OUI","0.1",12,NA,13,92,NA,NA,NA,NA,NA,NA,NA,NA,"Non",NA,NA,NA,NA,NA,NA,NA,NA,NA,NA,61,"low","mismatch",TRUE
119,"noticer_mov2",6870,1317,"fast","Homme","18-25 ans","OUI","0.2",11,NA,11,100,NA,NA,NA,NA,NA,NA,NA,NA,"Non",NA,NA,NA,NA,NA,NA,NA,NA,NA,NA,61,"low","mismatch",TRUE
119,"noticer_mov2",6873,1291,"fast","Homme","18-25 ans","NON","1",NA,NA,15,NA,18,45,NA,NA,NA,NA,NA,NA,"Non",0.833333333333333,NA,NA,NA,NA,NA,NA,NA,NA,NA,61,"low","mismatch",TRUE
119,"noticer_mov2",6876,1104,"fast","Homme","18-25 ans","NON","2",NA,NA,13,NA,18,49,NA,NA,NA,NA,NA,NA,"Non",0.722222222222222,NA,NA,NA,NA,NA,NA,NA,NA,NA,61,"low","mismatch",TRUE
119,"noticer_mov2",6879,3064,"fast","Homme","18-25 ans","NON","3",NA,NA,15,NA,17,44,1,"NON",NA,NA,NA,NA,"Non",0.882352941176471,"NON","NON","NON",NA,NA,NA,NA,NA,NA,61,"low","mismatch",TRUE
119,"noticer_mov2",6883,1353,"fast","Homme","18-25 ans","NON","3",NA,NA,11,NA,16,47,2,"OUI","right_to_left",94,"fast",58,"Non",0.6875,NA,NA,NA,"OUI","NON","NON",NA,NA,NA,61,"low","mismatch",TRUE
119,"noticer_mov2",6891,1323,"fast","Homme","18-25 ans","NON","4",NA,NA,9,NA,16,39,NA,"OUI","right_to_left",88,"very_fast",55,"Non",0.5625,NA,NA,NA,NA,NA,NA,NA,NA,NA,61,"low","mismatch",TRUE
119,"noticer_mov2",6900,1564,"fast","Homme","18-25 ans","NON","5",NA,NA,NA,NA,18,47,NA,"OUI","right_to_left",93,"fast",66,"Non",NA,NA,NA,NA,NA,NA,NA,NA,NA,NA,61,"low","mismatch",TRUE
120,"noticer_mov3",6922,1768,"fast","Femme","18-25 ans","OUI","0.1",10,NA,10,100,NA,NA,NA,NA,NA,NA,NA,NA,"Non",NA,NA,NA,NA,NA,NA,NA,NA,NA,NA,61,"low","mismatch",FALSE
120,"noticer_mov3",6926,1135,"fast","Femme","18-25 ans","OUI","0.2",11,NA,11,100,NA,NA,NA,NA,NA,NA,NA,NA,"Non",NA,NA,NA,NA,NA,NA,NA,NA,NA,NA,61,"low","mismatch",FALSE
120,"noticer_mov3",6929,1327,"fast","Femme","18-25 ans","NON","1",NA,NA,16,NA,17,43,NA,NA,NA,NA,NA,NA,"Non",0.941176470588235,NA,NA,NA,NA,NA,NA,NA,NA,NA,61,"low","mismatch",FALSE
120,"noticer_mov3",6932,1842,"fast","Femme","18-25 ans","NON","2",NA,NA,17,NA,18,38,NA,NA,NA,NA,NA,NA,"Non",0.944444444444444,NA,NA,NA,NA,NA,NA,NA,NA,NA,61,"low","mismatch",FALSE
120,"noticer_mov3",6935,1596,"fast","Femme","18-25 ans","NON","3",NA,NA,18,NA,18,44,1,"NON",NA,NA,NA,NA,"Non",1,"NON","NON","NON",NA,NA,NA,NA,NA,NA,61,"low","mismatch",FALSE
120,"noticer_mov3",6939,1291,"fast","Femme","18-25 ans","NON","3",NA,NA,18,NA,19,45,2,"NON",NA,NA,NA,NA,"Non",0.947368421052632,NA,NA,NA,"NON","NON","NON",NA,NA,NA,61,"low","mismatch",FALSE
120,"noticer_mov3",6943,1330,"fast","Femme","18-25 ans","NON","3",NA,NA,14,NA,17,40,3,"OUI","right_to_left",90,"very_fast",64,"Non",0.823529411764706,NA,NA,NA,NA,NA,NA,"OUI","NON","NON",61,"low","mismatch",FALSE
120,"noticer_mov3",6951,1432,"fast","Femme","18-25 ans","NON","4",NA,NA,14,NA,20,47,NA,"NON","right_to_left",64,"very_fast",52,"Non",0.7,NA,NA,NA,NA,NA,NA,NA,NA,NA,61,"low","mismatch",FALSE
120,"noticer_mov3",6960,1502,"fast","Femme","18-25 ans","NON","5",NA,NA,NA,NA,18,43,NA,"OUI","right_to_left",91,"very_fast",79,"Non",NA,NA,NA,NA,NA,NA,NA,NA,NA,NA,61,"low","mismatch",FALSE
121,"noticer_all1",6978,21764,"slow","Homme","18-25 ans","OUI","0.1",12,NA,11,92,NA,NA,NA,NA,NA,NA,NA,NA,"Non",NA,NA,NA,NA,NA,NA,NA,NA,NA,NA,60,"low","match",FALSE
121,"noticer_all1",6982,3080,"slow","Homme","18-25 ans","OUI","0.2",12,NA,13,92,NA,NA,NA,NA,NA,NA,NA,NA,"Non",NA,NA,NA,NA,NA,NA,NA,NA,NA,NA,60,"low","match",FALSE
121,"noticer_all1",6985,9904,"slow","Homme","18-25 ans","NON","1",NA,NA,18,NA,18,44,NA,NA,NA,NA,NA,NA,"Non",1,NA,NA,NA,NA,NA,NA,NA,NA,NA,60,"low","match",FALSE
121,"noticer_all1",6988,3891,"slow","Homme","18-25 ans","NON","2",NA,NA,19,NA,18,40,NA,NA,NA,NA,NA,NA,"Non",0.944444444444444,NA,NA,NA,NA,NA,NA,NA,NA,NA,60,"low","match",FALSE
121,"noticer_all1",6991,2842,"slow","Homme","18-25 ans","NON","3",NA,NA,27,NA,19,49,1,"OUI","right_to_left",100,"slow",83,"Non",0.578947368421053,"OUI","OUI","OUI",NA,NA,NA,NA,NA,NA,60,"low","match",FALSE
121,"noticer_all1",6999,3294,"slow","Homme","18-25 ans","NON","4",NA,NA,27,NA,18,42,NA,"OUI","right_to_left",100,"very_slow",100,"Non",0.5,NA,NA,NA,NA,NA,NA,NA,NA,NA,60,"low","match",FALSE
121,"noticer_all1",7008,3606,"slow","Homme","18-25 ans","NON","5",NA,NA,NA,NA,19,47,NA,"OUI","vertical",11,"slow",0,"Non",NA,NA,NA,NA,NA,NA,NA,NA,NA,NA,60,"low","match",FALSE
122,"noticer_mov2",7026,11941,"slow","Femme","18-25 ans","OUI","0.1",11,NA,10,91,NA,NA,NA,NA,NA,NA,NA,NA,"Non",NA,NA,NA,NA,NA,NA,NA,NA,NA,NA,61,"low","match",FALSE
122,"noticer_mov2",7030,4111,"slow","Femme","18-25 ans","OUI","0.2",12,NA,9,75,NA,NA,NA,NA,NA,NA,NA,NA,"Non",NA,NA,NA,NA,NA,NA,NA,NA,NA,NA,61,"low","match",FALSE
122,"noticer_mov2",7034,5723,"slow","Femme","18-25 ans","OUI","0.3",13,NA,12,92,NA,NA,NA,NA,NA,NA,NA,NA,"Non",NA,NA,NA,NA,NA,NA,NA,NA,NA,NA,61,"low","match",FALSE
122,"noticer_mov2",7038,5135,"slow","Femme","18-25 ans","OUI","0.4",14,NA,9,64,NA,NA,NA,NA,NA,NA,NA,NA,"Non",NA,NA,NA,NA,NA,NA,NA,NA,NA,NA,61,"low","match",FALSE
122,"noticer_mov2",7042,2530,"slow","Femme","18-25 ans","OUI","0.5",10,NA,9,90,NA,NA,NA,NA,NA,NA,NA,NA,"Non",NA,NA,NA,NA,NA,NA,NA,NA,NA,NA,61,"low","match",FALSE
122,"noticer_mov2",7046,3283,"slow","Femme","18-25 ans","OUI","0.6",11,NA,12,91,NA,NA,NA,NA,NA,NA,NA,NA,"Non",NA,NA,NA,NA,NA,NA,NA,NA,NA,NA,61,"low","match",FALSE
122,"noticer_mov2",7049,1940,"slow","Femme","18-25 ans","NON","1",NA,NA,16,NA,18,45,NA,NA,NA,NA,NA,NA,"Non",0.888888888888889,NA,NA,NA,NA,NA,NA,NA,NA,NA,61,"low","match",FALSE
122,"noticer_mov2",7052,4505,"slow","Femme","18-25 ans","NON","2",NA,NA,15,NA,17,44,NA,NA,NA,NA,NA,NA,"Non",0.882352941176471,NA,NA,NA,NA,NA,NA,NA,NA,NA,61,"low","match",FALSE
122,"noticer_mov2",7055,2265,"slow","Femme","18-25 ans","NON","3",NA,NA,16,NA,19,46,1,"NON",NA,NA,NA,NA,"Non",0.842105263157895,"NON","NON","NON",NA,NA,NA,NA,NA,NA,61,"low","match",FALSE
122,"noticer_mov2",7059,3207,"slow","Femme","18-25 ans","NON","3",NA,NA,18,NA,19,49,2,"OUI","right_to_left",19,"fast",43,"Non",0.947368421052632,NA,NA,NA,"OUI","NON","NON",NA,NA,NA,61,"low","match",FALSE
122,"noticer_mov2",7067,1053,"slow","Femme","18-25 ans","NON","4",NA,NA,16,NA,19,42,NA,"OUI","random",41,"very_fast",77,"Non",0.842105263157895,NA,NA,NA,NA,NA,NA,NA,NA,NA,61,"low","match",FALSE
122,"noticer_mov2",7076,6025,"slow","Femme","18-25 ans","NON","5",NA,NA,NA,NA,17,48,NA,"OUI","right_to_left",100,"fast",75,"Non",NA,NA,NA,NA,NA,NA,NA,NA,NA,NA,61,"low","match",FALSE
123,"noticer_mov1",7094,7632,"slow","Homme","18-25 ans","OUI","0.1",12,NA,14,83,NA,NA,NA,NA,NA,NA,NA,NA,"Non",NA,NA,NA,NA,NA,NA,NA,NA,NA,NA,61,"low","match",FALSE
123,"noticer_mov1",7098,3871,"slow","Homme","18-25 ans","OUI","0.2",11,NA,12,91,NA,NA,NA,NA,NA,NA,NA,NA,"Non",NA,NA,NA,NA,NA,NA,NA,NA,NA,NA,61,"low","match",FALSE
123,"noticer_mov1",7101,1167,"slow","Homme","18-25 ans","NON","1",NA,NA,18,NA,18,45,NA,NA,NA,NA,NA,NA,"Non",1,NA,NA,NA,NA,NA,NA,NA,NA,NA,61,"low","match",FALSE
123,"noticer_mov1",7104,2830,"slow","Homme","18-25 ans","NON","2",NA,NA,10,NA,17,46,NA,NA,NA,NA,NA,NA,"Non",0.588235294117647,NA,NA,NA,NA,NA,NA,NA,NA,NA,61,"low","match",FALSE
123,"noticer_mov1",7107,5646,"slow","Homme","18-25 ans","NON","3",NA,NA,15,NA,18,44,1,"OUI","right_to_left",67,"fast",100,"Non",0.833333333333333,"OUI","NON","NON",NA,NA,NA,NA,NA,NA,61,"low","match",FALSE
123,"noticer_mov1",7115,940,"slow","Homme","18-25 ans","NON","4",NA,NA,17,NA,19,45,NA,"OUI","right_to_left",100,"slow",100,"Non",0.894736842105263,NA,NA,NA,NA,NA,NA,NA,NA,NA,61,"low","match",FALSE
123,"noticer_mov1",7124,2866,"slow","Homme","18-25 ans","NON","5",NA,NA,NA,NA,18,47,NA,"OUI","diagonal",100,"fast",100,"Non",NA,NA,NA,NA,NA,NA,NA,NA,NA,NA,61,"low","match",FALSE
124,"noticer_speed1",7142,2347,"fast","Homme","36-50 ans","OUI","0.1",11,NA,12,91,NA,NA,NA,NA,NA,NA,NA,NA,"Non",NA,NA,NA,NA,NA,NA,NA,NA,NA,NA,60,"low","mismatch",FALSE
124,"noticer_speed1",7146,2172,"fast","Homme","36-50 ans","OUI","0.2",12,NA,12,100,NA,NA,NA,NA,NA,NA,NA,NA,"Non",NA,NA,NA,NA,NA,NA,NA,NA,NA,NA,60,"low","mismatch",FALSE
124,"noticer_speed1",7149,1217,"fast","Homme","36-50 ans","NON","1",NA,NA,18,NA,18,45,NA,NA,NA,NA,NA,NA,"Non",1,NA,NA,NA,NA,NA,NA,NA,NA,NA,60,"low","mismatch",FALSE
124,"noticer_speed1",7152,1588,"fast","Homme","36-50 ans","NON","2",NA,NA,16,NA,18,48,NA,NA,NA,NA,NA,NA,"Non",0.888888888888889,NA,NA,NA,NA,NA,NA,NA,NA,NA,60,"low","mismatch",FALSE
124,"noticer_speed1",7155,4662,"fast","Homme","36-50 ans","NON","3",NA,NA,16,NA,20,48,1,"OUI","vertical",55,"slow",36,"Non",0.8,"NON","OUI","NON",NA,NA,NA,NA,NA,NA,60,"low","mismatch",FALSE
124,"noticer_speed1",7163,1253,"fast","Homme","36-50 ans","NON","4",NA,NA,14,NA,19,43,NA,"OUI","right_to_left",100,"very_fast",100,"Non",0.736842105263158,NA,NA,NA,NA,NA,NA,NA,NA,NA,60,"low","mismatch",FALSE
124,"noticer_speed1",7172,1694,"fast","Homme","36-50 ans","NON","5",NA,NA,NA,NA,17,47,NA,"OUI","right_to_left",100,"very_fast",81,"Non",NA,NA,NA,NA,NA,NA,NA,NA,NA,NA,60,"low","mismatch",FALSE
125,"NO",7190,27873,"fast","Femme","36-50 ans","OUI","0.1",13,NA,10,77,NA,NA,NA,NA,NA,NA,NA,NA,"Non",NA,NA,NA,NA,NA,NA,NA,NA,NA,NA,60,"low","mismatch",FALSE
125,"NO",7194,3568,"fast","Femme","36-50 ans","OUI","0.2",12,NA,9,75,NA,NA,NA,NA,NA,NA,NA,NA,"Non",NA,NA,NA,NA,NA,NA,NA,NA,NA,NA,60,"low","mismatch",FALSE
125,"NO",7198,3345,"fast","Femme","36-50 ans","OUI","0.3",11,NA,10,91,NA,NA,NA,NA,NA,NA,NA,NA,"Non",NA,NA,NA,NA,NA,NA,NA,NA,NA,NA,60,"low","mismatch",FALSE
125,"NO",7202,3099,"fast","Femme","36-50 ans","OUI","0.4",12,NA,12,100,NA,NA,NA,NA,NA,NA,NA,NA,"Non",NA,NA,NA,NA,NA,NA,NA,NA,NA,NA,60,"low","mismatch",FALSE
125,"NO",7205,1534,"fast","Femme","36-50 ans","NON","1",NA,NA,16,NA,17,47,NA,NA,NA,NA,NA,NA,"Non",0.941176470588235,NA,NA,NA,NA,NA,NA,NA,NA,NA,60,"low","mismatch",FALSE
125,"NO",7208,2701,"fast","Femme","36-50 ans","NON","2",NA,NA,16,NA,17,41,NA,NA,NA,NA,NA,NA,"Non",0.941176470588235,NA,NA,NA,NA,NA,NA,NA,NA,NA,60,"low","mismatch",FALSE
125,"NO",7211,1624,"fast","Femme","36-50 ans","NON","3",NA,NA,16,NA,19,48,1,"NON",NA,NA,NA,NA,"Non",0.842105263157895,"NON","NON","NON",NA,NA,NA,NA,NA,NA,60,"low","mismatch",FALSE
125,"NO",7215,1940,"fast","Femme","36-50 ans","NON","3",NA,NA,15,NA,17,42,2,"NON",NA,NA,NA,NA,"Non",0.882352941176471,NA,NA,NA,"NON","NON","NON",NA,NA,NA,60,"low","mismatch",FALSE
125,"NO",7219,1473,"fast","Femme","36-50 ans","NON","3",NA,NA,15,NA,18,43,3,"NON",NA,NA,NA,NA,"Non",0.833333333333333,NA,NA,NA,NA,NA,NA,"NON","NON","NON",60,"low","mismatch",FALSE
125,"NO",7223,1648,"fast","Femme","36-50 ans","NON","4",NA,NA,15,NA,17,39,NA,"NON","diagonal",2,"fast",11,"Non",0.882352941176471,NA,NA,NA,NA,NA,NA,NA,NA,NA,60,"low","mismatch",FALSE
125,"NO",7232,5479,"fast","Femme","36-50 ans","NON","5",NA,NA,NA,NA,19,46,NA,"OUI","right_to_left",100,"very_fast",54,"Non",NA,NA,NA,NA,NA,NA,NA,NA,NA,NA,60,"low","mismatch",FALSE
126,"noticer_all3",7249,5688,"slow","Homme","18-25 ans","OUI","0.1",15,NA,13,87,NA,NA,NA,NA,NA,NA,NA,NA,"Oui",NA,NA,NA,NA,NA,NA,NA,NA,NA,NA,61,"low","match",FALSE
126,"noticer_all3",7253,4620,"slow","Homme","18-25 ans","OUI","0.2",11,NA,9,82,NA,NA,NA,NA,NA,NA,NA,NA,"Oui",NA,NA,NA,NA,NA,NA,NA,NA,NA,NA,61,"low","match",FALSE
126,"noticer_all3",7256,3226,"slow","Homme","18-25 ans","NON","1",NA,NA,18,NA,17,45,NA,NA,NA,NA,NA,NA,"Oui",0.941176470588235,NA,NA,NA,NA,NA,NA,NA,NA,NA,61,"low","match",FALSE
126,"noticer_all3",7259,1128,"slow","Homme","18-25 ans","NON","2",NA,NA,12,NA,17,40,NA,NA,NA,NA,NA,NA,"Oui",0.705882352941176,NA,NA,NA,NA,NA,NA,NA,NA,NA,61,"low","match",FALSE
126,"noticer_all3",7262,1278,"slow","Homme","18-25 ans","NON","3",NA,NA,17,NA,20,40,1,"NON",NA,NA,NA,NA,"Oui",0.85,"NON","NON","NON",NA,NA,NA,NA,NA,NA,61,"low","match",FALSE
126,"noticer_all3",7266,1462,"slow","Homme","18-25 ans","NON","3",NA,NA,19,NA,19,47,2,"NON",NA,NA,NA,NA,"Oui",1,NA,NA,NA,"NON","NON","NON",NA,NA,NA,61,"low","match",FALSE
126,"noticer_all3",7270,1535,"slow","Homme","18-25 ans","NON","3",NA,NA,14,NA,17,44,3,"OUI","right_to_left",100,"slow",71,"Oui",0.823529411764706,NA,NA,NA,NA,NA,NA,"OUI","OUI","OUI",61,"low","match",FALSE
126,"noticer_all3",7278,1339,"slow","Homme","18-25 ans","NON","4",NA,NA,14,NA,19,49,NA,"OUI","diagonal",100,"slow",26,"Oui",0.736842105263158,NA,NA,NA,NA,NA,NA,NA,NA,NA,61,"low","match",FALSE
126,"noticer_all3",7287,2704,"slow","Homme","18-25 ans","NON","5",NA,NA,NA,NA,19,44,NA,"NON","right_to_left",16,"slow",27,"Oui",NA,NA,NA,NA,NA,NA,NA,NA,NA,NA,61,"low","match",FALSE
127,"noticer_mov3",7305,4012,"slow","Non-binaire","18-25 ans","OUI","0.1",12,NA,12,100,NA,NA,NA,NA,NA,NA,NA,NA,"Non",NA,NA,NA,NA,NA,NA,NA,NA,NA,NA,61,"low","match",TRUE
127,"noticer_mov3",7309,3362,"slow","Non-binaire","18-25 ans","OUI","0.2",12,NA,13,92,NA,NA,NA,NA,NA,NA,NA,NA,"Non",NA,NA,NA,NA,NA,NA,NA,NA,NA,NA,61,"low","match",TRUE
127,"noticer_mov3",7312,1557,"slow","Non-binaire","18-25 ans","NON","1",NA,NA,20,NA,20,43,NA,NA,NA,NA,NA,NA,"Non",1,NA,NA,NA,NA,NA,NA,NA,NA,NA,61,"low","match",TRUE
127,"noticer_mov3",7315,1110,"slow","Non-binaire","18-25 ans","NON","2",NA,NA,15,NA,17,48,NA,NA,NA,NA,NA,NA,"Non",0.882352941176471,NA,NA,NA,NA,NA,NA,NA,NA,NA,61,"low","match",TRUE
127,"noticer_mov3",7318,7689,"slow","Non-binaire","18-25 ans","NON","3",NA,NA,17,NA,17,46,1,"NON",NA,NA,NA,NA,"Non",1,"NON","NON","NON",NA,NA,NA,NA,NA,NA,61,"low","match",TRUE
127,"noticer_mov3",7322,1697,"slow","Non-binaire","18-25 ans","NON","3",NA,NA,14,NA,15,43,2,"NON",NA,NA,NA,NA,"Non",0.933333333333333,NA,NA,NA,"NON","NON","NON",NA,NA,NA,61,"low","match",TRUE
127,"noticer_mov3",7326,1049,"slow","Non-binaire","18-25 ans","NON","3",NA,NA,18,NA,19,49,3,"OUI","right_to_left",100,"fast",34,"Non",0.947368421052632,NA,NA,NA,NA,NA,NA,"OUI","NON","NON",61,"low","match",TRUE
127,"noticer_mov3",7334,5019,"slow","Non-binaire","18-25 ans","NON","4",NA,NA,13,NA,19,40,NA,"OUI","right_to_left",81,"very_slow",100,"Non",0.684210526315789,NA,NA,NA,NA,NA,NA,NA,NA,NA,61,"low","match",TRUE
127,"noticer_mov3",7343,1821,"slow","Non-binaire","18-25 ans","NON","5",NA,NA,NA,NA,19,48,NA,"OUI","right_to_left",100,"slow",78,"Non",NA,NA,NA,NA,NA,NA,NA,NA,NA,NA,61,"low","match",TRUE
128,"noticer_mov1",7361,5651,"slow","Femme","18-25 ans","OUI","0.1",11,NA,10,91,NA,NA,NA,NA,NA,NA,NA,NA,"Non",NA,NA,NA,NA,NA,NA,NA,NA,NA,NA,60,"low","match",TRUE
128,"noticer_mov1",7365,3778,"slow","Femme","18-25 ans","OUI","0.2",12,NA,11,92,NA,NA,NA,NA,NA,NA,NA,NA,"Non",NA,NA,NA,NA,NA,NA,NA,NA,NA,NA,60,"low","match",TRUE
128,"noticer_mov1",7368,2168,"slow","Femme","18-25 ans","NON","1",NA,NA,18,NA,19,45,NA,NA,NA,NA,NA,NA,"Non",0.947368421052632,NA,NA,NA,NA,NA,NA,NA,NA,NA,60,"low","match",TRUE
128,"noticer_mov1",7371,2847,"slow","Femme","18-25 ans","NON","2",NA,NA,17,NA,18,43,NA,NA,NA,NA,NA,NA,"Non",0.944444444444444,NA,NA,NA,NA,NA,NA,NA,NA,NA,60,"low","match",TRUE
128,"noticer_mov1",7374,2448,"slow","Femme","18-25 ans","NON","3",NA,NA,17,NA,19,46,1,"OUI","right_to_left",74,"fast",73,"Non",0.894736842105263,"OUI","NON","NON",NA,NA,NA,NA,NA,NA,60,"low","match",TRUE
128,"noticer_mov1",7382,2615,"slow","Femme","18-25 ans","NON","4",NA,NA,15,NA,17,43,NA,"OUI","right_to_left",100,"slow",100,"Non",0.882352941176471,NA,NA,NA,NA,NA,NA,NA,NA,NA,60,"low","match",TRUE
128,"noticer_mov1",7391,5481,"slow","Femme","18-25 ans","NON","5",NA,NA,NA,NA,16,43,NA,"OUI","right_to_left",100,"slow",100,"Non",NA,NA,NA,NA,NA,NA,NA,NA,NA,NA,60,"low","match",TRUE
129,"NO",7409,3316,"slow","Femme","18-25 ans","OUI","0.1",14,NA,15,93,NA,NA,NA,NA,NA,NA,NA,NA,NA,NA,NA,NA,NA,NA,NA,NA,NA,NA,NA,61,"low","match",FALSE
130,"noticer_mov2",7421,3954,"fast","Homme","18-25 ans","OUI","0.1",13,NA,11,85,NA,NA,NA,NA,NA,NA,NA,NA,"Non",NA,NA,NA,NA,NA,NA,NA,NA,NA,NA,61,"low","mismatch",TRUE
130,"noticer_mov2",7425,5000,"fast","Homme","18-25 ans","OUI","0.2",13,NA,12,92,NA,NA,NA,NA,NA,NA,NA,NA,"Non",NA,NA,NA,NA,NA,NA,NA,NA,NA,NA,61,"low","mismatch",TRUE
130,"noticer_mov2",7428,1473,"fast","Homme","18-25 ans","NON","1",NA,NA,16,NA,20,44,NA,NA,NA,NA,NA,NA,"Non",0.8,NA,NA,NA,NA,NA,NA,NA,NA,NA,61,"low","mismatch",TRUE
130,"noticer_mov2",7431,2175,"fast","Homme","18-25 ans","NON","2",NA,NA,17,NA,19,47,NA,NA,NA,NA,NA,NA,"Non",0.894736842105263,NA,NA,NA,NA,NA,NA,NA,NA,NA,61,"low","mismatch",TRUE
130,"noticer_mov2",7434,888,"fast","Homme","18-25 ans","NON","3",NA,NA,14,NA,19,38,1,"NON",NA,NA,NA,NA,"Non",0.736842105263158,"NON","NON","NON",NA,NA,NA,NA,NA,NA,61,"low","mismatch",TRUE
130,"noticer_mov2",7438,1441,"fast","Homme","18-25 ans","NON","3",NA,NA,13,NA,18,44,2,"OUI","right_to_left",17,"fast",62,"Non",0.722222222222222,NA,NA,NA,"OUI","NON","NON",NA,NA,NA,61,"low","mismatch",TRUE
130,"noticer_mov2",7446,1007,"fast","Homme","18-25 ans","NON","4",NA,NA,16,NA,18,48,NA,"OUI","right_to_left",100,"fast",81,"Non",0.888888888888889,NA,NA,NA,NA,NA,NA,NA,NA,NA,61,"low","mismatch",TRUE
130,"noticer_mov2",7455,3511,"fast","Homme","18-25 ans","NON","5",NA,NA,NA,NA,19,43,NA,"OUI","right_to_left",93,"fast",51,"Non",NA,NA,NA,NA,NA,NA,NA,NA,NA,NA,61,"low","mismatch",TRUE
131,"noticer_mov1",7472,4896,"slow","Femme","36-50 ans","OUI","0.1",10,NA,9,90,NA,NA,NA,NA,NA,NA,NA,NA,"Non",NA,NA,NA,NA,NA,NA,NA,NA,NA,NA,61,"low","match",TRUE
131,"noticer_mov1",7476,3256,"slow","Femme","36-50 ans","OUI","0.2",13,NA,7,54,NA,NA,NA,NA,NA,NA,NA,NA,"Non",NA,NA,NA,NA,NA,NA,NA,NA,NA,NA,61,"low","match",TRUE
131,"noticer_mov1",7480,2826,"slow","Femme","36-50 ans","OUI","0.3",11,NA,9,82,NA,NA,NA,NA,NA,NA,NA,NA,"Non",NA,NA,NA,NA,NA,NA,NA,NA,NA,NA,61,"low","match",TRUE
131,"noticer_mov1",7484,3032,"slow","Femme","36-50 ans","OUI","0.4",13,NA,9,69,NA,NA,NA,NA,NA,NA,NA,NA,"Non",NA,NA,NA,NA,NA,NA,NA,NA,NA,NA,61,"low","match",TRUE
131,"noticer_mov1",7488,3886,"slow","Femme","36-50 ans","OUI","0.5",12,NA,10,83,NA,NA,NA,NA,NA,NA,NA,NA,"Non",NA,NA,NA,NA,NA,NA,NA,NA,NA,NA,61,"low","match",TRUE
131,"noticer_mov1",7492,4016,"slow","Femme","36-50 ans","OUI","0.6",12,NA,9,75,NA,NA,NA,NA,NA,NA,NA,NA,"Non",NA,NA,NA,NA,NA,NA,NA,NA,NA,NA,61,"low","match",TRUE
131,"noticer_mov1",7496,3289,"slow","Femme","36-50 ans","OUI","0.7",13,NA,10,77,NA,NA,NA,NA,NA,NA,NA,NA,"Non",NA,NA,NA,NA,NA,NA,NA,NA,NA,NA,61,"low","match",TRUE
131,"noticer_mov1",7500,4128,"slow","Femme","36-50 ans","OUI","0.8",12,NA,10,83,NA,NA,NA,NA,NA,NA,NA,NA,"Non",NA,NA,NA,NA,NA,NA,NA,NA,NA,NA,61,"low","match",TRUE
131,"noticer_mov1",7504,3741,"slow","Femme","36-50 ans","OUI","0.9",13,NA,12,92,NA,NA,NA,NA,NA,NA,NA,NA,"Non",NA,NA,NA,NA,NA,NA,NA,NA,NA,NA,61,"low","match",TRUE
131,"noticer_mov1",7507,2814,"slow","Femme","36-50 ans","NON","1",NA,NA,12,NA,16,48,NA,NA,NA,NA,NA,NA,"Non",0.75,NA,NA,NA,NA,NA,NA,NA,NA,NA,61,"low","match",TRUE
131,"noticer_mov1",7510,2747,"slow","Femme","36-50 ans","NON","2",NA,NA,12,NA,19,39,NA,NA,NA,NA,NA,NA,"Non",0.631578947368421,NA,NA,NA,NA,NA,NA,NA,NA,NA,61,"low","match",TRUE
131,"noticer_mov1",7513,2577,"slow","Femme","36-50 ans","NON","3",NA,NA,14,NA,18,43,1,"OUI","right_to_left",49,"very_fast",50,"Non",0.777777777777778,"OUI","NON","NON",NA,NA,NA,NA,NA,NA,61,"low","match",TRUE
131,"noticer_mov1",7521,1846,"slow","Femme","36-50 ans","NON","4",NA,NA,12,NA,19,46,NA,"OUI","right_to_left",100,"very_slow",77,"Non",0.631578947368421,NA,NA,NA,NA,NA,NA,NA,NA,NA,61,"low","match",TRUE
131,"noticer_mov1",7530,5877,"slow","Femme","36-50 ans","NON","5",NA,NA,NA,NA,19,46,NA,"OUI","right_to_left",100,"slow",79,"Non",NA,NA,NA,NA,NA,NA,NA,NA,NA,NA,61,"low","match",TRUE
132,"noticer_mov2",7548,3584,"slow","Homme","51 ans et plus","OUI","0.1",12,NA,11,92,NA,NA,NA,NA,NA,NA,NA,NA,"Non",NA,NA,NA,NA,NA,NA,NA,NA,NA,NA,61,"low","match",FALSE
132,"noticer_mov2",7552,3265,"slow","Homme","51 ans et plus","OUI","0.2",11,NA,11,100,NA,NA,NA,NA,NA,NA,NA,NA,"Non",NA,NA,NA,NA,NA,NA,NA,NA,NA,NA,61,"low","match",FALSE
132,"noticer_mov2",7555,1512,"slow","Homme","51 ans et plus","NON","1",NA,NA,17,NA,16,42,NA,NA,NA,NA,NA,NA,"Non",0.9375,NA,NA,NA,NA,NA,NA,NA,NA,NA,61,"low","match",FALSE
132,"noticer_mov2",7558,10668,"slow","Homme","51 ans et plus","NON","2",NA,NA,17,NA,18,40,NA,NA,NA,NA,NA,NA,"Non",0.944444444444444,NA,NA,NA,NA,NA,NA,NA,NA,NA,61,"low","match",FALSE
132,"noticer_mov2",7561,2092,"slow","Homme","51 ans et plus","NON","3",NA,NA,17,NA,19,43,1,"NON",NA,NA,NA,NA,"Non",0.894736842105263,"NON","NON","NON",NA,NA,NA,NA,NA,NA,61,"low","match",FALSE
132,"noticer_mov2",7565,1898,"slow","Homme","51 ans et plus","NON","3",NA,NA,10,NA,19,48,2,"OUI","right_to_left",100,"very_fast",100,"Non",0.526315789473684,NA,NA,NA,"OUI","NON","NON",NA,NA,NA,61,"low","match",FALSE
132,"noticer_mov2",7573,1716,"slow","Homme","51 ans et plus","NON","4",NA,NA,9,NA,16,40,NA,"OUI","right_to_left",100,"fast",99,"Non",0.5625,NA,NA,NA,NA,NA,NA,NA,NA,NA,61,"low","match",FALSE
132,"noticer_mov2",7582,6618,"slow","Homme","51 ans et plus","NON","5",NA,NA,NA,NA,18,42,NA,"OUI","right_to_left",100,"fast",100,"Non",NA,NA,NA,NA,NA,NA,NA,NA,NA,NA,61,"low","match",FALSE
133,"noticer_mov2",7600,3595,"fast","Femme","18-25 ans","OUI","0.1",12,NA,11,92,NA,NA,NA,NA,NA,NA,NA,NA,"Non",NA,NA,NA,NA,NA,NA,NA,NA,NA,NA,61,"low","mismatch",TRUE
133,"noticer_mov2",7604,2894,"fast","Femme","18-25 ans","OUI","0.2",12,NA,12,100,NA,NA,NA,NA,NA,NA,NA,NA,"Non",NA,NA,NA,NA,NA,NA,NA,NA,NA,NA,61,"low","mismatch",TRUE
133,"noticer_mov2",7607,841,"fast","Femme","18-25 ans","NON","1",NA,NA,13,NA,18,48,NA,NA,NA,NA,NA,NA,"Non",0.722222222222222,NA,NA,NA,NA,NA,NA,NA,NA,NA,61,"low","mismatch",TRUE
133,"noticer_mov2",7610,2298,"fast","Femme","18-25 ans","NON","2",NA,NA,14,NA,20,46,NA,NA,NA,NA,NA,NA,"Non",0.7,NA,NA,NA,NA,NA,NA,NA,NA,NA,61,"low","mismatch",TRUE
133,"noticer_mov2",7613,772,"fast","Femme","18-25 ans","NON","3",NA,NA,13,NA,20,47,1,"NON",NA,NA,NA,NA,"Non",0.65,"NON","NON","NON",NA,NA,NA,NA,NA,NA,61,"low","mismatch",TRUE
133,"noticer_mov2",7617,976,"fast","Femme","18-25 ans","NON","3",NA,NA,13,NA,17,43,2,"OUI","right_to_left",88,"fast",35,"Non",0.764705882352941,NA,NA,NA,"OUI","NON","NON",NA,NA,NA,61,"low","mismatch",TRUE
133,"noticer_mov2",7625,911,"fast","Femme","18-25 ans","NON","4",NA,NA,15,NA,17,48,NA,"OUI","right_to_left",100,"fast",85,"Non",0.882352941176471,NA,NA,NA,NA,NA,NA,NA,NA,NA,61,"low","mismatch",TRUE
133,"noticer_mov2",7634,950,"fast","Femme","18-25 ans","NON","5",NA,NA,NA,NA,15,46,NA,"OUI","right_to_left",100,"fast",100,"Non",NA,NA,NA,NA,NA,NA,NA,NA,NA,NA,61,"low","mismatch",TRUE
134,"noticer_all1",7655,16962,"slow","Femme","18-25 ans","OUI","0.1",12,NA,8,67,NA,NA,NA,NA,NA,NA,NA,NA,"Non",NA,NA,NA,NA,NA,NA,NA,NA,NA,NA,60,"low","match",TRUE
134,"noticer_all1",7659,6561,"slow","Femme","18-25 ans","OUI","0.2",11,NA,9,82,NA,NA,NA,NA,NA,NA,NA,NA,"Non",NA,NA,NA,NA,NA,NA,NA,NA,NA,NA,60,"low","match",TRUE
134,"noticer_all1",7663,5015,"slow","Femme","18-25 ans","OUI","0.3",12,NA,11,92,NA,NA,NA,NA,NA,NA,NA,NA,"Non",NA,NA,NA,NA,NA,NA,NA,NA,NA,NA,60,"low","match",TRUE
134,"noticer_all1",7666,1687,"slow","Femme","18-25 ans","NON","1",NA,NA,18,NA,19,39,NA,NA,NA,NA,NA,NA,"Non",0.947368421052632,NA,NA,NA,NA,NA,NA,NA,NA,NA,60,"low","match",TRUE
134,"noticer_all1",7669,2645,"slow","Femme","18-25 ans","NON","2",NA,NA,13,NA,18,42,NA,NA,NA,NA,NA,NA,"Non",0.722222222222222,NA,NA,NA,NA,NA,NA,NA,NA,NA,60,"low","match",TRUE
134,"noticer_all1",7672,2719,"slow","Femme","18-25 ans","NON","3",NA,NA,15,NA,18,44,1,"OUI","right_to_left",91,"slow",87,"Non",0.833333333333333,"OUI","OUI","OUI",NA,NA,NA,NA,NA,NA,60,"low","match",TRUE
134,"noticer_all1",7680,1409,"slow","Femme","18-25 ans","NON","4",NA,NA,16,NA,19,37,NA,"NON","random",3,"slow",13,"Non",0.842105263157895,NA,NA,NA,NA,NA,NA,NA,NA,NA,60,"low","match",TRUE
134,"noticer_all1",7689,4526,"slow","Femme","18-25 ans","NON","5",NA,NA,NA,NA,19,47,NA,"OUI","right_to_left",88,"slow",90,"Non",NA,NA,NA,NA,NA,NA,NA,NA,NA,NA,60,"low","match",TRUE
135,"noticer_speed3",7706,12667,"fast","Homme","Moins de 18 ans","OUI","0.1",13,NA,4,31,NA,NA,NA,NA,NA,NA,NA,NA,"Non",NA,NA,NA,NA,NA,NA,NA,NA,NA,NA,60,"low","mismatch",TRUE
135,"noticer_speed3",7710,3479,"fast","Homme","Moins de 18 ans","OUI","0.2",12,NA,12,100,NA,NA,NA,NA,NA,NA,NA,NA,"Non",NA,NA,NA,NA,NA,NA,NA,NA,NA,NA,60,"low","mismatch",TRUE
135,"noticer_speed3",7714,2597,"fast","Homme","Moins de 18 ans","OUI","0.3",12,NA,10,83,NA,NA,NA,NA,NA,NA,NA,NA,"Non",NA,NA,NA,NA,NA,NA,NA,NA,NA,NA,60,"low","mismatch",TRUE
135,"noticer_speed3",7717,1152,"fast","Homme","Moins de 18 ans","NON","1",NA,NA,19,NA,19,40,NA,NA,NA,NA,NA,NA,"Non",1,NA,NA,NA,NA,NA,NA,NA,NA,NA,60,"low","mismatch",TRUE
135,"noticer_speed3",7720,8479,"fast","Homme","Moins de 18 ans","NON","2",NA,NA,16,NA,18,44,NA,NA,NA,NA,NA,NA,"Non",0.888888888888889,NA,NA,NA,NA,NA,NA,NA,NA,NA,60,"low","mismatch",TRUE
135,"noticer_speed3",7723,2585,"fast","Homme","Moins de 18 ans","NON","3",NA,NA,14,NA,16,44,1,"NON",NA,NA,NA,NA,"Non",0.875,"NON","NON","NON",NA,NA,NA,NA,NA,NA,60,"low","mismatch",TRUE
135,"noticer_speed3",7727,1515,"fast","Homme","Moins de 18 ans","NON","3",NA,NA,15,NA,18,44,2,"NON",NA,NA,NA,NA,"Non",0.833333333333333,NA,NA,NA,"NON","NON","NON",NA,NA,NA,60,"low","mismatch",TRUE
135,"noticer_speed3",7731,1238,"fast","Homme","Moins de 18 ans","NON","3",NA,NA,18,NA,19,42,3,"OUI","diagonal",22,"slow",55,"Non",0.947368421052632,NA,NA,NA,NA,NA,NA,"NON","OUI","NON",60,"low","mismatch",TRUE
135,"noticer_speed3",7739,1063,"fast","Homme","Moins de 18 ans","NON","4",NA,NA,17,NA,19,41,NA,"OUI","right_to_left",100,"fast",74,"Non",0.894736842105263,NA,NA,NA,NA,NA,NA,NA,NA,NA,60,"low","mismatch",TRUE
135,"noticer_speed3",7748,2855,"fast","Homme","Moins de 18 ans","NON","5",NA,NA,NA,NA,19,44,NA,"OUI","right_to_left",100,"fast",100,"Non",NA,NA,NA,NA,NA,NA,NA,NA,NA,NA,60,"low","mismatch",TRUE
136,"noticer_mov1",7765,6635,"slow","Femme","18-25 ans","OUI","0.1",12,NA,12,100,NA,NA,NA,NA,NA,NA,NA,NA,"Non",NA,NA,NA,NA,NA,NA,NA,NA,NA,NA,61,"low","match",FALSE
136,"noticer_mov1",7769,6352,"slow","Femme","18-25 ans","OUI","0.2",13,NA,15,85,NA,NA,NA,NA,NA,NA,NA,NA,"Non",NA,NA,NA,NA,NA,NA,NA,NA,NA,NA,61,"low","match",FALSE
136,"noticer_mov1",7772,1574,"slow","Femme","18-25 ans","NON","1",NA,NA,20,NA,18,44,NA,NA,NA,NA,NA,NA,"Non",0.888888888888889,NA,NA,NA,NA,NA,NA,NA,NA,NA,61,"low","match",FALSE
136,"noticer_mov1",7775,3688,"slow","Femme","18-25 ans","NON","2",NA,NA,18,NA,19,44,NA,NA,NA,NA,NA,NA,"Non",0.947368421052632,NA,NA,NA,NA,NA,NA,NA,NA,NA,61,"low","match",FALSE
136,"noticer_mov1",7778,1581,"slow","Femme","18-25 ans","NON","3",NA,NA,19,NA,16,46,1,"OUI","right_to_left",83,"fast",56,"Non",0.8125,"OUI","NON","NON",NA,NA,NA,NA,NA,NA,61,"low","match",FALSE
136,"noticer_mov1",7786,1250,"slow","Femme","18-25 ans","NON","4",NA,NA,12,NA,18,48,NA,"OUI","vertical",74,"fast",70,"Non",0.666666666666667,NA,NA,NA,NA,NA,NA,NA,NA,NA,61,"low","match",FALSE
136,"noticer_mov1",7795,4661,"slow","Femme","18-25 ans","NON","5",NA,NA,NA,NA,19,40,NA,"OUI","right_to_left",83,"very_slow",75,"Non",NA,NA,NA,NA,NA,NA,NA,NA,NA,NA,61,"low","match",FALSE
137,"NO",7812,3099,"slow","Femme","18-25 ans","OUI","0.1",13,NA,10,77,NA,NA,NA,NA,NA,NA,NA,NA,"Non",NA,NA,NA,NA,NA,NA,NA,NA,NA,NA,61,"low","match",TRUE
137,"NO",7816,2305,"slow","Femme","18-25 ans","OUI","0.2",12,NA,9,75,NA,NA,NA,NA,NA,NA,NA,NA,"Non",NA,NA,NA,NA,NA,NA,NA,NA,NA,NA,61,"low","match",TRUE
137,"NO",7820,2159,"slow","Femme","18-25 ans","OUI","0.3",11,NA,8,73,NA,NA,NA,NA,NA,NA,NA,NA,"Non",NA,NA,NA,NA,NA,NA,NA,NA,NA,NA,61,"low","match",TRUE
137,"NO",7824,1576,"slow","Femme","18-25 ans","OUI","0.4",12,NA,12,100,NA,NA,NA,NA,NA,NA,NA,NA,"Non",NA,NA,NA,NA,NA,NA,NA,NA,NA,NA,61,"low","match",TRUE
137,"NO",7828,1682,"slow","Femme","18-25 ans","OUI","0.5",12,NA,10,83,NA,NA,NA,NA,NA,NA,NA,NA,"Non",NA,NA,NA,NA,NA,NA,NA,NA,NA,NA,61,"low","match",TRUE
137,"NO",7831,1620,"slow","Femme","18-25 ans","NON","1",NA,NA,15,NA,18,44,NA,NA,NA,NA,NA,NA,"Non",0.833333333333333,NA,NA,NA,NA,NA,NA,NA,NA,NA,61,"low","match",TRUE
137,"NO",7834,2050,"slow","Femme","18-25 ans","NON","2",NA,NA,14,NA,17,45,NA,NA,NA,NA,NA,NA,"Non",0.823529411764706,NA,NA,NA,NA,NA,NA,NA,NA,NA,61,"low","match",TRUE
137,"NO",7837,10392,"slow","Femme","18-25 ans","NON","3",NA,NA,13,NA,17,44,1,"OUI","random",53,"fast",31,"Non",0.764705882352941,"NON","NON","NON",NA,NA,NA,NA,NA,NA,61,"low","match",TRUE
137,"NO",7845,1725,"slow","Femme","18-25 ans","NON","4",NA,NA,15,NA,20,44,NA,"OUI","vertical",67,"fast",69,"Non",0.75,NA,NA,NA,NA,NA,NA,NA,NA,NA,61,"low","match",TRUE
137,"NO",7854,3478,"slow","Femme","18-25 ans","NON","5",NA,NA,NA,NA,18,40,NA,"OUI","right_to_left",100,"slow",63,"Non",NA,NA,NA,NA,NA,NA,NA,NA,NA,NA,61,"low","match",TRUE
138,"NO",7871,5865,"fast","Homme","18-25 ans","OUI","0.1",13,NA,12,92,NA,NA,NA,NA,NA,NA,NA,NA,NA,NA,NA,NA,NA,NA,NA,NA,NA,NA,NA,61,"low","mismatch",FALSE
138,"NO",7875,3168,"fast","Homme","18-25 ans","OUI","0.2",11,NA,10,91,NA,NA,NA,NA,NA,NA,NA,NA,NA,NA,NA,NA,NA,NA,NA,NA,NA,NA,NA,61,"low","mismatch",FALSE
138,"NO",7878,12445,"fast","Homme","18-25 ans","NON","1",NA,NA,22,NA,18,43,NA,NA,NA,NA,NA,NA,NA,0.777777777777778,NA,NA,NA,NA,NA,NA,NA,NA,NA,61,"low","mismatch",FALSE
138,"NO",7881,2447,"fast","Homme","18-25 ans","NON","2",NA,NA,20,NA,17,47,NA,NA,NA,NA,NA,NA,NA,0.823529411764706,NA,NA,NA,NA,NA,NA,NA,NA,NA,61,"low","mismatch",FALSE
138,"NO",7884,2202,"fast","Homme","18-25 ans","NON","3",NA,NA,18,NA,17,48,1,"NON",NA,NA,NA,NA,NA,0.941176470588235,"NON","NON","NON",NA,NA,NA,NA,NA,NA,61,"low","mismatch",FALSE
138,"NO",7888,1529,"fast","Homme","18-25 ans","NON","3",NA,NA,NA,NA,0,0,2,NA,NA,NA,NA,NA,NA,NA,NA,NA,NA,"NON","NON","NON",NA,NA,NA,61,"low","mismatch",FALSE
139,"noticer_mov3",7898,8329,"fast","Homme","18-25 ans","OUI","0.1",12,NA,18,50,NA,NA,NA,NA,NA,NA,NA,NA,"Non",NA,NA,NA,NA,NA,NA,NA,NA,NA,NA,60,"low","mismatch",FALSE
139,"noticer_mov3",7902,4366,"fast","Homme","18-25 ans","OUI","0.2",14,NA,11,79,NA,NA,NA,NA,NA,NA,NA,NA,"Non",NA,NA,NA,NA,NA,NA,NA,NA,NA,NA,60,"low","mismatch",FALSE
139,"noticer_mov3",7906,4455,"fast","Homme","18-25 ans","OUI","0.3",12,NA,12,100,NA,NA,NA,NA,NA,NA,NA,NA,"Non",NA,NA,NA,NA,NA,NA,NA,NA,NA,NA,60,"low","mismatch",FALSE
139,"noticer_mov3",7910,3627,"fast","Homme","18-25 ans","OUI","0.4",12,NA,12,100,NA,NA,NA,NA,NA,NA,NA,NA,"Non",NA,NA,NA,NA,NA,NA,NA,NA,NA,NA,60,"low","mismatch",FALSE
139,"noticer_mov3",7913,1781,"fast","Homme","18-25 ans","NON","1",NA,NA,NA,NA,17,49,NA,NA,NA,NA,NA,NA,"Non",NA,NA,NA,NA,NA,NA,NA,NA,NA,NA,60,"low","mismatch",FALSE
139,"noticer_mov3",7916,1162,"fast","Homme","18-25 ans","NON","2",NA,NA,19,NA,19,48,NA,NA,NA,NA,NA,NA,"Non",1,NA,NA,NA,NA,NA,NA,NA,NA,NA,60,"low","mismatch",FALSE
139,"noticer_mov3",7919,883,"fast","Homme","18-25 ans","NON","3",NA,NA,19,NA,20,48,1,"NON",NA,NA,NA,NA,"Non",0.95,"NON","NON","NON",NA,NA,NA,NA,NA,NA,60,"low","mismatch",FALSE
139,"noticer_mov3",7923,843,"fast","Homme","18-25 ans","NON","3",NA,NA,16,NA,17,45,2,"NON",NA,NA,NA,NA,"Non",0.941176470588235,NA,NA,NA,"NON","NON","NON",NA,NA,NA,60,"low","mismatch",FALSE
139,"noticer_mov3",7927,1294,"fast","Homme","18-25 ans","NON","3",NA,NA,15,NA,19,47,3,"OUI","right_to_left",100,"fast",75,"Non",0.789473684210526,NA,NA,NA,NA,NA,NA,"OUI","NON","NON",60,"low","mismatch",FALSE
139,"noticer_mov3",7935,864,"fast","Homme","18-25 ans","NON","4",NA,NA,17,NA,17,41,NA,"OUI","right_to_left",100,"slow",100,"Non",1,NA,NA,NA,NA,NA,NA,NA,NA,NA,60,"low","mismatch",FALSE
139,"noticer_mov3",7944,2481,"fast","Homme","18-25 ans","NON","5",NA,NA,NA,NA,17,42,NA,"OUI","right_to_left",100,"slow",100,"Non",NA,NA,NA,NA,NA,NA,NA,NA,NA,NA,60,"low","mismatch",FALSE
140,"noticer_all1",7962,4610,"fast","Homme","18-25 ans","OUI","0.1",11,NA,8,73,NA,NA,NA,NA,NA,NA,NA,NA,"Non",NA,NA,NA,NA,NA,NA,NA,NA,NA,NA,61,"low","mismatch",TRUE
140,"noticer_all1",7966,4557,"fast","Homme","18-25 ans","OUI","0.2",12,NA,12,100,NA,NA,NA,NA,NA,NA,NA,NA,"Non",NA,NA,NA,NA,NA,NA,NA,NA,NA,NA,61,"low","mismatch",TRUE
140,"noticer_all1",7970,3530,"fast","Homme","18-25 ans","OUI","0.3",12,NA,12,100,NA,NA,NA,NA,NA,NA,NA,NA,"Non",NA,NA,NA,NA,NA,NA,NA,NA,NA,NA,61,"low","mismatch",TRUE
140,"noticer_all1",7973,1643,"fast","Homme","18-25 ans","NON","1",NA,NA,19,NA,19,44,NA,NA,NA,NA,NA,NA,"Non",1,NA,NA,NA,NA,NA,NA,NA,NA,NA,61,"low","mismatch",TRUE
140,"noticer_all1",7976,3119,"fast","Homme","18-25 ans","NON","2",NA,NA,17,NA,17,39,NA,NA,NA,NA,NA,NA,"Non",1,NA,NA,NA,NA,NA,NA,NA,NA,NA,61,"low","mismatch",TRUE
140,"noticer_all1",7979,1609,"fast","Homme","18-25 ans","NON","3",NA,NA,17,NA,17,40,1,"OUI","right_to_left",31,"slow",28,"Non",1,"OUI","OUI","OUI",NA,NA,NA,NA,NA,NA,61,"low","mismatch",TRUE
140,"noticer_all1",7987,4859,"fast","Homme","18-25 ans","NON","4",NA,NA,16,NA,17,49,NA,"NON","random",27,"very_fast",28,"Non",0.941176470588235,NA,NA,NA,NA,NA,NA,NA,NA,NA,61,"low","mismatch",TRUE
140,"noticer_all1",7996,5035,"fast","Homme","18-25 ans","NON","5",NA,NA,NA,NA,17,39,NA,"OUI","right_to_left",100,"fast",100,"Non",NA,NA,NA,NA,NA,NA,NA,NA,NA,NA,61,"low","mismatch",TRUE
141,"noticer_speed1",8013,1813,"fast","Homme","18-25 ans","OUI","0.1",12,NA,13,92,NA,NA,NA,NA,NA,NA,NA,NA,"Oui",NA,NA,NA,NA,NA,NA,NA,NA,NA,NA,61,"low","mismatch",TRUE
141,"noticer_speed1",8017,1631,"fast","Homme","18-25 ans","OUI","0.2",13,NA,12,92,NA,NA,NA,NA,NA,NA,NA,NA,"Oui",NA,NA,NA,NA,NA,NA,NA,NA,NA,NA,61,"low","mismatch",TRUE
141,"noticer_speed1",8020,1060,"fast","Homme","18-25 ans","NON","1",NA,NA,20,NA,17,38,NA,NA,NA,NA,NA,NA,"Oui",0.823529411764706,NA,NA,NA,NA,NA,NA,NA,NA,NA,61,"low","mismatch",TRUE
141,"noticer_speed1",8023,2481,"fast","Homme","18-25 ans","NON","2",NA,NA,17,NA,19,42,NA,NA,NA,NA,NA,NA,"Oui",0.894736842105263,NA,NA,NA,NA,NA,NA,NA,NA,NA,61,"low","mismatch",TRUE
141,"noticer_speed1",8026,21880,"fast","Homme","18-25 ans","NON","3",NA,NA,21,NA,18,43,1,"OUI","vertical",8,"slow",86,"Oui",0.833333333333333,"NON","OUI","NON",NA,NA,NA,NA,NA,NA,61,"low","mismatch",TRUE
141,"noticer_speed1",8034,1372,"fast","Homme","18-25 ans","NON","4",NA,NA,19,NA,16,43,NA,"OUI","right_to_left",0,"slow",100,"Oui",0.8125,NA,NA,NA,NA,NA,NA,NA,NA,NA,61,"low","mismatch",TRUE
141,"noticer_speed1",8043,5459,"fast","Homme","18-25 ans","NON","5",NA,NA,NA,NA,17,43,NA,"OUI","right_to_left",100,"fast",100,"Oui",NA,NA,NA,NA,NA,NA,NA,NA,NA,NA,61,"low","mismatch",TRUE
142,"NO",8060,5639,"fast","Homme","36-50 ans","OUI","0.1",13,NA,6,46,NA,NA,NA,NA,NA,NA,NA,NA,"Non",NA,NA,NA,NA,NA,NA,NA,NA,NA,NA,61,"low","mismatch",FALSE
142,"NO",8096,3805,"fast","Homme","36-50 ans","OUI","0.10",13,NA,13,100,NA,NA,NA,NA,NA,NA,NA,NA,"Non",NA,NA,NA,NA,NA,NA,NA,NA,NA,NA,61,"low","mismatch",FALSE
142,"NO",8100,3309,"fast","Homme","36-50 ans","OUI","0.11",11,NA,8,73,NA,NA,NA,NA,NA,NA,NA,NA,"Non",NA,NA,NA,NA,NA,NA,NA,NA,NA,NA,61,"low","mismatch",FALSE
142,"NO",8104,3747,"fast","Homme","36-50 ans","OUI","0.12",13,NA,10,77,NA,NA,NA,NA,NA,NA,NA,NA,"Non",NA,NA,NA,NA,NA,NA,NA,NA,NA,NA,61,"low","mismatch",FALSE
142,"NO",8108,3598,"fast","Homme","36-50 ans","OUI","0.13",12,NA,5,42,NA,NA,NA,NA,NA,NA,NA,NA,"Non",NA,NA,NA,NA,NA,NA,NA,NA,NA,NA,61,"low","mismatch",FALSE
142,"NO",8112,5008,"fast","Homme","36-50 ans","OUI","0.14",11,NA,12,91,NA,NA,NA,NA,NA,NA,NA,NA,"Non",NA,NA,NA,NA,NA,NA,NA,NA,NA,NA,61,"low","mismatch",FALSE
142,"NO",8116,5037,"fast","Homme","36-50 ans","OUI","0.15",12,NA,11,92,NA,NA,NA,NA,NA,NA,NA,NA,"Non",NA,NA,NA,NA,NA,NA,NA,NA,NA,NA,61,"low","mismatch",FALSE
142,"NO",8064,4252,"fast","Homme","36-50 ans","OUI","0.2",12,NA,8,67,NA,NA,NA,NA,NA,NA,NA,NA,"Non",NA,NA,NA,NA,NA,NA,NA,NA,NA,NA,61,"low","mismatch",FALSE
142,"NO",8068,4291,"fast","Homme","36-50 ans","OUI","0.3",14,NA,10,71,NA,NA,NA,NA,NA,NA,NA,NA,"Non",NA,NA,NA,NA,NA,NA,NA,NA,NA,NA,61,"low","mismatch",FALSE
142,"NO",8072,4407,"fast","Homme","36-50 ans","OUI","0.4",12,NA,7,58,NA,NA,NA,NA,NA,NA,NA,NA,"Non",NA,NA,NA,NA,NA,NA,NA,NA,NA,NA,61,"low","mismatch",FALSE
142,"NO",8076,5446,"fast","Homme","36-50 ans","OUI","0.5",14,NA,9,64,NA,NA,NA,NA,NA,NA,NA,NA,"Non",NA,NA,NA,NA,NA,NA,NA,NA,NA,NA,61,"low","mismatch",FALSE
142,"NO",8080,3834,"fast","Homme","36-50 ans","OUI","0.6",11,NA,6,55,NA,NA,NA,NA,NA,NA,NA,NA,"Non",NA,NA,NA,NA,NA,NA,NA,NA,NA,NA,61,"low","mismatch",FALSE
142,"NO",8084,3316,"fast","Homme","36-50 ans","OUI","0.7",13,NA,5,38,NA,NA,NA,NA,NA,NA,NA,NA,"Non",NA,NA,NA,NA,NA,NA,NA,NA,NA,NA,61,"low","mismatch",FALSE
142,"NO",8088,4877,"fast","Homme","36-50 ans","OUI","0.8",11,NA,8,73,NA,NA,NA,NA,NA,NA,NA,NA,"Non",NA,NA,NA,NA,NA,NA,NA,NA,NA,NA,61,"low","mismatch",FALSE
142,"NO",8092,4606,"fast","Homme","36-50 ans","OUI","0.9",12,NA,5,42,NA,NA,NA,NA,NA,NA,NA,NA,"Non",NA,NA,NA,NA,NA,NA,NA,NA,NA,NA,61,"low","mismatch",FALSE
142,"NO",8119,3004,"fast","Homme","36-50 ans","NON","1",NA,NA,10,NA,19,46,NA,NA,NA,NA,NA,NA,"Non",0.526315789473684,NA,NA,NA,NA,NA,NA,NA,NA,NA,61,"low","mismatch",FALSE
142,"NO",8122,2346,"fast","Homme","36-50 ans","NON","2",NA,NA,15,NA,20,45,NA,NA,NA,NA,NA,NA,"Non",0.75,NA,NA,NA,NA,NA,NA,NA,NA,NA,61,"low","mismatch",FALSE
142,"NO",8125,2067,"fast","Homme","36-50 ans","NON","3",NA,NA,12,NA,16,43,1,"NON",NA,NA,NA,NA,"Non",0.75,"NON","NON","NON",NA,NA,NA,NA,NA,NA,61,"low","mismatch",FALSE
142,"NO",8129,1991,"fast","Homme","36-50 ans","NON","3",NA,NA,13,NA,16,43,2,"NON",NA,NA,NA,NA,"Non",0.8125,NA,NA,NA,"NON","NON","NON",NA,NA,NA,61,"low","mismatch",FALSE
142,"NO",8133,2017,"fast","Homme","36-50 ans","NON","3",NA,NA,9,NA,20,47,3,"NON",NA,NA,NA,NA,"Non",0.45,NA,NA,NA,NA,NA,NA,"NON","NON","NON",61,"low","mismatch",FALSE
142,"NO",8137,1610,"fast","Homme","36-50 ans","NON","4",NA,NA,16,NA,18,45,NA,"NON","right_to_left",64,"fast",63,"Non",0.888888888888889,NA,NA,NA,NA,NA,NA,NA,NA,NA,61,"low","mismatch",FALSE
142,"NO",8146,4988,"fast","Homme","36-50 ans","NON","5",NA,NA,NA,NA,19,44,NA,"OUI","diagonal",87,"fast",60,"Non",NA,NA,NA,NA,NA,NA,NA,NA,NA,NA,61,"low","mismatch",FALSE
143,"noticer_mov2",8164,12097,"fast","Homme","Moins de 18 ans","OUI","0.1",12,NA,10,83,NA,NA,NA,NA,NA,NA,NA,NA,"Non",NA,NA,NA,NA,NA,NA,NA,NA,NA,NA,60,"low","mismatch",FALSE
143,"noticer_mov2",8168,8207,"fast","Homme","Moins de 18 ans","OUI","0.2",12,NA,12,100,NA,NA,NA,NA,NA,NA,NA,NA,"Non",NA,NA,NA,NA,NA,NA,NA,NA,NA,NA,60,"low","mismatch",FALSE
143,"noticer_mov2",8171,1636,"fast","Homme","Moins de 18 ans","NON","1",NA,NA,15,NA,18,46,NA,NA,NA,NA,NA,NA,"Non",0.833333333333333,NA,NA,NA,NA,NA,NA,NA,NA,NA,60,"low","mismatch",FALSE
143,"noticer_mov2",8174,3486,"fast","Homme","Moins de 18 ans","NON","2",NA,NA,18,NA,18,44,NA,NA,NA,NA,NA,NA,"Non",1,NA,NA,NA,NA,NA,NA,NA,NA,NA,60,"low","mismatch",FALSE
143,"noticer_mov2",8177,3335,"fast","Homme","Moins de 18 ans","NON","3",NA,NA,15,NA,15,43,1,"NON",NA,NA,NA,NA,"Non",1,"NON","NON","NON",NA,NA,NA,NA,NA,NA,60,"low","mismatch",FALSE
143,"noticer_mov2",8181,3600,"fast","Homme","Moins de 18 ans","NON","3",NA,NA,16,NA,17,47,2,"OUI","right_to_left",100,"very_fast",100,"Non",0.941176470588235,NA,NA,NA,"OUI","NON","NON",NA,NA,NA,60,"low","mismatch",FALSE
143,"noticer_mov2",8189,3071,"fast","Homme","Moins de 18 ans","NON","4",NA,NA,15,NA,17,34,NA,"OUI","right_to_left",100,"very_fast",100,"Non",0.882352941176471,NA,NA,NA,NA,NA,NA,NA,NA,NA,60,"low","mismatch",FALSE
143,"noticer_mov2",8198,10448,"fast","Homme","Moins de 18 ans","NON","5",NA,NA,NA,NA,18,44,NA,"OUI","right_to_left",100,"very_fast",100,"Non",NA,NA,NA,NA,NA,NA,NA,NA,NA,NA,60,"low","mismatch",FALSE
144,"NO",8217,9968,"fast","Homme","18-25 ans","OUI","0.1",11,NA,22,0,NA,NA,NA,NA,NA,NA,NA,NA,"Non",NA,NA,NA,NA,NA,NA,NA,NA,NA,NA,60,"low","mismatch",TRUE
144,"NO",8221,10776,"fast","Homme","18-25 ans","OUI","0.2",12,NA,8,67,NA,NA,NA,NA,NA,NA,NA,NA,"Non",NA,NA,NA,NA,NA,NA,NA,NA,NA,NA,60,"low","mismatch",TRUE
144,"NO",8225,5124,"fast","Homme","18-25 ans","OUI","0.3",12,NA,13,92,NA,NA,NA,NA,NA,NA,NA,NA,"Non",NA,NA,NA,NA,NA,NA,NA,NA,NA,NA,60,"low","mismatch",TRUE
144,"NO",8229,8419,"fast","Homme","18-25 ans","OUI","0.4",11,NA,11,100,NA,NA,NA,NA,NA,NA,NA,NA,"Non",NA,NA,NA,NA,NA,NA,NA,NA,NA,NA,60,"low","mismatch",TRUE
144,"NO",8232,1231,"fast","Homme","18-25 ans","NON","1",NA,NA,13,NA,18,39,NA,NA,NA,NA,NA,NA,"Non",0.722222222222222,NA,NA,NA,NA,NA,NA,NA,NA,NA,60,"low","mismatch",TRUE
144,"NO",8235,148312,"fast","Homme","18-25 ans","NON","2",NA,NA,16,NA,18,46,NA,NA,NA,NA,NA,NA,"Non",0.888888888888889,NA,NA,NA,NA,NA,NA,NA,NA,NA,60,"low","mismatch",TRUE
144,"NO",8238,4334,"fast","Homme","18-25 ans","NON","3",NA,NA,15,NA,19,45,1,"NON",NA,NA,NA,NA,"Non",0.789473684210526,"NON","NON","NON",NA,NA,NA,NA,NA,NA,60,"low","mismatch",TRUE
144,"NO",8242,2694,"fast","Homme","18-25 ans","NON","3",NA,NA,15,NA,19,45,2,"NON",NA,NA,NA,NA,"Non",0.789473684210526,NA,NA,NA,"NON","NON","NON",NA,NA,NA,60,"low","mismatch",TRUE
144,"NO",8246,6163,"fast","Homme","18-25 ans","NON","3",NA,NA,17,NA,20,48,3,"NON",NA,NA,NA,NA,"Non",0.85,NA,NA,NA,NA,NA,NA,"NON","NON","NON",60,"low","mismatch",TRUE
144,"NO",8250,4863,"fast","Homme","18-25 ans","NON","4",NA,NA,11,NA,17,40,NA,"OUI","diagonal",21,"fast",19,"Non",0.647058823529412,NA,NA,NA,NA,NA,NA,NA,NA,NA,60,"low","mismatch",TRUE
144,"NO",8259,9948,"fast","Homme","18-25 ans","NON","5",NA,NA,NA,NA,18,42,NA,"OUI","right_to_left",100,"fast",80,"Non",NA,NA,NA,NA,NA,NA,NA,NA,NA,NA,60,"low","mismatch",TRUE
145,"NO",8277,18434,"fast","Homme","18-25 ans","OUI","0.1",13,NA,7,54,NA,NA,NA,NA,NA,NA,NA,NA,"Non",NA,NA,NA,NA,NA,NA,NA,NA,NA,NA,60,"low","mismatch",TRUE
145,"NO",8281,10502,"fast","Homme","18-25 ans","OUI","0.2",12,NA,9,75,NA,NA,NA,NA,NA,NA,NA,NA,"Non",NA,NA,NA,NA,NA,NA,NA,NA,NA,NA,60,"low","mismatch",TRUE
145,"NO",8285,5488,"fast","Homme","18-25 ans","OUI","0.3",13,NA,12,92,NA,NA,NA,NA,NA,NA,NA,NA,"Non",NA,NA,NA,NA,NA,NA,NA,NA,NA,NA,60,"low","mismatch",TRUE
145,"NO",8289,5054,"fast","Homme","18-25 ans","OUI","0.4",11,NA,11,100,NA,NA,NA,NA,NA,NA,NA,NA,"Non",NA,NA,NA,NA,NA,NA,NA,NA,NA,NA,60,"low","mismatch",TRUE
145,"NO",8292,1200,"fast","Homme","18-25 ans","NON","1",NA,NA,17,NA,20,42,NA,NA,NA,NA,NA,NA,"Non",0.85,NA,NA,NA,NA,NA,NA,NA,NA,NA,60,"low","mismatch",TRUE
145,"NO",8295,3511,"fast","Homme","18-25 ans","NON","2",NA,NA,18,NA,20,42,NA,NA,NA,NA,NA,NA,"Non",0.9,NA,NA,NA,NA,NA,NA,NA,NA,NA,60,"low","mismatch",TRUE
145,"NO",8298,2832,"fast","Homme","18-25 ans","NON","3",NA,NA,15,NA,18,37,1,"OUI","vertical",79,"fast",64,"Non",0.833333333333333,"NON","NON","NON",NA,NA,NA,NA,NA,NA,60,"low","mismatch",TRUE
145,"NO",8306,4198,"fast","Homme","18-25 ans","NON","4",NA,NA,16,NA,18,44,NA,"NON","random",29,"very_fast",90,"Non",0.888888888888889,NA,NA,NA,NA,NA,NA,NA,NA,NA,60,"low","mismatch",TRUE
145,"NO",8315,7698,"fast","Homme","18-25 ans","NON","5",NA,NA,NA,NA,20,47,NA,"OUI","right_to_left",100,"fast",82,"Non",NA,NA,NA,NA,NA,NA,NA,NA,NA,NA,60,"low","mismatch",TRUE
146,"noticer_mov1",8333,6788,"slow","Femme","51 ans et plus","OUI","0.1",11,NA,4,36,NA,NA,NA,NA,NA,NA,NA,NA,"Oui",NA,NA,NA,NA,NA,NA,NA,NA,NA,NA,60,"low","match",TRUE
146,"noticer_mov1",8337,3357,"slow","Femme","51 ans et plus","OUI","0.2",13,NA,9,69,NA,NA,NA,NA,NA,NA,NA,NA,"Oui",NA,NA,NA,NA,NA,NA,NA,NA,NA,NA,60,"low","match",TRUE
146,"noticer_mov1",8341,3213,"slow","Femme","51 ans et plus","OUI","0.3",11,NA,9,82,NA,NA,NA,NA,NA,NA,NA,NA,"Oui",NA,NA,NA,NA,NA,NA,NA,NA,NA,NA,60,"low","match",TRUE
146,"noticer_mov1",8345,3314,"slow","Femme","51 ans et plus","OUI","0.4",12,NA,10,83,NA,NA,NA,NA,NA,NA,NA,NA,"Oui",NA,NA,NA,NA,NA,NA,NA,NA,NA,NA,60,"low","match",TRUE
146,"noticer_mov1",8348,1867,"slow","Femme","51 ans et plus","NON","1",NA,NA,24,NA,19,45,NA,NA,NA,NA,NA,NA,"Oui",0.736842105263158,NA,NA,NA,NA,NA,NA,NA,NA,NA,60,"low","match",TRUE
146,"noticer_mov1",8351,1773,"slow","Femme","51 ans et plus","NON","2",NA,NA,20,NA,18,46,NA,NA,NA,NA,NA,NA,"Oui",0.888888888888889,NA,NA,NA,NA,NA,NA,NA,NA,NA,60,"low","match",TRUE
146,"noticer_mov1",8354,1853,"slow","Femme","51 ans et plus","NON","3",NA,NA,15,NA,18,43,1,"OUI","right_to_left",75,"fast",44,"Oui",0.833333333333333,"OUI","NON","NON",NA,NA,NA,NA,NA,NA,60,"low","match",TRUE
146,"noticer_mov1",8362,2214,"slow","Femme","51 ans et plus","NON","4",NA,NA,13,NA,17,41,NA,"OUI","vertical",23,"slow",47,"Oui",0.764705882352941,NA,NA,NA,NA,NA,NA,NA,NA,NA,60,"low","match",TRUE
146,"noticer_mov1",8371,5904,"slow","Femme","51 ans et plus","NON","5",NA,NA,NA,NA,16,47,NA,"OUI","right_to_left",100,"slow",68,"Oui",NA,NA,NA,NA,NA,NA,NA,NA,NA,NA,60,"low","match",TRUE
147,"noticer_mov1",8389,20029,"slow","Homme","18-25 ans","OUI","0.1",9,NA,20,0,NA,NA,NA,NA,NA,NA,NA,NA,"Non",NA,NA,NA,NA,NA,NA,NA,NA,NA,NA,60,"low","match",TRUE
147,"noticer_mov1",8393,7245,"slow","Homme","18-25 ans","OUI","0.2",10,NA,11,90,NA,NA,NA,NA,NA,NA,NA,NA,"Non",NA,NA,NA,NA,NA,NA,NA,NA,NA,NA,60,"low","match",TRUE
147,"noticer_mov1",8397,5527,"slow","Homme","18-25 ans","OUI","0.3",14,NA,11,79,NA,NA,NA,NA,NA,NA,NA,NA,"Non",NA,NA,NA,NA,NA,NA,NA,NA,NA,NA,60,"low","match",TRUE
147,"noticer_mov1",8401,9806,"slow","Homme","18-25 ans","OUI","0.4",12,NA,12,100,NA,NA,NA,NA,NA,NA,NA,NA,"Non",NA,NA,NA,NA,NA,NA,NA,NA,NA,NA,60,"low","match",TRUE
147,"noticer_mov1",8405,9193,"slow","Homme","18-25 ans","OUI","0.5",12,NA,12,100,NA,NA,NA,NA,NA,NA,NA,NA,"Non",NA,NA,NA,NA,NA,NA,NA,NA,NA,NA,60,"low","match",TRUE
147,"noticer_mov1",8408,3133,"slow","Homme","18-25 ans","NON","1",NA,NA,15,NA,15,44,NA,NA,NA,NA,NA,NA,"Non",1,NA,NA,NA,NA,NA,NA,NA,NA,NA,60,"low","match",TRUE
147,"noticer_mov1",8411,10649,"slow","Homme","18-25 ans","NON","2",NA,NA,14,NA,20,42,NA,NA,NA,NA,NA,NA,"Non",0.7,NA,NA,NA,NA,NA,NA,NA,NA,NA,60,"low","match",TRUE
147,"noticer_mov1",8414,5931,"slow","Homme","18-25 ans","NON","3",NA,NA,12,NA,16,43,1,"OUI","right_to_left",100,"fast",69,"Non",0.75,"OUI","NON","NON",NA,NA,NA,NA,NA,NA,60,"low","match",TRUE
147,"noticer_mov1",8422,4045,"slow","Homme","18-25 ans","NON","4",NA,NA,15,NA,19,43,NA,"OUI","right_to_left",76,"slow",77,"Non",0.789473684210526,NA,NA,NA,NA,NA,NA,NA,NA,NA,60,"low","match",TRUE
147,"noticer_mov1",8431,8788,"slow","Homme","18-25 ans","NON","5",NA,NA,NA,NA,19,46,NA,"OUI","right_to_left",100,"slow",100,"Non",NA,NA,NA,NA,NA,NA,NA,NA,NA,NA,60,"low","match",TRUE
148,"NO",8449,21116,"fast","Homme","18-25 ans","OUI","0.1",13,NA,14,92,NA,NA,NA,NA,NA,NA,NA,NA,"Non",NA,NA,NA,NA,NA,NA,NA,NA,NA,NA,60,"low","mismatch",FALSE
148,"NO",8453,10184,"fast","Homme","18-25 ans","OUI","0.2",14,NA,10,71,NA,NA,NA,NA,NA,NA,NA,NA,"Non",NA,NA,NA,NA,NA,NA,NA,NA,NA,NA,60,"low","mismatch",FALSE
148,"NO",8457,8054,"fast","Homme","18-25 ans","OUI","0.3",13,NA,13,100,NA,NA,NA,NA,NA,NA,NA,NA,"Non",NA,NA,NA,NA,NA,NA,NA,NA,NA,NA,60,"low","mismatch",FALSE
148,"NO",8461,7925,"fast","Homme","18-25 ans","OUI","0.4",11,NA,10,91,NA,NA,NA,NA,NA,NA,NA,NA,"Non",NA,NA,NA,NA,NA,NA,NA,NA,NA,NA,60,"low","mismatch",FALSE
148,"NO",8464,2863,"fast","Homme","18-25 ans","NON","1",NA,NA,18,NA,18,47,NA,NA,NA,NA,NA,NA,"Non",1,NA,NA,NA,NA,NA,NA,NA,NA,NA,60,"low","mismatch",FALSE
148,"NO",8467,2664,"fast","Homme","18-25 ans","NON","2",NA,NA,17,NA,17,48,NA,NA,NA,NA,NA,NA,"Non",1,NA,NA,NA,NA,NA,NA,NA,NA,NA,60,"low","mismatch",FALSE
148,"NO",8470,5347,"fast","Homme","18-25 ans","NON","3",NA,NA,16,NA,19,43,1,"NON",NA,NA,NA,NA,"Non",0.842105263157895,"NON","NON","NON",NA,NA,NA,NA,NA,NA,60,"low","mismatch",FALSE
148,"NO",8474,3142,"fast","Homme","18-25 ans","NON","3",NA,NA,18,NA,18,43,2,"NON",NA,NA,NA,NA,"Non",1,NA,NA,NA,"NON","NON","NON",NA,NA,NA,60,"low","mismatch",FALSE
148,"NO",8478,3211,"fast","Homme","18-25 ans","NON","3",NA,NA,17,NA,19,46,3,"NON",NA,NA,NA,NA,"Non",0.894736842105263,NA,NA,NA,NA,NA,NA,"NON","NON","NON",60,"low","mismatch",FALSE
148,"NO",8482,2527,"fast","Homme","18-25 ans","NON","4",NA,NA,18,NA,19,50,NA,"NON","diagonal",0,"fast",66,"Non",0.947368421052632,NA,NA,NA,NA,NA,NA,NA,NA,NA,60,"low","mismatch",FALSE
148,"NO",8491,9865,"fast","Homme","18-25 ans","NON","5",NA,NA,NA,NA,20,34,NA,"NON","right_to_left",0,"very_fast",50,"Non",NA,NA,NA,NA,NA,NA,NA,NA,NA,NA,60,"low","mismatch",FALSE
149,"NO",8509,2989,"slow","Femme","51 ans et plus","OUI","0.1",13,NA,7,54,NA,NA,NA,NA,NA,NA,NA,NA,"Non",NA,NA,NA,NA,NA,NA,NA,NA,NA,NA,60,"low","match",FALSE
149,"NO",8545,3573,"slow","Femme","51 ans et plus","OUI","0.10",12,NA,11,92,NA,NA,NA,NA,NA,NA,NA,NA,"Non",NA,NA,NA,NA,NA,NA,NA,NA,NA,NA,60,"low","match",FALSE
149,"NO",8513,3973,"slow","Femme","51 ans et plus","OUI","0.2",13,NA,6,46,NA,NA,NA,NA,NA,NA,NA,NA,"Non",NA,NA,NA,NA,NA,NA,NA,NA,NA,NA,60,"low","match",FALSE
149,"NO",8517,2385,"slow","Femme","51 ans et plus","OUI","0.3",11,NA,9,82,NA,NA,NA,NA,NA,NA,NA,NA,"Non",NA,NA,NA,NA,NA,NA,NA,NA,NA,NA,60,"low","match",FALSE
149,"NO",8521,2362,"slow","Femme","51 ans et plus","OUI","0.4",14,NA,9,64,NA,NA,NA,NA,NA,NA,NA,NA,"Non",NA,NA,NA,NA,NA,NA,NA,NA,NA,NA,60,"low","match",FALSE
149,"NO",8525,2530,"slow","Femme","51 ans et plus","OUI","0.5",14,NA,8,57,NA,NA,NA,NA,NA,NA,NA,NA,"Non",NA,NA,NA,NA,NA,NA,NA,NA,NA,NA,60,"low","match",FALSE
149,"NO",8529,2356,"slow","Femme","51 ans et plus","OUI","0.6",12,NA,6,50,NA,NA,NA,NA,NA,NA,NA,NA,"Non",NA,NA,NA,NA,NA,NA,NA,NA,NA,NA,60,"low","match",FALSE
149,"NO",8533,1833,"slow","Femme","51 ans et plus","OUI","0.7",10,NA,8,80,NA,NA,NA,NA,NA,NA,NA,NA,"Non",NA,NA,NA,NA,NA,NA,NA,NA,NA,NA,60,"low","match",FALSE
149,"NO",8537,2993,"slow","Femme","51 ans et plus","OUI","0.8",12,NA,9,75,NA,NA,NA,NA,NA,NA,NA,NA,"Non",NA,NA,NA,NA,NA,NA,NA,NA,NA,NA,60,"low","match",FALSE
149,"NO",8541,3354,"slow","Femme","51 ans et plus","OUI","0.9",12,NA,10,83,NA,NA,NA,NA,NA,NA,NA,NA,"Non",NA,NA,NA,NA,NA,NA,NA,NA,NA,NA,60,"low","match",FALSE
149,"NO",8548,1392,"slow","Femme","51 ans et plus","NON","1",NA,NA,14,NA,15,46,NA,NA,NA,NA,NA,NA,"Non",0.933333333333333,NA,NA,NA,NA,NA,NA,NA,NA,NA,60,"low","match",FALSE
149,"NO",8551,2956,"slow","Femme","51 ans et plus","NON","2",NA,NA,12,NA,17,46,NA,NA,NA,NA,NA,NA,"Non",0.705882352941176,NA,NA,NA,NA,NA,NA,NA,NA,NA,60,"low","match",FALSE
149,"NO",8554,1147,"slow","Femme","51 ans et plus","NON","3",NA,NA,18,NA,20,44,1,"NON",NA,NA,NA,NA,"Non",0.9,"NON","NON","NON",NA,NA,NA,NA,NA,NA,60,"low","match",FALSE
149,"NO",8558,1641,"slow","Femme","51 ans et plus","NON","3",NA,NA,8,NA,18,40,2,"OUI","random",1,"fast",63,"Non",0.444444444444444,NA,NA,NA,"NON","NON","NON",NA,NA,NA,60,"low","match",FALSE
149,"NO",8566,1069,"slow","Femme","51 ans et plus","NON","4",NA,NA,11,NA,18,47,NA,"OUI","right_to_left",100,"slow",100,"Non",0.611111111111111,NA,NA,NA,NA,NA,NA,NA,NA,NA,60,"low","match",FALSE
149,"NO",8575,4274,"slow","Femme","51 ans et plus","NON","5",NA,NA,NA,NA,18,48,NA,"OUI","right_to_left",100,"fast",94,"Non",NA,NA,NA,NA,NA,NA,NA,NA,NA,NA,60,"low","match",FALSE
150,"noticer_all2",8593,13933,"slow","Femme","18-25 ans","OUI","0.1",12,NA,13,92,NA,NA,NA,NA,NA,NA,NA,NA,"Non",NA,NA,NA,NA,NA,NA,NA,NA,NA,NA,60,"low","match",FALSE
150,"noticer_all2",8597,12528,"slow","Femme","18-25 ans","OUI","0.2",11,NA,14,73,NA,NA,NA,NA,NA,NA,NA,NA,"Non",NA,NA,NA,NA,NA,NA,NA,NA,NA,NA,60,"low","match",FALSE
150,"noticer_all2",8601,28982,"slow","Femme","18-25 ans","OUI","0.3",13,NA,12,92,NA,NA,NA,NA,NA,NA,NA,NA,"Non",NA,NA,NA,NA,NA,NA,NA,NA,NA,NA,60,"low","match",FALSE
150,"noticer_all2",8605,7635,"slow","Femme","18-25 ans","OUI","0.4",10,NA,10,100,NA,NA,NA,NA,NA,NA,NA,NA,"Non",NA,NA,NA,NA,NA,NA,NA,NA,NA,NA,60,"low","match",FALSE
150,"noticer_all2",8608,2059,"slow","Femme","18-25 ans","NON","1",NA,NA,16,NA,18,40,NA,NA,NA,NA,NA,NA,"Non",0.888888888888889,NA,NA,NA,NA,NA,NA,NA,NA,NA,60,"low","match",FALSE
150,"noticer_all2",8611,3090,"slow","Femme","18-25 ans","NON","2",NA,NA,10,NA,17,46,NA,NA,NA,NA,NA,NA,"Non",0.588235294117647,NA,NA,NA,NA,NA,NA,NA,NA,NA,60,"low","match",FALSE
150,"noticer_all2",8614,6994,"slow","Femme","18-25 ans","NON","3",NA,NA,16,NA,18,41,1,"NON",NA,NA,NA,NA,"Non",0.888888888888889,"NON","NON","NON",NA,NA,NA,NA,NA,NA,60,"low","match",FALSE
150,"noticer_all2",8618,1703,"slow","Femme","18-25 ans","NON","3",NA,NA,16,NA,15,39,2,"OUI","right_to_left",0,"slow",14,"Non",0.933333333333333,NA,NA,NA,"OUI","OUI","OUI",NA,NA,NA,60,"low","match",FALSE
150,"noticer_all2",8626,1611,"slow","Femme","18-25 ans","NON","4",NA,NA,15,NA,16,47,NA,"NON","right_to_left",2,"fast",5,"Non",0.9375,NA,NA,NA,NA,NA,NA,NA,NA,NA,60,"low","match",FALSE
150,"noticer_all2",8635,4864,"slow","Femme","18-25 ans","NON","5",NA,NA,NA,NA,17,45,NA,"NON","right_to_left",0,"very_fast",0,"Non",NA,NA,NA,NA,NA,NA,NA,NA,NA,NA,60,"low","match",FALSE
151,"NO",8652,16500,"fast","Femme","18-25 ans","OUI","0.1",13,NA,6,46,NA,NA,NA,NA,NA,NA,NA,NA,"Non",NA,NA,NA,NA,NA,NA,NA,NA,NA,NA,61,"low","mismatch",FALSE
151,"NO",8656,6906,"fast","Femme","18-25 ans","OUI","0.2",12,NA,5,42,NA,NA,NA,NA,NA,NA,NA,NA,"Non",NA,NA,NA,NA,NA,NA,NA,NA,NA,NA,61,"low","mismatch",FALSE
151,"NO",8660,3908,"fast","Femme","18-25 ans","OUI","0.3",12,NA,8,67,NA,NA,NA,NA,NA,NA,NA,NA,"Non",NA,NA,NA,NA,NA,NA,NA,NA,NA,NA,61,"low","mismatch",FALSE
151,"NO",8664,26929,"fast","Femme","18-25 ans","OUI","0.4",13,NA,12,92,NA,NA,NA,NA,NA,NA,NA,NA,"Non",NA,NA,NA,NA,NA,NA,NA,NA,NA,NA,61,"low","mismatch",FALSE
151,"NO",8668,15973,"fast","Femme","18-25 ans","OUI","0.5",12,NA,12,100,NA,NA,NA,NA,NA,NA,NA,NA,"Non",NA,NA,NA,NA,NA,NA,NA,NA,NA,NA,61,"low","mismatch",FALSE
151,"NO",8671,3528,"fast","Femme","18-25 ans","NON","1",NA,NA,14,NA,18,41,NA,NA,NA,NA,NA,NA,"Non",0.777777777777778,NA,NA,NA,NA,NA,NA,NA,NA,NA,61,"low","mismatch",FALSE
151,"NO",8674,2216,"fast","Femme","18-25 ans","NON","2",NA,NA,12,NA,20,43,NA,NA,NA,NA,NA,NA,"Non",0.6,NA,NA,NA,NA,NA,NA,NA,NA,NA,61,"low","mismatch",FALSE
151,"NO",8677,2638,"fast","Femme","18-25 ans","NON","3",NA,NA,24,NA,19,44,1,"NON",NA,NA,NA,NA,"Non",0.736842105263158,"NON","NON","NON",NA,NA,NA,NA,NA,NA,61,"low","mismatch",FALSE
151,"NO",8681,3487,"fast","Femme","18-25 ans","NON","3",NA,NA,24,NA,19,40,2,"NON",NA,NA,NA,NA,"Non",0.736842105263158,NA,NA,NA,"NON","NON","NON",NA,NA,NA,61,"low","mismatch",FALSE
151,"NO",8685,1752,"fast","Femme","18-25 ans","NON","3",NA,NA,9,NA,17,43,3,"NON",NA,NA,NA,NA,"Non",0.529411764705882,NA,NA,NA,NA,NA,NA,"NON","NON","NON",61,"low","mismatch",FALSE
151,"NO",8689,1767,"fast","Femme","18-25 ans","NON","4",NA,NA,8,NA,17,40,NA,"NON","diagonal",42,"fast",65,"Non",0.470588235294118,NA,NA,NA,NA,NA,NA,NA,NA,NA,61,"low","mismatch",FALSE
151,"NO",8698,6299,"fast","Femme","18-25 ans","NON","5",NA,NA,NA,NA,16,39,NA,"NON","right_to_left",26,"fast",63,"Non",NA,NA,NA,NA,NA,NA,NA,NA,NA,NA,61,"low","mismatch",FALSE
152,"noticer_all2",8716,5133,"slow","Homme","18-25 ans","OUI","0.1",13,NA,12,92,NA,NA,NA,NA,NA,NA,NA,NA,"Non",NA,NA,NA,NA,NA,NA,NA,NA,NA,NA,61,"low","match",TRUE
152,"noticer_all2",8720,3283,"slow","Homme","18-25 ans","OUI","0.2",14,NA,11,79,NA,NA,NA,NA,NA,NA,NA,NA,"Non",NA,NA,NA,NA,NA,NA,NA,NA,NA,NA,61,"low","match",TRUE
152,"noticer_all2",8724,4361,"slow","Homme","18-25 ans","OUI","0.3",10,NA,10,100,NA,NA,NA,NA,NA,NA,NA,NA,"Non",NA,NA,NA,NA,NA,NA,NA,NA,NA,NA,61,"low","match",TRUE
152,"noticer_all2",8728,3097,"slow","Homme","18-25 ans","OUI","0.4",11,NA,11,100,NA,NA,NA,NA,NA,NA,NA,NA,"Non",NA,NA,NA,NA,NA,NA,NA,NA,NA,NA,61,"low","match",TRUE
152,"noticer_all2",8731,1505,"slow","Homme","18-25 ans","NON","1",NA,NA,19,NA,20,42,NA,NA,NA,NA,NA,NA,"Non",0.95,NA,NA,NA,NA,NA,NA,NA,NA,NA,61,"low","match",TRUE
152,"noticer_all2",8734,3133,"slow","Homme","18-25 ans","NON","2",NA,NA,16,NA,17,41,NA,NA,NA,NA,NA,NA,"Non",0.941176470588235,NA,NA,NA,NA,NA,NA,NA,NA,NA,61,"low","match",TRUE
152,"noticer_all2",8737,2256,"slow","Homme","18-25 ans","NON","3",NA,NA,14,NA,17,46,1,"NON",NA,NA,NA,NA,"Non",0.823529411764706,"NON","NON","NON",NA,NA,NA,NA,NA,NA,61,"low","match",TRUE
152,"noticer_all2",8741,1368,"slow","Homme","18-25 ans","NON","3",NA,NA,14,NA,14,45,2,"OUI","right_to_left",83,"slow",39,"Non",1,NA,NA,NA,"OUI","OUI","OUI",NA,NA,NA,61,"low","match",TRUE
152,"noticer_all2",8749,1343,"slow","Homme","18-25 ans","NON","4",NA,NA,15,NA,18,46,NA,"NON","right_to_left",32,"slow",36,"Non",0.833333333333333,NA,NA,NA,NA,NA,NA,NA,NA,NA,61,"low","match",TRUE
152,"noticer_all2",8758,3429,"slow","Homme","18-25 ans","NON","5",NA,NA,NA,NA,18,44,NA,"OUI","right_to_left",100,"slow",100,"Non",NA,NA,NA,NA,NA,NA,NA,NA,NA,NA,61,"low","match",TRUE
153,"NO",9,3427,"slow","Homme","Moins de 18 ans","OUI","0.1",29,NA,18,62,NA,NA,NA,NA,NA,NA,NA,NA,"Non",NA,NA,NA,NA,NA,NA,NA,NA,NA,NA,60,"high","mismatch",FALSE
153,"NO",13,3686,"slow","Homme","Moins de 18 ans","OUI","0.2",29,NA,28,97,NA,NA,NA,NA,NA,NA,NA,NA,"Non",NA,NA,NA,NA,NA,NA,NA,NA,NA,NA,60,"high","mismatch",FALSE
153,"NO",17,2939,"slow","Homme","Moins de 18 ans","OUI","0.3",30,NA,26,87,NA,NA,NA,NA,NA,NA,NA,NA,"Non",NA,NA,NA,NA,NA,NA,NA,NA,NA,NA,60,"high","mismatch",FALSE
153,"NO",20,1899,"slow","Homme","Moins de 18 ans","NON","1",NA,NA,40,NA,18,45,NA,NA,NA,NA,NA,NA,"Non",0.888888888888889,NA,NA,NA,NA,NA,NA,NA,NA,NA,60,"high","mismatch",FALSE
153,"NO",23,8958,"slow","Homme","Moins de 18 ans","NON","2",NA,NA,32,NA,18,42,NA,NA,NA,NA,NA,NA,"Non",0.761904761904762,NA,NA,NA,NA,NA,NA,NA,NA,NA,60,"high","mismatch",FALSE
153,"NO",26,4364,"slow","Homme","Moins de 18 ans","NON","3",NA,NA,42,NA,19,45,1,"OUI","diagonal",38,"slow",50,"Non",0.933333333333333,"NON","NON","NON",NA,NA,NA,NA,NA,NA,60,"high","mismatch",FALSE
153,"NO",34,5982,"slow","Homme","Moins de 18 ans","NON","4",NA,NA,40,NA,18,45,NA,"OUI","right_to_left",100,"slow",50,"Non",0.888888888888889,NA,NA,NA,NA,NA,NA,NA,NA,NA,60,"high","mismatch",FALSE
153,"NO",43,7048,"slow","Homme","Moins de 18 ans","NON","5",NA,NA,NA,NA,18,45,NA,"OUI","right_to_left",31,"very_fast",50,"Non",NA,NA,NA,NA,NA,NA,NA,NA,NA,NA,60,"high","mismatch",FALSE
154,"NO",61,8318,"slow","Femme","51 ans et plus","OUI","0.1",28,NA,23,82,NA,NA,NA,NA,NA,NA,NA,NA,"Non",NA,NA,NA,NA,NA,NA,NA,NA,NA,NA,60,"high","mismatch",FALSE
154,"NO",65,3417,"slow","Femme","51 ans et plus","OUI","0.2",29,NA,20,69,NA,NA,NA,NA,NA,NA,NA,NA,"Non",NA,NA,NA,NA,NA,NA,NA,NA,NA,NA,60,"high","mismatch",FALSE
154,"NO",69,3430,"slow","Femme","51 ans et plus","OUI","0.3",29,NA,24,83,NA,NA,NA,NA,NA,NA,NA,NA,"Non",NA,NA,NA,NA,NA,NA,NA,NA,NA,NA,60,"high","mismatch",FALSE
154,"NO",73,3197,"slow","Femme","51 ans et plus","OUI","0.4",30,NA,27,90,NA,NA,NA,NA,NA,NA,NA,NA,"Non",NA,NA,NA,NA,NA,NA,NA,NA,NA,NA,60,"high","mismatch",FALSE
154,"NO",76,2063,"slow","Femme","51 ans et plus","NON","1",NA,NA,41,NA,19,48,NA,NA,NA,NA,NA,NA,"Non",0.854166666666667,NA,NA,NA,NA,NA,NA,NA,NA,NA,60,"high","mismatch",FALSE
154,"NO",79,2886,"slow","Femme","51 ans et plus","NON","2",NA,NA,42,NA,19,46,NA,NA,NA,NA,NA,NA,"Non",0.91304347826087,NA,NA,NA,NA,NA,NA,NA,NA,NA,60,"high","mismatch",FALSE
154,"NO",82,3200,"slow","Femme","51 ans et plus","NON","3",NA,NA,40,NA,18,44,1,"OUI","diagonal",0,"very_slow",38,"Non",0.909090909090909,"NON","NON","NON",NA,NA,NA,NA,NA,NA,60,"high","mismatch",FALSE
154,"NO",90,4731,"slow","Femme","51 ans et plus","NON","4",NA,NA,32,NA,18,41,NA,"OUI","right_to_left",47,"very_slow",88,"Non",0.780487804878049,NA,NA,NA,NA,NA,NA,NA,NA,NA,60,"high","mismatch",FALSE
154,"NO",99,5306,"slow","Femme","51 ans et plus","NON","5",NA,NA,NA,NA,15,44,NA,"OUI","vertical",50,"very_slow",97,"Non",NA,NA,NA,NA,NA,NA,NA,NA,NA,NA,60,"high","mismatch",FALSE
155,"noticer_all2",117,18468,"slow","Homme","18-25 ans","OUI","0.1",30,NA,16,53,NA,NA,NA,NA,NA,NA,NA,NA,"Non",NA,NA,NA,NA,NA,NA,NA,NA,NA,NA,60,"high","mismatch",TRUE
155,"noticer_all2",121,3691,"slow","Homme","18-25 ans","OUI","0.2",25,NA,22,88,NA,NA,NA,NA,NA,NA,NA,NA,"Non",NA,NA,NA,NA,NA,NA,NA,NA,NA,NA,60,"high","mismatch",TRUE
155,"noticer_all2",125,4075,"slow","Homme","18-25 ans","OUI","0.3",30,NA,29,97,NA,NA,NA,NA,NA,NA,NA,NA,"Non",NA,NA,NA,NA,NA,NA,NA,NA,NA,NA,60,"high","mismatch",TRUE
155,"noticer_all2",128,1465,"slow","Homme","18-25 ans","NON","1",NA,NA,34,NA,17,37,NA,NA,NA,NA,NA,NA,"Non",0.918918918918919,NA,NA,NA,NA,NA,NA,NA,NA,NA,60,"high","mismatch",TRUE
155,"noticer_all2",131,1578,"slow","Homme","18-25 ans","NON","2",NA,NA,28,NA,16,34,NA,NA,NA,NA,NA,NA,"Non",0.823529411764706,NA,NA,NA,NA,NA,NA,NA,NA,NA,60,"high","mismatch",TRUE
155,"noticer_all2",134,1779,"slow","Homme","18-25 ans","NON","3",NA,NA,45,NA,16,46,1,"NON",NA,NA,NA,NA,"Non",0.978260869565217,"NON","NON","NON",NA,NA,NA,NA,NA,NA,60,"high","mismatch",TRUE
155,"noticer_all2",138,1661,"slow","Homme","18-25 ans","NON","3",NA,NA,34,NA,16,41,2,"OUI","right_to_left",84,"fast",100,"Non",0.829268292682927,NA,NA,NA,"OUI","OUI","OUI",NA,NA,NA,60,"high","mismatch",TRUE
155,"noticer_all2",146,2131,"slow","Homme","18-25 ans","NON","4",NA,NA,37,NA,20,40,NA,"OUI","right_to_left",100,"very_slow",82,"Non",0.925,NA,NA,NA,NA,NA,NA,NA,NA,NA,60,"high","mismatch",TRUE
155,"noticer_all2",155,5515,"slow","Homme","18-25 ans","NON","5",NA,NA,NA,NA,18,49,NA,"OUI","right_to_left",100,"slow",100,"Non",NA,NA,NA,NA,NA,NA,NA,NA,NA,NA,60,"high","mismatch",TRUE
156,"noticer_all1",172,12602,"fast","Homme","18-25 ans","OUI","0.1",32,NA,26,81,NA,NA,NA,NA,NA,NA,NA,NA,"Non",NA,NA,NA,NA,NA,NA,NA,NA,NA,NA,60,"high","match",TRUE
156,"noticer_all1",176,9457,"fast","Homme","18-25 ans","OUI","0.2",26,NA,24,92,NA,NA,NA,NA,NA,NA,NA,NA,"Non",NA,NA,NA,NA,NA,NA,NA,NA,NA,NA,60,"high","match",TRUE
156,"noticer_all1",179,2265,"fast","Homme","18-25 ans","NON","1",NA,NA,40,NA,18,47,NA,NA,NA,NA,NA,NA,"Non",0.851063829787234,NA,NA,NA,NA,NA,NA,NA,NA,NA,60,"high","match",TRUE
156,"noticer_all1",182,1511,"fast","Homme","18-25 ans","NON","2",NA,NA,36,NA,18,42,NA,NA,NA,NA,NA,NA,"Non",0.857142857142857,NA,NA,NA,NA,NA,NA,NA,NA,NA,60,"high","match",TRUE
156,"noticer_all1",185,2011,"fast","Homme","18-25 ans","NON","3",NA,NA,32,NA,18,38,1,"OUI","right_to_left",100,"fast",80,"Non",0.842105263157895,"OUI","OUI","OUI",NA,NA,NA,NA,NA,NA,60,"high","match",TRUE
156,"noticer_all1",193,1965,"fast","Homme","18-25 ans","NON","4",NA,NA,39,NA,20,42,NA,"NON","right_to_left",92,"very_fast",87,"Non",0.928571428571429,NA,NA,NA,NA,NA,NA,NA,NA,NA,60,"high","match",TRUE
156,"noticer_all1",202,5032,"fast","Homme","18-25 ans","NON","5",NA,NA,NA,NA,16,49,NA,"OUI","right_to_left",100,"fast",81,"Non",NA,NA,NA,NA,NA,NA,NA,NA,NA,NA,60,"high","match",TRUE
157,"noticer_mov2",219,5365,"fast","Femme","36-50 ans","OUI","0.1",31,NA,18,58,NA,NA,NA,NA,NA,NA,NA,NA,"Non",NA,NA,NA,NA,NA,NA,NA,NA,NA,NA,60,"high","match",FALSE
157,"noticer_mov2",223,4972,"fast","Femme","36-50 ans","OUI","0.2",32,NA,22,69,NA,NA,NA,NA,NA,NA,NA,NA,"Non",NA,NA,NA,NA,NA,NA,NA,NA,NA,NA,60,"high","match",FALSE
157,"noticer_mov2",227,5439,"fast","Femme","36-50 ans","OUI","0.3",29,NA,24,83,NA,NA,NA,NA,NA,NA,NA,NA,"Non",NA,NA,NA,NA,NA,NA,NA,NA,NA,NA,60,"high","match",FALSE
157,"noticer_mov2",231,4290,"fast","Femme","36-50 ans","OUI","0.4",29,NA,24,83,NA,NA,NA,NA,NA,NA,NA,NA,"Non",NA,NA,NA,NA,NA,NA,NA,NA,NA,NA,60,"high","match",FALSE
157,"noticer_mov2",234,2597,"fast","Femme","36-50 ans","NON","1",NA,NA,40,NA,18,46,NA,NA,NA,NA,NA,NA,"Non",0.869565217391304,NA,NA,NA,NA,NA,NA,NA,NA,NA,60,"high","match",FALSE
157,"noticer_mov2",237,3564,"fast","Femme","36-50 ans","NON","2",NA,NA,45,NA,18,45,NA,NA,NA,NA,NA,NA,"Non",1,NA,NA,NA,NA,NA,NA,NA,NA,NA,60,"high","match",FALSE
157,"noticer_mov2",240,3211,"fast","Femme","36-50 ans","NON","3",NA,NA,34,NA,17,40,1,"NON",NA,NA,NA,NA,"Non",0.85,"NON","NON","NON",NA,NA,NA,NA,NA,NA,60,"high","match",FALSE
157,"noticer_mov2",244,6330,"fast","Femme","36-50 ans","NON","3",NA,NA,34,NA,15,47,2,"OUI","right_to_left",51,"slow",50,"Non",0.723404255319149,NA,NA,NA,"OUI","NON","NON",NA,NA,NA,60,"high","match",FALSE
157,"noticer_mov2",252,9284,"fast","Femme","36-50 ans","NON","4",NA,NA,36,NA,19,45,NA,"OUI","diagonal",39,"slow",50,"Non",0.8,NA,NA,NA,NA,NA,NA,NA,NA,NA,60,"high","match",FALSE
157,"noticer_mov2",261,9763,"fast","Femme","36-50 ans","NON","5",NA,NA,NA,NA,19,44,NA,"NON","diagonal",45,"fast",50,"Non",NA,NA,NA,NA,NA,NA,NA,NA,NA,NA,60,"high","match",FALSE
158,"noticer_speed1",279,6480,"slow","Femme","36-50 ans","OUI","0.1",31,NA,12,39,NA,NA,NA,NA,NA,NA,NA,NA,"Non",NA,NA,NA,NA,NA,NA,NA,NA,NA,NA,61,"high","mismatch",FALSE
158,"noticer_speed1",283,6631,"slow","Femme","36-50 ans","OUI","0.2",26,NA,19,73,NA,NA,NA,NA,NA,NA,NA,NA,"Non",NA,NA,NA,NA,NA,NA,NA,NA,NA,NA,61,"high","mismatch",FALSE
158,"noticer_speed1",287,5032,"slow","Femme","36-50 ans","OUI","0.3",32,NA,19,59,NA,NA,NA,NA,NA,NA,NA,NA,"Non",NA,NA,NA,NA,NA,NA,NA,NA,NA,NA,61,"high","mismatch",FALSE
158,"noticer_speed1",291,4714,"slow","Femme","36-50 ans","OUI","0.4",30,NA,20,67,NA,NA,NA,NA,NA,NA,NA,NA,"Non",NA,NA,NA,NA,NA,NA,NA,NA,NA,NA,61,"high","mismatch",FALSE
158,"noticer_speed1",295,4842,"slow","Femme","36-50 ans","OUI","0.5",32,NA,25,78,NA,NA,NA,NA,NA,NA,NA,NA,"Non",NA,NA,NA,NA,NA,NA,NA,NA,NA,NA,61,"high","mismatch",FALSE
158,"noticer_speed1",299,5277,"slow","Femme","36-50 ans","OUI","0.6",27,NA,26,96,NA,NA,NA,NA,NA,NA,NA,NA,"Non",NA,NA,NA,NA,NA,NA,NA,NA,NA,NA,61,"high","mismatch",FALSE
158,"noticer_speed1",303,5407,"slow","Femme","36-50 ans","OUI","0.7",27,NA,22,81,NA,NA,NA,NA,NA,NA,NA,NA,"Non",NA,NA,NA,NA,NA,NA,NA,NA,NA,NA,61,"high","mismatch",FALSE
158,"noticer_speed1",306,2045,"slow","Femme","36-50 ans","NON","1",NA,NA,28,NA,19,36,NA,NA,NA,NA,NA,NA,"Non",0.777777777777778,NA,NA,NA,NA,NA,NA,NA,NA,NA,61,"high","mismatch",FALSE
158,"noticer_speed1",309,6227,"slow","Femme","36-50 ans","NON","2",NA,NA,40,NA,18,49,NA,NA,NA,NA,NA,NA,"Non",0.816326530612245,NA,NA,NA,NA,NA,NA,NA,NA,NA,61,"high","mismatch",FALSE
158,"noticer_speed1",312,1333,"slow","Femme","36-50 ans","NON","3",NA,NA,35,NA,18,48,1,"OUI","diagonal",69,"fast",90,"Non",0.729166666666667,"NON","OUI","NON",NA,NA,NA,NA,NA,NA,61,"high","mismatch",FALSE
158,"noticer_speed1",320,5843,"slow","Femme","36-50 ans","NON","4",NA,NA,30,NA,16,47,NA,"OUI","diagonal",54,"fast",75,"Non",0.638297872340426,NA,NA,NA,NA,NA,NA,NA,NA,NA,61,"high","mismatch",FALSE
158,"noticer_speed1",329,6875,"slow","Femme","36-50 ans","NON","5",NA,NA,NA,NA,19,43,NA,"OUI","vertical",100,"slow",87,"Non",NA,NA,NA,NA,NA,NA,NA,NA,NA,NA,61,"high","mismatch",FALSE
159,"noticer_all1",347,19924,"fast","Femme","51 ans et plus","OUI","0.1",29,NA,12,41,NA,NA,NA,NA,NA,NA,NA,NA,"Non",NA,NA,NA,NA,NA,NA,NA,NA,NA,NA,61,"high","match",FALSE
159,"noticer_all1",351,37063,"fast","Femme","51 ans et plus","OUI","0.2",32,NA,24,75,NA,NA,NA,NA,NA,NA,NA,NA,"Non",NA,NA,NA,NA,NA,NA,NA,NA,NA,NA,61,"high","match",FALSE
159,"noticer_all1",355,11384,"fast","Femme","51 ans et plus","OUI","0.3",26,NA,28,92,NA,NA,NA,NA,NA,NA,NA,NA,"Non",NA,NA,NA,NA,NA,NA,NA,NA,NA,NA,61,"high","match",FALSE
159,"noticer_all1",359,8654,"fast","Femme","51 ans et plus","OUI","0.4",31,NA,28,90,NA,NA,NA,NA,NA,NA,NA,NA,"Non",NA,NA,NA,NA,NA,NA,NA,NA,NA,NA,61,"high","match",FALSE
159,"noticer_all1",362,5215,"fast","Femme","51 ans et plus","NON","1",NA,NA,42,NA,20,48,NA,NA,NA,NA,NA,NA,"Non",0.875,NA,NA,NA,NA,NA,NA,NA,NA,NA,61,"high","match",FALSE
159,"noticer_all1",365,3049,"fast","Femme","51 ans et plus","NON","2",NA,NA,44,NA,19,39,NA,NA,NA,NA,NA,NA,"Non",0.871794871794872,NA,NA,NA,NA,NA,NA,NA,NA,NA,61,"high","match",FALSE
159,"noticer_all1",368,3293,"fast","Femme","51 ans et plus","NON","3",NA,NA,48,NA,20,45,1,"OUI","right_to_left",65,"fast",60,"Non",0.933333333333333,"OUI","OUI","OUI",NA,NA,NA,NA,NA,NA,61,"high","match",FALSE
159,"noticer_all1",376,2373,"fast","Femme","51 ans et plus","NON","4",NA,NA,45,NA,17,45,NA,"NON","diagonal",66,"fast",66,"Non",1,NA,NA,NA,NA,NA,NA,NA,NA,NA,61,"high","match",FALSE
159,"noticer_all1",385,5591,"fast","Femme","51 ans et plus","NON","5",NA,NA,NA,NA,17,44,NA,"NON","diagonal",68,"very_fast",82,"Non",NA,NA,NA,NA,NA,NA,NA,NA,NA,NA,61,"high","match",FALSE
160,"NO",403,3592,"slow","Homme","36-50 ans","OUI","0.1",26,NA,17,65,NA,NA,NA,NA,NA,NA,NA,NA,"Non",NA,NA,NA,NA,NA,NA,NA,NA,NA,NA,61,"high","mismatch",TRUE
160,"NO",439,4238,"slow","Homme","36-50 ans","OUI","0.10",33,NA,28,85,NA,NA,NA,NA,NA,NA,NA,NA,"Non",NA,NA,NA,NA,NA,NA,NA,NA,NA,NA,61,"high","mismatch",TRUE
160,"NO",443,9540,"slow","Homme","36-50 ans","OUI","0.11",31,NA,27,87,NA,NA,NA,NA,NA,NA,NA,NA,"Non",NA,NA,NA,NA,NA,NA,NA,NA,NA,NA,61,"high","mismatch",TRUE
160,"NO",407,3385,"slow","Homme","36-50 ans","OUI","0.2",29,NA,22,76,NA,NA,NA,NA,NA,NA,NA,NA,"Non",NA,NA,NA,NA,NA,NA,NA,NA,NA,NA,61,"high","mismatch",TRUE
160,"NO",411,4031,"slow","Homme","36-50 ans","OUI","0.3",31,NA,23,74,NA,NA,NA,NA,NA,NA,NA,NA,"Non",NA,NA,NA,NA,NA,NA,NA,NA,NA,NA,61,"high","mismatch",TRUE
160,"NO",415,3394,"slow","Homme","36-50 ans","OUI","0.4",32,NA,23,72,NA,NA,NA,NA,NA,NA,NA,NA,"Non",NA,NA,NA,NA,NA,NA,NA,NA,NA,NA,61,"high","mismatch",TRUE
160,"NO",419,4029,"slow","Homme","36-50 ans","OUI","0.5",34,NA,22,65,NA,NA,NA,NA,NA,NA,NA,NA,"Non",NA,NA,NA,NA,NA,NA,NA,NA,NA,NA,61,"high","mismatch",TRUE
160,"NO",423,3539,"slow","Homme","36-50 ans","OUI","0.6",29,NA,20,69,NA,NA,NA,NA,NA,NA,NA,NA,"Non",NA,NA,NA,NA,NA,NA,NA,NA,NA,NA,61,"high","mismatch",TRUE
160,"NO",427,11422,"slow","Homme","36-50 ans","OUI","0.7",27,NA,21,78,NA,NA,NA,NA,NA,NA,NA,NA,"Non",NA,NA,NA,NA,NA,NA,NA,NA,NA,NA,61,"high","mismatch",TRUE
160,"NO",431,5792,"slow","Homme","36-50 ans","OUI","0.8",34,NA,26,76,NA,NA,NA,NA,NA,NA,NA,NA,"Non",NA,NA,NA,NA,NA,NA,NA,NA,NA,NA,61,"high","mismatch",TRUE
160,"NO",435,5063,"slow","Homme","36-50 ans","OUI","0.9",28,NA,22,79,NA,NA,NA,NA,NA,NA,NA,NA,"Non",NA,NA,NA,NA,NA,NA,NA,NA,NA,NA,61,"high","mismatch",TRUE
160,"NO",446,4196,"slow","Homme","36-50 ans","NON","1",NA,NA,42,NA,19,48,NA,NA,NA,NA,NA,NA,"Non",0.875,NA,NA,NA,NA,NA,NA,NA,NA,NA,61,"high","mismatch",TRUE
160,"NO",449,8749,"slow","Homme","36-50 ans","NON","2",NA,NA,38,NA,19,45,NA,NA,NA,NA,NA,NA,"Non",0.844444444444444,NA,NA,NA,NA,NA,NA,NA,NA,NA,61,"high","mismatch",TRUE
160,"NO",452,5280,"slow","Homme","36-50 ans","NON","3",NA,NA,35,NA,18,46,1,"NON",NA,NA,NA,NA,"Non",0.760869565217391,"NON","NON","NON",NA,NA,NA,NA,NA,NA,61,"high","mismatch",TRUE
160,"NO",456,4490,"slow","Homme","36-50 ans","NON","3",NA,NA,36,NA,16,41,2,"NON",NA,NA,NA,NA,"Non",0.878048780487805,NA,NA,NA,"NON","NON","NON",NA,NA,NA,61,"high","mismatch",TRUE
160,"NO",460,1948,"slow","Homme","36-50 ans","NON","3",NA,NA,35,NA,19,44,3,"NON",NA,NA,NA,NA,"Non",0.795454545454545,NA,NA,NA,NA,NA,NA,"NON","NON","NON",61,"high","mismatch",TRUE
160,"NO",464,2308,"slow","Homme","36-50 ans","NON","4",NA,NA,35,NA,19,39,NA,"NON","right_to_left",14,"fast",0,"Non",0.897435897435897,NA,NA,NA,NA,NA,NA,NA,NA,NA,61,"high","mismatch",TRUE
160,"NO",473,2482,"slow","Homme","36-50 ans","NON","5",NA,NA,NA,NA,17,45,NA,"OUI","right_to_left",100,"slow",100,"Non",NA,NA,NA,NA,NA,NA,NA,NA,NA,NA,61,"high","mismatch",TRUE
161,"noticer_mov3",491,5238,"slow","Homme","26-35 ans","OUI","0.1",29,NA,20,69,NA,NA,NA,NA,NA,NA,NA,NA,"Non",NA,NA,NA,NA,NA,NA,NA,NA,NA,NA,61,"high","mismatch",TRUE
161,"noticer_mov3",495,5152,"slow","Homme","26-35 ans","OUI","0.2",31,NA,24,77,NA,NA,NA,NA,NA,NA,NA,NA,"Non",NA,NA,NA,NA,NA,NA,NA,NA,NA,NA,61,"high","mismatch",TRUE
161,"noticer_mov3",499,4581,"slow","Homme","26-35 ans","OUI","0.3",30,NA,23,77,NA,NA,NA,NA,NA,NA,NA,NA,"Non",NA,NA,NA,NA,NA,NA,NA,NA,NA,NA,61,"high","mismatch",TRUE
161,"noticer_mov3",503,5115,"slow","Homme","26-35 ans","OUI","0.4",30,NA,29,97,NA,NA,NA,NA,NA,NA,NA,NA,"Non",NA,NA,NA,NA,NA,NA,NA,NA,NA,NA,61,"high","mismatch",TRUE
161,"noticer_mov3",507,3611,"slow","Homme","26-35 ans","OUI","0.5",31,NA,32,97,NA,NA,NA,NA,NA,NA,NA,NA,"Non",NA,NA,NA,NA,NA,NA,NA,NA,NA,NA,61,"high","mismatch",TRUE
161,"noticer_mov3",510,1065,"slow","Homme","26-35 ans","NON","1",NA,NA,41,NA,19,47,NA,NA,NA,NA,NA,NA,"Non",0.872340425531915,NA,NA,NA,NA,NA,NA,NA,NA,NA,61,"high","mismatch",TRUE
161,"noticer_mov3",513,1363,"slow","Homme","26-35 ans","NON","2",NA,NA,35,NA,18,45,NA,NA,NA,NA,NA,NA,"Non",0.777777777777778,NA,NA,NA,NA,NA,NA,NA,NA,NA,61,"high","mismatch",TRUE
161,"noticer_mov3",516,2321,"slow","Homme","26-35 ans","NON","3",NA,NA,37,NA,18,42,1,"NON",NA,NA,NA,NA,"Non",0.880952380952381,"NON","NON","NON",NA,NA,NA,NA,NA,NA,61,"high","mismatch",TRUE
161,"noticer_mov3",520,2075,"slow","Homme","26-35 ans","NON","3",NA,NA,33,NA,17,45,2,"NON",NA,NA,NA,NA,"Non",0.733333333333333,NA,NA,NA,"NON","NON","NON",NA,NA,NA,61,"high","mismatch",TRUE
161,"noticer_mov3",524,3529,"slow","Homme","26-35 ans","NON","3",NA,NA,33,NA,19,40,3,"OUI","right_to_left",100,"slow",100,"Non",0.825,NA,NA,NA,NA,NA,NA,"OUI","NON","NON",61,"high","mismatch",TRUE
161,"noticer_mov3",532,8042,"slow","Homme","26-35 ans","NON","4",NA,NA,35,NA,16,44,NA,"OUI","right_to_left",100,"slow",100,"Non",0.795454545454545,NA,NA,NA,NA,NA,NA,NA,NA,NA,61,"high","mismatch",TRUE
161,"noticer_mov3",541,13489,"slow","Homme","26-35 ans","NON","5",NA,NA,NA,NA,19,48,NA,"OUI","right_to_left",100,"slow",100,"Non",NA,NA,NA,NA,NA,NA,NA,NA,NA,NA,61,"high","mismatch",TRUE
162,"noticer_all1",559,18520,"fast","Homme","26-35 ans","OUI","0.1",31,NA,15,48,NA,NA,NA,NA,NA,NA,NA,NA,"Non",NA,NA,NA,NA,NA,NA,NA,NA,NA,NA,61,"high","match",TRUE
162,"noticer_all1",563,12155,"fast","Homme","26-35 ans","OUI","0.2",28,NA,20,71,NA,NA,NA,NA,NA,NA,NA,NA,"Non",NA,NA,NA,NA,NA,NA,NA,NA,NA,NA,61,"high","match",TRUE
162,"noticer_all1",567,4515,"fast","Homme","26-35 ans","OUI","0.3",28,NA,28,100,NA,NA,NA,NA,NA,NA,NA,NA,"Non",NA,NA,NA,NA,NA,NA,NA,NA,NA,NA,61,"high","match",TRUE
162,"noticer_all1",571,5112,"fast","Homme","26-35 ans","OUI","0.4",27,NA,26,96,NA,NA,NA,NA,NA,NA,NA,NA,"Non",NA,NA,NA,NA,NA,NA,NA,NA,NA,NA,61,"high","match",TRUE
162,"noticer_all1",574,6909,"fast","Homme","26-35 ans","NON","1",NA,NA,40,NA,18,43,NA,NA,NA,NA,NA,NA,"Non",0.930232558139535,NA,NA,NA,NA,NA,NA,NA,NA,NA,61,"high","match",TRUE
162,"noticer_all1",577,4834,"fast","Homme","26-35 ans","NON","2",NA,NA,43,NA,20,47,NA,NA,NA,NA,NA,NA,"Non",0.914893617021277,NA,NA,NA,NA,NA,NA,NA,NA,NA,61,"high","match",TRUE
162,"noticer_all1",580,4092,"fast","Homme","26-35 ans","NON","3",NA,NA,46,NA,20,49,1,"OUI","right_to_left",100,"fast",100,"Non",0.938775510204082,"OUI","OUI","OUI",NA,NA,NA,NA,NA,NA,61,"high","match",TRUE
162,"noticer_all1",588,4541,"fast","Homme","26-35 ans","NON","4",NA,NA,35,NA,19,40,NA,"OUI","right_to_left",100,"fast",100,"Non",0.875,NA,NA,NA,NA,NA,NA,NA,NA,NA,61,"high","match",TRUE
162,"noticer_all1",597,2828,"fast","Homme","26-35 ans","NON","5",NA,NA,NA,NA,20,43,NA,"OUI","right_to_left",100,"fast",100,"Non",NA,NA,NA,NA,NA,NA,NA,NA,NA,NA,61,"high","match",TRUE
163,"noticer_mov1",615,5974,"slow","Femme","Moins de 18 ans","OUI","0.1",30,NA,29,97,NA,NA,NA,NA,NA,NA,NA,NA,"Non",NA,NA,NA,NA,NA,NA,NA,NA,NA,NA,61,"high","mismatch",FALSE
163,"noticer_mov1",619,2932,"slow","Femme","Moins de 18 ans","OUI","0.2",34,NA,23,68,NA,NA,NA,NA,NA,NA,NA,NA,"Non",NA,NA,NA,NA,NA,NA,NA,NA,NA,NA,61,"high","mismatch",FALSE
163,"noticer_mov1",623,2761,"slow","Femme","Moins de 18 ans","OUI","0.3",28,NA,22,79,NA,NA,NA,NA,NA,NA,NA,NA,"Non",NA,NA,NA,NA,NA,NA,NA,NA,NA,NA,61,"high","mismatch",FALSE
163,"noticer_mov1",627,2970,"slow","Femme","Moins de 18 ans","OUI","0.4",31,NA,26,84,NA,NA,NA,NA,NA,NA,NA,NA,"Non",NA,NA,NA,NA,NA,NA,NA,NA,NA,NA,61,"high","mismatch",FALSE
163,"noticer_mov1",631,2136,"slow","Femme","Moins de 18 ans","OUI","0.5",34,NA,27,79,NA,NA,NA,NA,NA,NA,NA,NA,"Non",NA,NA,NA,NA,NA,NA,NA,NA,NA,NA,61,"high","mismatch",FALSE
163,"noticer_mov1",635,2963,"slow","Femme","Moins de 18 ans","OUI","0.6",27,NA,30,89,NA,NA,NA,NA,NA,NA,NA,NA,"Non",NA,NA,NA,NA,NA,NA,NA,NA,NA,NA,61,"high","mismatch",FALSE
163,"noticer_mov1",639,4250,"slow","Femme","Moins de 18 ans","OUI","0.7",34,NA,28,82,NA,NA,NA,NA,NA,NA,NA,NA,"Non",NA,NA,NA,NA,NA,NA,NA,NA,NA,NA,61,"high","mismatch",FALSE
163,"noticer_mov1",642,1707,"slow","Femme","Moins de 18 ans","NON","1",NA,NA,31,NA,16,44,NA,NA,NA,NA,NA,NA,"Non",0.704545454545455,NA,NA,NA,NA,NA,NA,NA,NA,NA,61,"high","mismatch",FALSE
163,"noticer_mov1",645,1744,"slow","Femme","Moins de 18 ans","NON","2",NA,NA,38,NA,19,47,NA,NA,NA,NA,NA,NA,"Non",0.808510638297872,NA,NA,NA,NA,NA,NA,NA,NA,NA,61,"high","mismatch",FALSE
163,"noticer_mov1",648,1429,"slow","Femme","Moins de 18 ans","NON","3",NA,NA,39,NA,17,48,1,"OUI","right_to_left",100,"slow",77,"Non",0.8125,"OUI","NON","NON",NA,NA,NA,NA,NA,NA,61,"high","mismatch",FALSE
163,"noticer_mov1",656,1127,"slow","Femme","Moins de 18 ans","NON","4",NA,NA,34,NA,17,36,NA,"NON","diagonal",55,"slow",47,"Non",0.944444444444444,NA,NA,NA,NA,NA,NA,NA,NA,NA,61,"high","mismatch",FALSE
163,"noticer_mov1",665,6147,"slow","Femme","Moins de 18 ans","NON","5",NA,NA,NA,NA,20,44,NA,"OUI","random",22,"very_fast",5,"Non",NA,NA,NA,NA,NA,NA,NA,NA,NA,NA,61,"high","mismatch",FALSE
164,"noticer_all2",682,5112,"slow","Femme","18-25 ans","OUI","0.1",32,NA,10,31,NA,NA,NA,NA,NA,NA,NA,NA,"Non",NA,NA,NA,NA,NA,NA,NA,NA,NA,NA,61,"high","mismatch",FALSE
164,"noticer_all2",686,3305,"slow","Femme","18-25 ans","OUI","0.2",32,NA,12,38,NA,NA,NA,NA,NA,NA,NA,NA,"Non",NA,NA,NA,NA,NA,NA,NA,NA,NA,NA,61,"high","mismatch",FALSE
164,"noticer_all2",690,3348,"slow","Femme","18-25 ans","OUI","0.3",30,NA,20,67,NA,NA,NA,NA,NA,NA,NA,NA,"Non",NA,NA,NA,NA,NA,NA,NA,NA,NA,NA,61,"high","mismatch",FALSE
164,"noticer_all2",694,2489,"slow","Femme","18-25 ans","OUI","0.4",29,NA,23,79,NA,NA,NA,NA,NA,NA,NA,NA,"Non",NA,NA,NA,NA,NA,NA,NA,NA,NA,NA,61,"high","mismatch",FALSE
164,"noticer_all2",698,3770,"slow","Femme","18-25 ans","OUI","0.5",32,NA,29,91,NA,NA,NA,NA,NA,NA,NA,NA,"Non",NA,NA,NA,NA,NA,NA,NA,NA,NA,NA,61,"high","mismatch",FALSE
164,"noticer_all2",702,3380,"slow","Femme","18-25 ans","OUI","0.6",32,NA,28,88,NA,NA,NA,NA,NA,NA,NA,NA,"Non",NA,NA,NA,NA,NA,NA,NA,NA,NA,NA,61,"high","mismatch",FALSE
164,"noticer_all2",705,2701,"slow","Femme","18-25 ans","NON","1",NA,NA,31,NA,15,47,NA,NA,NA,NA,NA,NA,"Non",0.659574468085106,NA,NA,NA,NA,NA,NA,NA,NA,NA,61,"high","mismatch",FALSE
164,"noticer_all2",708,3592,"slow","Femme","18-25 ans","NON","2",NA,NA,26,NA,20,45,NA,NA,NA,NA,NA,NA,"Non",0.577777777777778,NA,NA,NA,NA,NA,NA,NA,NA,NA,61,"high","mismatch",FALSE
164,"noticer_all2",711,19048,"slow","Femme","18-25 ans","NON","3",NA,NA,32,NA,18,47,1,"NON",NA,NA,NA,NA,"Non",0.680851063829787,"NON","NON","NON",NA,NA,NA,NA,NA,NA,61,"high","mismatch",FALSE
164,"noticer_all2",715,1711,"slow","Femme","18-25 ans","NON","3",NA,NA,30,NA,16,42,2,"OUI","right_to_left",100,"fast",22,"Non",0.714285714285714,NA,NA,NA,"OUI","OUI","OUI",NA,NA,NA,61,"high","mismatch",FALSE
164,"noticer_all2",723,1429,"slow","Femme","18-25 ans","NON","4",NA,NA,29,NA,18,46,NA,"NON","right_to_left",73,"fast",34,"Non",0.630434782608696,NA,NA,NA,NA,NA,NA,NA,NA,NA,61,"high","mismatch",FALSE
164,"noticer_all2",732,5738,"slow","Femme","18-25 ans","NON","5",NA,NA,NA,NA,20,49,NA,"OUI","right_to_left",100,"fast",99,"Non",NA,NA,NA,NA,NA,NA,NA,NA,NA,NA,61,"high","mismatch",FALSE
165,"NO",749,4818,"fast","Homme","51 ans et plus","OUI","0.1",32,NA,17,53,NA,NA,NA,NA,NA,NA,NA,NA,NA,NA,NA,NA,NA,NA,NA,NA,NA,NA,NA,61,"high","match",FALSE
165,"NO",753,3719,"fast","Homme","51 ans et plus","OUI","0.2",30,NA,18,60,NA,NA,NA,NA,NA,NA,NA,NA,NA,NA,NA,NA,NA,NA,NA,NA,NA,NA,NA,61,"high","match",FALSE
165,"NO",757,3605,"fast","Homme","51 ans et plus","OUI","0.3",31,NA,16,52,NA,NA,NA,NA,NA,NA,NA,NA,NA,NA,NA,NA,NA,NA,NA,NA,NA,NA,NA,61,"high","match",FALSE
165,"NO",761,3170,"fast","Homme","51 ans et plus","OUI","0.4",31,NA,17,55,NA,NA,NA,NA,NA,NA,NA,NA,NA,NA,NA,NA,NA,NA,NA,NA,NA,NA,NA,61,"high","match",FALSE
165,"NO",765,11834,"fast","Homme","51 ans et plus","OUI","0.5",29,NA,20,69,NA,NA,NA,NA,NA,NA,NA,NA,NA,NA,NA,NA,NA,NA,NA,NA,NA,NA,NA,61,"high","match",FALSE
165,"NO",769,3216,"fast","Homme","51 ans et plus","OUI","0.6",31,NA,21,68,NA,NA,NA,NA,NA,NA,NA,NA,NA,NA,NA,NA,NA,NA,NA,NA,NA,NA,NA,61,"high","match",FALSE
165,"NO",773,4599,"fast","Homme","51 ans et plus","OUI","0.7",30,NA,18,60,NA,NA,NA,NA,NA,NA,NA,NA,NA,NA,NA,NA,NA,NA,NA,NA,NA,NA,NA,61,"high","match",FALSE
165,"NO",777,3432,"fast","Homme","51 ans et plus","OUI","0.8",30,NA,18,60,NA,NA,NA,NA,NA,NA,NA,NA,NA,NA,NA,NA,NA,NA,NA,NA,NA,NA,NA,61,"high","match",FALSE
165,"NO",781,3669,"fast","Homme","51 ans et plus","OUI","0.9",29,NA,20,69,NA,NA,NA,NA,NA,NA,NA,NA,NA,NA,NA,NA,NA,NA,NA,NA,NA,NA,NA,61,"high","match",FALSE
166,"noticer_speed2",790,14888,"slow","Femme","18-25 ans","OUI","0.1",29,NA,18,62,NA,NA,NA,NA,NA,NA,NA,NA,"Non",NA,NA,NA,NA,NA,NA,NA,NA,NA,NA,61,"high","mismatch",FALSE
166,"noticer_speed2",794,8192,"slow","Femme","18-25 ans","OUI","0.2",28,NA,23,82,NA,NA,NA,NA,NA,NA,NA,NA,"Non",NA,NA,NA,NA,NA,NA,NA,NA,NA,NA,61,"high","mismatch",FALSE
166,"noticer_speed2",798,6157,"slow","Femme","18-25 ans","OUI","0.3",31,NA,27,87,NA,NA,NA,NA,NA,NA,NA,NA,"Non",NA,NA,NA,NA,NA,NA,NA,NA,NA,NA,61,"high","mismatch",FALSE
166,"noticer_speed2",801,1579,"slow","Femme","18-25 ans","NON","1",NA,NA,39,NA,18,46,NA,NA,NA,NA,NA,NA,"Non",0.847826086956522,NA,NA,NA,NA,NA,NA,NA,NA,NA,61,"high","mismatch",FALSE
166,"noticer_speed2",804,9808,"slow","Femme","18-25 ans","NON","2",NA,NA,34,NA,19,39,NA,NA,NA,NA,NA,NA,"Non",0.871794871794872,NA,NA,NA,NA,NA,NA,NA,NA,NA,61,"high","mismatch",FALSE
166,"noticer_speed2",807,3078,"slow","Femme","18-25 ans","NON","3",NA,NA,32,NA,17,44,1,"NON",NA,NA,NA,NA,"Non",0.727272727272727,"NON","NON","NON",NA,NA,NA,NA,NA,NA,61,"high","mismatch",FALSE
166,"noticer_speed2",811,6279,"slow","Femme","18-25 ans","NON","3",NA,NA,36,NA,16,46,2,"OUI","diagonal",74,"fast",60,"Non",0.782608695652174,NA,NA,NA,"NON","OUI","NON",NA,NA,NA,61,"high","mismatch",FALSE
166,"noticer_speed2",819,4217,"slow","Femme","18-25 ans","NON","4",NA,NA,25,NA,17,46,NA,"NON","right_to_left",10,"slow",31,"Non",0.543478260869565,NA,NA,NA,NA,NA,NA,NA,NA,NA,61,"high","mismatch",FALSE
166,"noticer_speed2",828,4738,"slow","Femme","18-25 ans","NON","5",NA,NA,NA,NA,17,41,NA,"NON","right_to_left",21,"slow",44,"Non",NA,NA,NA,NA,NA,NA,NA,NA,NA,NA,61,"high","mismatch",FALSE
167,"NO",846,5612,"slow","Femme","18-25 ans","OUI","0.1",31,NA,10,32,NA,NA,NA,NA,NA,NA,NA,NA,"Non",NA,NA,NA,NA,NA,NA,NA,NA,NA,NA,60,"high","mismatch",TRUE
167,"NO",850,3411,"slow","Femme","18-25 ans","OUI","0.2",31,NA,27,87,NA,NA,NA,NA,NA,NA,NA,NA,"Non",NA,NA,NA,NA,NA,NA,NA,NA,NA,NA,60,"high","mismatch",TRUE
167,"NO",854,4201,"slow","Femme","18-25 ans","OUI","0.3",31,NA,29,94,NA,NA,NA,NA,NA,NA,NA,NA,"Non",NA,NA,NA,NA,NA,NA,NA,NA,NA,NA,60,"high","mismatch",TRUE
167,"NO",857,1784,"slow","Femme","18-25 ans","NON","1",NA,NA,37,NA,18,47,NA,NA,NA,NA,NA,NA,"Non",0.787234042553192,NA,NA,NA,NA,NA,NA,NA,NA,NA,60,"high","mismatch",TRUE
167,"NO",860,1753,"slow","Femme","18-25 ans","NON","2",NA,NA,35,NA,19,43,NA,NA,NA,NA,NA,NA,"Non",0.813953488372093,NA,NA,NA,NA,NA,NA,NA,NA,NA,60,"high","mismatch",TRUE
167,"NO",863,2034,"slow","Femme","18-25 ans","NON","3",NA,NA,34,NA,19,39,1,"NON",NA,NA,NA,NA,"Non",0.871794871794872,"NON","NON","NON",NA,NA,NA,NA,NA,NA,60,"high","mismatch",TRUE
167,"NO",867,2159,"slow","Femme","18-25 ans","NON","3",NA,NA,35,NA,18,42,2,"NON",NA,NA,NA,NA,"Non",0.833333333333333,NA,NA,NA,"NON","NON","NON",NA,NA,NA,60,"high","mismatch",TRUE
167,"NO",871,1366,"slow","Femme","18-25 ans","NON","3",NA,NA,32,NA,17,45,3,"NON",NA,NA,NA,NA,"Non",0.711111111111111,NA,NA,NA,NA,NA,NA,"NON","NON","NON",60,"high","mismatch",TRUE
167,"NO",875,4430,"slow","Femme","18-25 ans","NON","4",NA,NA,35,NA,17,46,NA,"NON","right_to_left",100,"fast",77,"Non",0.760869565217391,NA,NA,NA,NA,NA,NA,NA,NA,NA,60,"high","mismatch",TRUE
167,"NO",884,4729,"slow","Femme","18-25 ans","NON","5",NA,NA,NA,NA,18,46,NA,"OUI","right_to_left",100,"slow",100,"Non",NA,NA,NA,NA,NA,NA,NA,NA,NA,NA,60,"high","mismatch",TRUE
168,"NO",902,8751,"slow","Femme","51 ans et plus","OUI","0.1",28,NA,15,54,NA,NA,NA,NA,NA,NA,NA,NA,NA,NA,NA,NA,NA,NA,NA,NA,NA,NA,NA,60,"high","mismatch",FALSE
168,"NO",938,4733,"slow","Femme","51 ans et plus","OUI","0.10",25,NA,24,96,NA,NA,NA,NA,NA,NA,NA,NA,NA,NA,NA,NA,NA,NA,NA,NA,NA,NA,NA,60,"high","mismatch",FALSE
168,"NO",942,4617,"slow","Femme","51 ans et plus","OUI","0.11",32,NA,23,72,NA,NA,NA,NA,NA,NA,NA,NA,NA,NA,NA,NA,NA,NA,NA,NA,NA,NA,NA,60,"high","mismatch",FALSE
168,"NO",946,3234,"slow","Femme","51 ans et plus","OUI","0.12",29,NA,22,76,NA,NA,NA,NA,NA,NA,NA,NA,NA,NA,NA,NA,NA,NA,NA,NA,NA,NA,NA,60,"high","mismatch",FALSE
168,"NO",950,2757,"slow","Femme","51 ans et plus","OUI","0.13",30,NA,23,77,NA,NA,NA,NA,NA,NA,NA,NA,NA,NA,NA,NA,NA,NA,NA,NA,NA,NA,NA,60,"high","mismatch",FALSE
168,"NO",954,3986,"slow","Femme","51 ans et plus","OUI","0.14",30,NA,20,67,NA,NA,NA,NA,NA,NA,NA,NA,NA,NA,NA,NA,NA,NA,NA,NA,NA,NA,NA,60,"high","mismatch",FALSE
168,"NO",906,4852,"slow","Femme","51 ans et plus","OUI","0.2",30,NA,18,60,NA,NA,NA,NA,NA,NA,NA,NA,NA,NA,NA,NA,NA,NA,NA,NA,NA,NA,NA,60,"high","mismatch",FALSE
168,"NO",910,7751,"slow","Femme","51 ans et plus","OUI","0.3",31,NA,18,58,NA,NA,NA,NA,NA,NA,NA,NA,NA,NA,NA,NA,NA,NA,NA,NA,NA,NA,NA,60,"high","mismatch",FALSE
168,"NO",914,3638,"slow","Femme","51 ans et plus","OUI","0.4",32,NA,17,53,NA,NA,NA,NA,NA,NA,NA,NA,NA,NA,NA,NA,NA,NA,NA,NA,NA,NA,NA,60,"high","mismatch",FALSE
168,"NO",918,3438,"slow","Femme","51 ans et plus","OUI","0.5",29,NA,21,72,NA,NA,NA,NA,NA,NA,NA,NA,NA,NA,NA,NA,NA,NA,NA,NA,NA,NA,NA,60,"high","mismatch",FALSE
168,"NO",922,6357,"slow","Femme","51 ans et plus","OUI","0.6",32,NA,21,66,NA,NA,NA,NA,NA,NA,NA,NA,NA,NA,NA,NA,NA,NA,NA,NA,NA,NA,NA,60,"high","mismatch",FALSE
168,"NO",926,6472,"slow","Femme","51 ans et plus","OUI","0.7",31,NA,20,65,NA,NA,NA,NA,NA,NA,NA,NA,NA,NA,NA,NA,NA,NA,NA,NA,NA,NA,NA,60,"high","mismatch",FALSE
168,"NO",930,3834,"slow","Femme","51 ans et plus","OUI","0.8",31,NA,21,68,NA,NA,NA,NA,NA,NA,NA,NA,NA,NA,NA,NA,NA,NA,NA,NA,NA,NA,NA,60,"high","mismatch",FALSE
168,"NO",934,3937,"slow","Femme","51 ans et plus","OUI","0.9",33,NA,20,61,NA,NA,NA,NA,NA,NA,NA,NA,NA,NA,NA,NA,NA,NA,NA,NA,NA,NA,NA,60,"high","mismatch",FALSE
169,"NO",963,5365,"slow","Femme","51 ans et plus","OUI","0.1",29,NA,20,69,NA,NA,NA,NA,NA,NA,NA,NA,"Non",NA,NA,NA,NA,NA,NA,NA,NA,NA,NA,60,"high","mismatch",FALSE
169,"NO",967,4358,"slow","Femme","51 ans et plus","OUI","0.2",31,NA,26,84,NA,NA,NA,NA,NA,NA,NA,NA,"Non",NA,NA,NA,NA,NA,NA,NA,NA,NA,NA,60,"high","mismatch",FALSE
169,"NO",971,4990,"slow","Femme","51 ans et plus","OUI","0.3",30,NA,28,93,NA,NA,NA,NA,NA,NA,NA,NA,"Non",NA,NA,NA,NA,NA,NA,NA,NA,NA,NA,60,"high","mismatch",FALSE
169,"NO",974,6880,"slow","Femme","51 ans et plus","NON","1",NA,NA,38,NA,18,47,NA,NA,NA,NA,NA,NA,"Non",0.808510638297872,NA,NA,NA,NA,NA,NA,NA,NA,NA,60,"high","mismatch",FALSE
169,"NO",977,17595,"slow","Femme","51 ans et plus","NON","2",NA,NA,34,NA,15,43,NA,NA,NA,NA,NA,NA,"Non",0.790697674418605,NA,NA,NA,NA,NA,NA,NA,NA,NA,60,"high","mismatch",FALSE
169,"NO",980,19869,"slow","Femme","51 ans et plus","NON","3",NA,NA,36,NA,17,42,1,"NON",NA,NA,NA,NA,"Non",0.857142857142857,"NON","NON","NON",NA,NA,NA,NA,NA,NA,60,"high","mismatch",FALSE
169,"NO",984,7171,"slow","Femme","51 ans et plus","NON","3",NA,NA,31,NA,19,34,2,"NON",NA,NA,NA,NA,"Non",0.911764705882353,NA,NA,NA,"NON","NON","NON",NA,NA,NA,60,"high","mismatch",FALSE
169,"NO",988,7347,"slow","Femme","51 ans et plus","NON","3",NA,NA,25,NA,19,43,3,"NON",NA,NA,NA,NA,"Non",0.581395348837209,NA,NA,NA,NA,NA,NA,"NON","NON","NON",60,"high","mismatch",FALSE
169,"NO",992,7305,"slow","Femme","51 ans et plus","NON","4",NA,NA,34,NA,17,44,NA,"NON","right_to_left",66,"very_fast",73,"Non",0.772727272727273,NA,NA,NA,NA,NA,NA,NA,NA,NA,60,"high","mismatch",FALSE
169,"NO",1001,12991,"slow","Femme","51 ans et plus","NON","5",NA,NA,NA,NA,15,41,NA,"OUI","right_to_left",100,"fast",39,"Non",NA,NA,NA,NA,NA,NA,NA,NA,NA,NA,60,"high","mismatch",FALSE
170,"NO",1019,8146,"slow","Homme","26-35 ans","OUI","0.1",30,NA,18,60,NA,NA,NA,NA,NA,NA,NA,NA,"Non",NA,NA,NA,NA,NA,NA,NA,NA,NA,NA,61,"high","mismatch",TRUE
170,"NO",1023,5841,"slow","Homme","26-35 ans","OUI","0.2",28,NA,24,86,NA,NA,NA,NA,NA,NA,NA,NA,"Non",NA,NA,NA,NA,NA,NA,NA,NA,NA,NA,61,"high","mismatch",TRUE
170,"NO",1027,4170,"slow","Homme","26-35 ans","OUI","0.3",30,NA,27,90,NA,NA,NA,NA,NA,NA,NA,NA,"Non",NA,NA,NA,NA,NA,NA,NA,NA,NA,NA,61,"high","mismatch",TRUE
170,"NO",1030,1871,"slow","Homme","26-35 ans","NON","1",NA,NA,33,NA,18,48,NA,NA,NA,NA,NA,NA,"Non",0.6875,NA,NA,NA,NA,NA,NA,NA,NA,NA,61,"high","mismatch",TRUE
170,"NO",1033,2347,"slow","Homme","26-35 ans","NON","2",NA,NA,42,NA,18,49,NA,NA,NA,NA,NA,NA,"Non",0.857142857142857,NA,NA,NA,NA,NA,NA,NA,NA,NA,61,"high","mismatch",TRUE
170,"NO",1036,3418,"slow","Homme","26-35 ans","NON","3",NA,NA,31,NA,19,42,1,"NON",NA,NA,NA,NA,"Non",0.738095238095238,"NON","NON","NON",NA,NA,NA,NA,NA,NA,61,"high","mismatch",TRUE
170,"NO",1040,2552,"slow","Homme","26-35 ans","NON","3",NA,NA,32,NA,19,47,2,"NON",NA,NA,NA,NA,"Non",0.680851063829787,NA,NA,NA,"NON","NON","NON",NA,NA,NA,61,"high","mismatch",TRUE
170,"NO",1044,1692,"slow","Homme","26-35 ans","NON","3",NA,NA,26,NA,17,38,3,"NON",NA,NA,NA,NA,"Non",0.684210526315789,NA,NA,NA,NA,NA,NA,"NON","NON","NON",61,"high","mismatch",TRUE
170,"NO",1048,1388,"slow","Homme","26-35 ans","NON","4",NA,NA,35,NA,17,42,NA,"OUI","right_to_left",68,"fast",78,"Non",0.833333333333333,NA,NA,NA,NA,NA,NA,NA,NA,NA,61,"high","mismatch",TRUE
170,"NO",1057,6327,"slow","Homme","26-35 ans","NON","5",NA,NA,NA,NA,17,43,NA,"OUI","right_to_left",100,"slow",73,"Non",NA,NA,NA,NA,NA,NA,NA,NA,NA,NA,61,"high","mismatch",TRUE
171,"NO",1074,5734,"slow","Homme","51 ans et plus","OUI","0.1",29,NA,24,83,NA,NA,NA,NA,NA,NA,NA,NA,"Non",NA,NA,NA,NA,NA,NA,NA,NA,NA,NA,60,"high","mismatch",FALSE
171,"NO",1078,5066,"slow","Homme","51 ans et plus","OUI","0.2",29,NA,26,90,NA,NA,NA,NA,NA,NA,NA,NA,"Non",NA,NA,NA,NA,NA,NA,NA,NA,NA,NA,60,"high","mismatch",FALSE
171,"NO",1081,2497,"slow","Homme","51 ans et plus","NON","1",NA,NA,42,NA,20,45,NA,NA,NA,NA,NA,NA,"Non",0.933333333333333,NA,NA,NA,NA,NA,NA,NA,NA,NA,60,"high","mismatch",FALSE
171,"NO",1084,5641,"slow","Homme","51 ans et plus","NON","2",NA,NA,34,NA,17,45,NA,NA,NA,NA,NA,NA,"Non",0.755555555555556,NA,NA,NA,NA,NA,NA,NA,NA,NA,60,"high","mismatch",FALSE
171,"NO",1087,2808,"slow","Homme","51 ans et plus","NON","3",NA,NA,32,NA,17,48,1,"NON",NA,NA,NA,NA,"Non",0.666666666666667,"NON","NON","NON",NA,NA,NA,NA,NA,NA,60,"high","mismatch",FALSE
171,"NO",1091,2289,"slow","Homme","51 ans et plus","NON","3",NA,NA,36,NA,19,38,2,"NON",NA,NA,NA,NA,"Non",0.947368421052632,NA,NA,NA,"NON","NON","NON",NA,NA,NA,60,"high","mismatch",FALSE
171,"NO",1095,2993,"slow","Homme","51 ans et plus","NON","3",NA,NA,32,NA,18,47,3,"NON",NA,NA,NA,NA,"Non",0.680851063829787,NA,NA,NA,NA,NA,NA,"NON","NON","NON",60,"high","mismatch",FALSE
171,"NO",1099,4511,"slow","Homme","51 ans et plus","NON","4",NA,NA,43,NA,17,42,NA,"NON","diagonal",27,"fast",50,"Non",0.976190476190476,NA,NA,NA,NA,NA,NA,NA,NA,NA,60,"high","mismatch",FALSE
171,"NO",1108,8997,"slow","Homme","51 ans et plus","NON","5",NA,NA,NA,NA,16,42,NA,"OUI","right_to_left",84,"fast",68,"Non",NA,NA,NA,NA,NA,NA,NA,NA,NA,NA,60,"high","mismatch",FALSE
172,"noticer_mov3",1126,7916,"slow","Homme","51 ans et plus","OUI","0.1",31,NA,4,13,NA,NA,NA,NA,NA,NA,NA,NA,"Non",NA,NA,NA,NA,NA,NA,NA,NA,NA,NA,61,"high","mismatch",FALSE
172,"noticer_mov3",1162,6693,"slow","Homme","51 ans et plus","OUI","0.10",31,NA,20,65,NA,NA,NA,NA,NA,NA,NA,NA,"Non",NA,NA,NA,NA,NA,NA,NA,NA,NA,NA,61,"high","mismatch",FALSE
172,"noticer_mov3",1166,3687,"slow","Homme","51 ans et plus","OUI","0.11",25,NA,21,84,NA,NA,NA,NA,NA,NA,NA,NA,"Non",NA,NA,NA,NA,NA,NA,NA,NA,NA,NA,61,"high","mismatch",FALSE
172,"noticer_mov3",1170,4705,"slow","Homme","51 ans et plus","OUI","0.12",30,NA,26,87,NA,NA,NA,NA,NA,NA,NA,NA,"Non",NA,NA,NA,NA,NA,NA,NA,NA,NA,NA,61,"high","mismatch",FALSE
172,"noticer_mov3",1130,9838,"slow","Homme","51 ans et plus","OUI","0.2",30,NA,16,53,NA,NA,NA,NA,NA,NA,NA,NA,"Non",NA,NA,NA,NA,NA,NA,NA,NA,NA,NA,61,"high","mismatch",FALSE
172,"noticer_mov3",1134,4411,"slow","Homme","51 ans et plus","OUI","0.3",31,NA,32,97,NA,NA,NA,NA,NA,NA,NA,NA,"Non",NA,NA,NA,NA,NA,NA,NA,NA,NA,NA,61,"high","mismatch",FALSE
172,"noticer_mov3",1138,5289,"slow","Homme","51 ans et plus","OUI","0.4",31,NA,80,0,NA,NA,NA,NA,NA,NA,NA,NA,"Non",NA,NA,NA,NA,NA,NA,NA,NA,NA,NA,61,"high","mismatch",FALSE
172,"noticer_mov3",1142,4239,"slow","Homme","51 ans et plus","OUI","0.5",31,NA,45,55,NA,NA,NA,NA,NA,NA,NA,NA,"Non",NA,NA,NA,NA,NA,NA,NA,NA,NA,NA,61,"high","mismatch",FALSE
172,"noticer_mov3",1146,4181,"slow","Homme","51 ans et plus","OUI","0.6",29,NA,86,0,NA,NA,NA,NA,NA,NA,NA,NA,"Non",NA,NA,NA,NA,NA,NA,NA,NA,NA,NA,61,"high","mismatch",FALSE
172,"noticer_mov3",1150,4904,"slow","Homme","51 ans et plus","OUI","0.7",32,NA,76,0,NA,NA,NA,NA,NA,NA,NA,NA,"Non",NA,NA,NA,NA,NA,NA,NA,NA,NA,NA,61,"high","mismatch",FALSE
172,"noticer_mov3",1154,3600,"slow","Homme","51 ans et plus","OUI","0.8",32,NA,21,66,NA,NA,NA,NA,NA,NA,NA,NA,"Non",NA,NA,NA,NA,NA,NA,NA,NA,NA,NA,61,"high","mismatch",FALSE
172,"noticer_mov3",1158,4855,"slow","Homme","51 ans et plus","OUI","0.9",28,NA,16,57,NA,NA,NA,NA,NA,NA,NA,NA,"Non",NA,NA,NA,NA,NA,NA,NA,NA,NA,NA,61,"high","mismatch",FALSE
172,"noticer_mov3",1173,1617,"slow","Homme","51 ans et plus","NON","1",NA,NA,39,NA,18,47,NA,NA,NA,NA,NA,NA,"Non",0.829787234042553,NA,NA,NA,NA,NA,NA,NA,NA,NA,61,"high","mismatch",FALSE
172,"noticer_mov3",1176,2174,"slow","Homme","51 ans et plus","NON","2",NA,NA,35,NA,19,40,NA,NA,NA,NA,NA,NA,"Non",0.875,NA,NA,NA,NA,NA,NA,NA,NA,NA,61,"high","mismatch",FALSE
172,"noticer_mov3",1179,1561,"slow","Homme","51 ans et plus","NON","3",NA,NA,33,NA,16,40,1,"NON",NA,NA,NA,NA,"Non",0.825,"NON","NON","NON",NA,NA,NA,NA,NA,NA,61,"high","mismatch",FALSE
172,"noticer_mov3",1183,1614,"slow","Homme","51 ans et plus","NON","3",NA,NA,30,NA,16,40,2,"NON",NA,NA,NA,NA,"Non",0.75,NA,NA,NA,"NON","NON","NON",NA,NA,NA,61,"high","mismatch",FALSE
172,"noticer_mov3",1187,1355,"slow","Homme","51 ans et plus","NON","3",NA,NA,29,NA,19,42,3,"OUI","right_to_left",29,"slow",57,"Non",0.69047619047619,NA,NA,NA,NA,NA,NA,"OUI","NON","NON",61,"high","mismatch",FALSE
172,"noticer_mov3",1195,1490,"slow","Homme","51 ans et plus","NON","4",NA,NA,39,NA,15,40,NA,"NON","random",55,"fast",55,"Non",0.975,NA,NA,NA,NA,NA,NA,NA,NA,NA,61,"high","mismatch",FALSE
172,"noticer_mov3",1204,7077,"slow","Homme","51 ans et plus","NON","5",NA,NA,NA,NA,19,47,NA,"OUI","diagonal",28,"fast",41,"Non",NA,NA,NA,NA,NA,NA,NA,NA,NA,NA,61,"high","mismatch",FALSE
173,"noticer_speed1",1222,6359,"slow","Homme","18-25 ans","OUI","0.1",27,NA,15,56,NA,NA,NA,NA,NA,NA,NA,NA,"Non",NA,NA,NA,NA,NA,NA,NA,NA,NA,NA,60,"high","mismatch",TRUE
173,"noticer_speed1",1226,4252,"slow","Homme","18-25 ans","OUI","0.2",27,NA,24,89,NA,NA,NA,NA,NA,NA,NA,NA,"Non",NA,NA,NA,NA,NA,NA,NA,NA,NA,NA,60,"high","mismatch",TRUE
173,"noticer_speed1",1230,2878,"slow","Homme","18-25 ans","OUI","0.3",28,NA,24,86,NA,NA,NA,NA,NA,NA,NA,NA,"Non",NA,NA,NA,NA,NA,NA,NA,NA,NA,NA,60,"high","mismatch",TRUE
173,"noticer_speed1",1233,2429,"slow","Homme","18-25 ans","NON","1",NA,NA,30,NA,19,42,NA,NA,NA,NA,NA,NA,"Non",0.714285714285714,NA,NA,NA,NA,NA,NA,NA,NA,NA,60,"high","mismatch",TRUE
173,"noticer_speed1",1236,2151,"slow","Homme","18-25 ans","NON","2",NA,NA,38,NA,19,46,NA,NA,NA,NA,NA,NA,"Non",0.826086956521739,NA,NA,NA,NA,NA,NA,NA,NA,NA,60,"high","mismatch",TRUE
173,"noticer_speed1",1239,3860,"slow","Homme","18-25 ans","NON","3",NA,NA,38,NA,15,45,1,"OUI","diagonal",38,"fast",44,"Non",0.844444444444444,"NON","OUI","NON",NA,NA,NA,NA,NA,NA,60,"high","mismatch",TRUE
173,"noticer_speed1",1247,2219,"slow","Homme","18-25 ans","NON","4",NA,NA,38,NA,18,46,NA,"NON","right_to_left",0,"very_fast",52,"Non",0.826086956521739,NA,NA,NA,NA,NA,NA,NA,NA,NA,60,"high","mismatch",TRUE
173,"noticer_speed1",1256,5070,"slow","Homme","18-25 ans","NON","5",NA,NA,NA,NA,17,46,NA,"OUI","right_to_left",53,"slow",51,"Non",NA,NA,NA,NA,NA,NA,NA,NA,NA,NA,60,"high","mismatch",TRUE
174,"noticer_all1",1273,3423,"slow","Femme","36-50 ans","OUI","0.1",30,NA,20,67,NA,NA,NA,NA,NA,NA,NA,NA,"Non",NA,NA,NA,NA,NA,NA,NA,NA,NA,NA,60,"high","mismatch",FALSE
174,"noticer_all1",1277,5128,"slow","Femme","36-50 ans","OUI","0.2",31,NA,34,90,NA,NA,NA,NA,NA,NA,NA,NA,"Non",NA,NA,NA,NA,NA,NA,NA,NA,NA,NA,60,"high","mismatch",FALSE
174,"noticer_all1",1281,22490,"slow","Femme","36-50 ans","OUI","0.3",31,NA,16,52,NA,NA,NA,NA,NA,NA,NA,NA,"Non",NA,NA,NA,NA,NA,NA,NA,NA,NA,NA,60,"high","mismatch",FALSE
174,"noticer_all1",1285,4707,"slow","Femme","36-50 ans","OUI","0.4",33,NA,26,79,NA,NA,NA,NA,NA,NA,NA,NA,"Non",NA,NA,NA,NA,NA,NA,NA,NA,NA,NA,60,"high","mismatch",FALSE
174,"noticer_all1",1289,3371,"slow","Femme","36-50 ans","OUI","0.5",30,NA,26,87,NA,NA,NA,NA,NA,NA,NA,NA,"Non",NA,NA,NA,NA,NA,NA,NA,NA,NA,NA,60,"high","mismatch",FALSE
174,"noticer_all1",1293,4949,"slow","Femme","36-50 ans","OUI","0.6",33,NA,28,85,NA,NA,NA,NA,NA,NA,NA,NA,"Non",NA,NA,NA,NA,NA,NA,NA,NA,NA,NA,60,"high","mismatch",FALSE
174,"noticer_all1",1296,1385,"slow","Femme","36-50 ans","NON","1",NA,NA,38,NA,18,42,NA,NA,NA,NA,NA,NA,"Non",0.904761904761905,NA,NA,NA,NA,NA,NA,NA,NA,NA,60,"high","mismatch",FALSE
174,"noticer_all1",1299,1698,"slow","Femme","36-50 ans","NON","2",NA,NA,32,NA,18,36,NA,NA,NA,NA,NA,NA,"Non",0.888888888888889,NA,NA,NA,NA,NA,NA,NA,NA,NA,60,"high","mismatch",FALSE
174,"noticer_all1",1302,1478,"slow","Femme","36-50 ans","NON","3",NA,NA,41,NA,17,43,1,"OUI","right_to_left",100,"fast",62,"Non",0.953488372093023,"OUI","OUI","OUI",NA,NA,NA,NA,NA,NA,60,"high","mismatch",FALSE
174,"noticer_all1",1310,1567,"slow","Femme","36-50 ans","NON","4",NA,NA,34,NA,17,45,NA,"OUI","right_to_left",76,"very_fast",36,"Non",0.755555555555556,NA,NA,NA,NA,NA,NA,NA,NA,NA,60,"high","mismatch",FALSE
174,"noticer_all1",1319,6872,"slow","Femme","36-50 ans","NON","5",NA,NA,NA,NA,17,42,NA,"OUI","right_to_left",100,"fast",81,"Non",NA,NA,NA,NA,NA,NA,NA,NA,NA,NA,60,"high","mismatch",FALSE
175,"noticer_mov3",1336,2432,"slow","Femme","18-25 ans","OUI","0.1",29,NA,22,76,NA,NA,NA,NA,NA,NA,NA,NA,"Non",NA,NA,NA,NA,NA,NA,NA,NA,NA,NA,60,"high","mismatch",TRUE
175,"noticer_mov3",1340,2472,"slow","Femme","18-25 ans","OUI","0.2",31,NA,30,97,NA,NA,NA,NA,NA,NA,NA,NA,"Non",NA,NA,NA,NA,NA,NA,NA,NA,NA,NA,60,"high","mismatch",TRUE
175,"noticer_mov3",1344,2326,"slow","Femme","18-25 ans","OUI","0.3",26,NA,27,96,NA,NA,NA,NA,NA,NA,NA,NA,"Non",NA,NA,NA,NA,NA,NA,NA,NA,NA,NA,60,"high","mismatch",TRUE
175,"noticer_mov3",1347,871,"slow","Femme","18-25 ans","NON","1",NA,NA,38,NA,16,41,NA,NA,NA,NA,NA,NA,"Non",0.926829268292683,NA,NA,NA,NA,NA,NA,NA,NA,NA,60,"high","mismatch",TRUE
175,"noticer_mov3",1350,807,"slow","Femme","18-25 ans","NON","2",NA,NA,45,NA,18,48,NA,NA,NA,NA,NA,NA,"Non",0.9375,NA,NA,NA,NA,NA,NA,NA,NA,NA,60,"high","mismatch",TRUE
175,"noticer_mov3",1353,752,"slow","Femme","18-25 ans","NON","3",NA,NA,39,NA,18,46,1,"NON",NA,NA,NA,NA,"Non",0.847826086956522,"NON","NON","NON",NA,NA,NA,NA,NA,NA,60,"high","mismatch",TRUE
175,"noticer_mov3",1357,1141,"slow","Femme","18-25 ans","NON","3",NA,NA,39,NA,18,42,2,"NON",NA,NA,NA,NA,"Non",0.928571428571429,NA,NA,NA,"NON","NON","NON",NA,NA,NA,60,"high","mismatch",TRUE
175,"noticer_mov3",1361,716,"slow","Femme","18-25 ans","NON","3",NA,NA,37,NA,19,44,3,"OUI","right_to_left",85,"slow",49,"Non",0.840909090909091,NA,NA,NA,NA,NA,NA,"OUI","NON","NON",60,"high","mismatch",TRUE
175,"noticer_mov3",1369,761,"slow","Femme","18-25 ans","NON","4",NA,NA,46,NA,19,44,NA,"NON","right_to_left",23,"fast",20,"Non",0.954545454545455,NA,NA,NA,NA,NA,NA,NA,NA,NA,60,"high","mismatch",TRUE
175,"noticer_mov3",1378,2335,"slow","Femme","18-25 ans","NON","5",NA,NA,NA,NA,19,45,NA,"OUI","right_to_left",84,"slow",68,"Non",NA,NA,NA,NA,NA,NA,NA,NA,NA,NA,60,"high","mismatch",TRUE
176,"noticer_mov1",1396,3714,"slow","Homme","18-25 ans","OUI","0.1",29,NA,22,76,NA,NA,NA,NA,NA,NA,NA,NA,"Non",NA,NA,NA,NA,NA,NA,NA,NA,NA,NA,60,"high","mismatch",TRUE
176,"noticer_mov1",1400,4831,"slow","Homme","18-25 ans","OUI","0.2",28,NA,27,96,NA,NA,NA,NA,NA,NA,NA,NA,"Non",NA,NA,NA,NA,NA,NA,NA,NA,NA,NA,60,"high","mismatch",TRUE
176,"noticer_mov1",1404,3137,"slow","Homme","18-25 ans","OUI","0.3",32,NA,33,97,NA,NA,NA,NA,NA,NA,NA,NA,"Non",NA,NA,NA,NA,NA,NA,NA,NA,NA,NA,60,"high","mismatch",TRUE
176,"noticer_mov1",1407,1447,"slow","Homme","18-25 ans","NON","1",NA,NA,48,NA,18,45,NA,NA,NA,NA,NA,NA,"Non",0.933333333333333,NA,NA,NA,NA,NA,NA,NA,NA,NA,60,"high","mismatch",TRUE
176,"noticer_mov1",1410,2288,"slow","Homme","18-25 ans","NON","2",NA,NA,41,NA,18,43,NA,NA,NA,NA,NA,NA,"Non",0.953488372093023,NA,NA,NA,NA,NA,NA,NA,NA,NA,60,"high","mismatch",TRUE
176,"noticer_mov1",1413,953,"slow","Homme","18-25 ans","NON","3",NA,NA,40,NA,16,44,1,"OUI","right_to_left",30,"slow",46,"Non",0.909090909090909,"OUI","NON","NON",NA,NA,NA,NA,NA,NA,60,"high","mismatch",TRUE
176,"noticer_mov1",1421,1634,"slow","Homme","18-25 ans","NON","4",NA,NA,48,NA,16,47,NA,"OUI","right_to_left",78,"slow",54,"Non",0.978723404255319,NA,NA,NA,NA,NA,NA,NA,NA,NA,60,"high","mismatch",TRUE
176,"noticer_mov1",1430,3319,"slow","Homme","18-25 ans","NON","5",NA,NA,NA,NA,19,44,NA,"OUI","right_to_left",34,"slow",100,"Non",NA,NA,NA,NA,NA,NA,NA,NA,NA,NA,60,"high","mismatch",TRUE
177,"noticer_all1",1448,9202,"fast","Homme","18-25 ans","OUI","0.1",28,NA,26,93,NA,NA,NA,NA,NA,NA,NA,NA,"Non",NA,NA,NA,NA,NA,NA,NA,NA,NA,NA,61,"high","match",TRUE
177,"noticer_all1",1452,3354,"fast","Homme","18-25 ans","OUI","0.2",31,NA,27,87,NA,NA,NA,NA,NA,NA,NA,NA,"Non",NA,NA,NA,NA,NA,NA,NA,NA,NA,NA,61,"high","match",TRUE
177,"noticer_all1",1455,2945,"fast","Homme","18-25 ans","NON","1",NA,NA,42,NA,18,47,NA,NA,NA,NA,NA,NA,"Non",0.893617021276596,NA,NA,NA,NA,NA,NA,NA,NA,NA,61,"high","match",TRUE
177,"noticer_all1",1458,1347,"fast","Homme","18-25 ans","NON","2",NA,NA,40,NA,19,45,NA,NA,NA,NA,NA,NA,"Non",0.888888888888889,NA,NA,NA,NA,NA,NA,NA,NA,NA,61,"high","match",TRUE
177,"noticer_all1",1461,26745,"fast","Homme","18-25 ans","NON","3",NA,NA,33,NA,19,44,1,"OUI","right_to_left",100,"fast",69,"Non",0.75,"OUI","OUI","OUI",NA,NA,NA,NA,NA,NA,61,"high","match",TRUE
177,"noticer_all1",1469,10030,"fast","Homme","18-25 ans","NON","4",NA,NA,39,NA,13,43,NA,"OUI","right_to_left",100,"very_fast",100,"Non",0.906976744186047,NA,NA,NA,NA,NA,NA,NA,NA,NA,61,"high","match",TRUE
177,"noticer_all1",1478,6915,"fast","Homme","18-25 ans","NON","5",NA,NA,NA,NA,18,43,NA,"OUI","right_to_left",100,"fast",97,"Non",NA,NA,NA,NA,NA,NA,NA,NA,NA,NA,61,"high","match",TRUE
178,"noticer_all2",1495,3901,"fast","Homme","18-25 ans","OUI","0.1",32,NA,34,94,NA,NA,NA,NA,NA,NA,NA,NA,"Non",NA,NA,NA,NA,NA,NA,NA,NA,NA,NA,61,"high","match",TRUE
178,"noticer_all2",1499,3251,"fast","Homme","18-25 ans","OUI","0.2",30,NA,32,93,NA,NA,NA,NA,NA,NA,NA,NA,"Non",NA,NA,NA,NA,NA,NA,NA,NA,NA,NA,61,"high","match",TRUE
178,"noticer_all2",1502,1355,"fast","Homme","18-25 ans","NON","1",NA,NA,37,NA,19,44,NA,NA,NA,NA,NA,NA,"Non",0.840909090909091,NA,NA,NA,NA,NA,NA,NA,NA,NA,61,"high","match",TRUE
178,"noticer_all2",1505,1371,"fast","Homme","18-25 ans","NON","2",NA,NA,33,NA,16,43,NA,NA,NA,NA,NA,NA,"Non",0.767441860465116,NA,NA,NA,NA,NA,NA,NA,NA,NA,61,"high","match",TRUE
178,"noticer_all2",1508,2078,"fast","Homme","18-25 ans","NON","3",NA,NA,29,NA,18,40,1,"NON",NA,NA,NA,NA,"Non",0.725,"NON","NON","NON",NA,NA,NA,NA,NA,NA,61,"high","match",TRUE
178,"noticer_all2",1512,1319,"fast","Homme","18-25 ans","NON","3",NA,NA,30,NA,20,41,2,"OUI","right_to_left",58,"fast",41,"Non",0.731707317073171,NA,NA,NA,"OUI","OUI","OUI",NA,NA,NA,61,"high","match",TRUE
178,"noticer_all2",1520,1569,"fast","Homme","18-25 ans","NON","4",NA,NA,33,NA,18,43,NA,"OUI","right_to_left",95,"fast",90,"Non",0.767441860465116,NA,NA,NA,NA,NA,NA,NA,NA,NA,61,"high","match",TRUE
178,"noticer_all2",1529,1701,"fast","Homme","18-25 ans","NON","5",NA,NA,NA,NA,18,45,NA,"OUI","right_to_left",100,"fast",100,"Non",NA,NA,NA,NA,NA,NA,NA,NA,NA,NA,61,"high","match",TRUE
179,"noticer_all2",1547,19869,"slow","Femme","51 ans et plus","OUI","0.1",32,NA,0,0,NA,NA,NA,NA,NA,NA,NA,NA,"Non",NA,NA,NA,NA,NA,NA,NA,NA,NA,NA,60,"high","mismatch",FALSE
179,"noticer_all2",1583,8700,"slow","Femme","51 ans et plus","OUI","0.10",29,NA,21,72,NA,NA,NA,NA,NA,NA,NA,NA,"Non",NA,NA,NA,NA,NA,NA,NA,NA,NA,NA,60,"high","mismatch",FALSE
179,"noticer_all2",1587,5120,"slow","Femme","51 ans et plus","OUI","0.11",30,NA,23,77,NA,NA,NA,NA,NA,NA,NA,NA,"Non",NA,NA,NA,NA,NA,NA,NA,NA,NA,NA,60,"high","mismatch",FALSE
179,"noticer_all2",1591,5787,"slow","Femme","51 ans et plus","OUI","0.12",30,NA,29,97,NA,NA,NA,NA,NA,NA,NA,NA,"Non",NA,NA,NA,NA,NA,NA,NA,NA,NA,NA,60,"high","mismatch",FALSE
179,"noticer_all2",1595,5353,"slow","Femme","51 ans et plus","OUI","0.13",28,NA,26,93,NA,NA,NA,NA,NA,NA,NA,NA,"Non",NA,NA,NA,NA,NA,NA,NA,NA,NA,NA,60,"high","mismatch",FALSE
179,"noticer_all2",1551,22664,"slow","Femme","51 ans et plus","OUI","0.2",30,NA,11,37,NA,NA,NA,NA,NA,NA,NA,NA,"Non",NA,NA,NA,NA,NA,NA,NA,NA,NA,NA,60,"high","mismatch",FALSE
179,"noticer_all2",1555,6821,"slow","Femme","51 ans et plus","OUI","0.3",31,NA,13,42,NA,NA,NA,NA,NA,NA,NA,NA,"Non",NA,NA,NA,NA,NA,NA,NA,NA,NA,NA,60,"high","mismatch",FALSE
179,"noticer_all2",1559,6674,"slow","Femme","51 ans et plus","OUI","0.4",32,NA,16,50,NA,NA,NA,NA,NA,NA,NA,NA,"Non",NA,NA,NA,NA,NA,NA,NA,NA,NA,NA,60,"high","mismatch",FALSE
179,"noticer_all2",1563,5544,"slow","Femme","51 ans et plus","OUI","0.5",28,NA,19,68,NA,NA,NA,NA,NA,NA,NA,NA,"Non",NA,NA,NA,NA,NA,NA,NA,NA,NA,NA,60,"high","mismatch",FALSE
179,"noticer_all2",1567,5574,"slow","Femme","51 ans et plus","OUI","0.6",32,NA,23,72,NA,NA,NA,NA,NA,NA,NA,NA,"Non",NA,NA,NA,NA,NA,NA,NA,NA,NA,NA,60,"high","mismatch",FALSE
179,"noticer_all2",1571,6507,"slow","Femme","51 ans et plus","OUI","0.7",28,NA,26,93,NA,NA,NA,NA,NA,NA,NA,NA,"Non",NA,NA,NA,NA,NA,NA,NA,NA,NA,NA,60,"high","mismatch",FALSE
179,"noticer_all2",1575,6170,"slow","Femme","51 ans et plus","OUI","0.8",29,NA,19,66,NA,NA,NA,NA,NA,NA,NA,NA,"Non",NA,NA,NA,NA,NA,NA,NA,NA,NA,NA,60,"high","mismatch",FALSE
179,"noticer_all2",1579,4862,"slow","Femme","51 ans et plus","OUI","0.9",30,NA,18,60,NA,NA,NA,NA,NA,NA,NA,NA,"Non",NA,NA,NA,NA,NA,NA,NA,NA,NA,NA,60,"high","mismatch",FALSE
179,"noticer_all2",1598,1907,"slow","Femme","51 ans et plus","NON","1",NA,NA,22,NA,19,47,NA,NA,NA,NA,NA,NA,"Non",0.468085106382979,NA,NA,NA,NA,NA,NA,NA,NA,NA,60,"high","mismatch",FALSE
179,"noticer_all2",1601,2297,"slow","Femme","51 ans et plus","NON","2",NA,NA,25,NA,19,47,NA,NA,NA,NA,NA,NA,"Non",0.531914893617021,NA,NA,NA,NA,NA,NA,NA,NA,NA,60,"high","mismatch",FALSE
179,"noticer_all2",1604,2348,"slow","Femme","51 ans et plus","NON","3",NA,NA,24,NA,18,42,1,"NON",NA,NA,NA,NA,"Non",0.571428571428571,"NON","NON","NON",NA,NA,NA,NA,NA,NA,60,"high","mismatch",FALSE
179,"noticer_all2",1608,1821,"slow","Femme","51 ans et plus","NON","3",NA,NA,29,NA,18,43,2,"OUI","right_to_left",100,"fast",41,"Non",0.674418604651163,NA,NA,NA,"OUI","OUI","OUI",NA,NA,NA,60,"high","mismatch",FALSE
179,"noticer_all2",1616,3987,"slow","Femme","51 ans et plus","NON","4",NA,NA,28,NA,18,43,NA,"NON","vertical",100,"slow",39,"Non",0.651162790697674,NA,NA,NA,NA,NA,NA,NA,NA,NA,60,"high","mismatch",FALSE
179,"noticer_all2",1625,5804,"slow","Femme","51 ans et plus","NON","5",NA,NA,NA,NA,19,43,NA,"NON","random",67,"very_slow",47,"Non",NA,NA,NA,NA,NA,NA,NA,NA,NA,NA,60,"high","mismatch",FALSE
180,"noticer_mov2",1643,5243,"slow","Homme","18-25 ans","OUI","0.1",33,NA,19,58,NA,NA,NA,NA,NA,NA,NA,NA,"Non",NA,NA,NA,NA,NA,NA,NA,NA,NA,NA,60,"high","mismatch",FALSE
180,"noticer_mov2",1647,3528,"slow","Homme","18-25 ans","OUI","0.2",26,NA,23,88,NA,NA,NA,NA,NA,NA,NA,NA,"Non",NA,NA,NA,NA,NA,NA,NA,NA,NA,NA,60,"high","mismatch",FALSE
180,"noticer_mov2",1651,3081,"slow","Homme","18-25 ans","OUI","0.3",29,NA,25,86,NA,NA,NA,NA,NA,NA,NA,NA,"Non",NA,NA,NA,NA,NA,NA,NA,NA,NA,NA,60,"high","mismatch",FALSE
180,"noticer_mov2",1654,852,"slow","Homme","18-25 ans","NON","1",NA,NA,33,NA,17,42,NA,NA,NA,NA,NA,NA,"Non",0.785714285714286,NA,NA,NA,NA,NA,NA,NA,NA,NA,60,"high","mismatch",FALSE
180,"noticer_mov2",1657,6646,"slow","Homme","18-25 ans","NON","2",NA,NA,38,NA,17,45,NA,NA,NA,NA,NA,NA,"Non",0.844444444444444,NA,NA,NA,NA,NA,NA,NA,NA,NA,60,"high","mismatch",FALSE
180,"noticer_mov2",1660,3152,"slow","Homme","18-25 ans","NON","3",NA,NA,35,NA,19,45,1,"NON",NA,NA,NA,NA,"Non",0.777777777777778,"NON","NON","NON",NA,NA,NA,NA,NA,NA,60,"high","mismatch",FALSE
180,"noticer_mov2",1664,1490,"slow","Homme","18-25 ans","NON","3",NA,NA,34,NA,18,46,2,"OUI","right_to_left",68,"slow",79,"Non",0.739130434782609,NA,NA,NA,"OUI","NON","NON",NA,NA,NA,60,"high","mismatch",FALSE
180,"noticer_mov2",1672,1097,"slow","Homme","18-25 ans","NON","4",NA,NA,36,NA,20,50,NA,"OUI","right_to_left",100,"slow",100,"Non",0.72,NA,NA,NA,NA,NA,NA,NA,NA,NA,60,"high","mismatch",FALSE
180,"noticer_mov2",1681,4664,"slow","Homme","18-25 ans","NON","5",NA,NA,NA,NA,18,46,NA,"OUI","right_to_left",100,"very_slow",100,"Non",NA,NA,NA,NA,NA,NA,NA,NA,NA,NA,60,"high","mismatch",FALSE
181,"NO",1698,6007,"slow","Homme","51 ans et plus","OUI","0.1",27,NA,19,70,NA,NA,NA,NA,NA,NA,NA,NA,"Non",NA,NA,NA,NA,NA,NA,NA,NA,NA,NA,60,"high","mismatch",FALSE
181,"NO",1702,5739,"slow","Homme","51 ans et plus","OUI","0.2",22,NA,20,91,NA,NA,NA,NA,NA,NA,NA,NA,"Non",NA,NA,NA,NA,NA,NA,NA,NA,NA,NA,60,"high","mismatch",FALSE
181,"NO",1706,5243,"slow","Homme","51 ans et plus","OUI","0.3",31,NA,25,81,NA,NA,NA,NA,NA,NA,NA,NA,"Non",NA,NA,NA,NA,NA,NA,NA,NA,NA,NA,60,"high","mismatch",FALSE
181,"NO",1709,1866,"slow","Homme","51 ans et plus","NON","1",NA,NA,40,NA,18,48,NA,NA,NA,NA,NA,NA,"Non",0.833333333333333,NA,NA,NA,NA,NA,NA,NA,NA,NA,60,"high","mismatch",FALSE
181,"NO",1712,3131,"slow","Homme","51 ans et plus","NON","2",NA,NA,30,NA,20,35,NA,NA,NA,NA,NA,NA,"Non",0.857142857142857,NA,NA,NA,NA,NA,NA,NA,NA,NA,60,"high","mismatch",FALSE
181,"NO",1715,2697,"slow","Homme","51 ans et plus","NON","3",NA,NA,40,NA,20,45,1,"NON",NA,NA,NA,NA,"Non",0.888888888888889,"NON","NON","NON",NA,NA,NA,NA,NA,NA,60,"high","mismatch",FALSE
181,"NO",1719,1694,"slow","Homme","51 ans et plus","NON","3",NA,NA,43,NA,17,48,2,"NON",NA,NA,NA,NA,"Non",0.895833333333333,NA,NA,NA,"NON","NON","NON",NA,NA,NA,60,"high","mismatch",FALSE
181,"NO",1723,1345,"slow","Homme","51 ans et plus","NON","3",NA,NA,42,NA,19,46,3,"NON",NA,NA,NA,NA,"Non",0.91304347826087,NA,NA,NA,NA,NA,NA,"NON","NON","NON",60,"high","mismatch",FALSE
181,"NO",1727,1815,"slow","Homme","51 ans et plus","NON","4",NA,NA,32,NA,19,45,NA,"NON","random",0,"very_fast",0,"Non",0.711111111111111,NA,NA,NA,NA,NA,NA,NA,NA,NA,60,"high","mismatch",FALSE
181,"NO",1736,8033,"slow","Homme","51 ans et plus","NON","5",NA,NA,NA,NA,17,36,NA,"OUI","diagonal",48,"slow",79,"Non",NA,NA,NA,NA,NA,NA,NA,NA,NA,NA,60,"high","mismatch",FALSE
182,"noticer_mov1",1754,4922,"fast","Homme","51 ans et plus","OUI","0.1",28,NA,14,50,NA,NA,NA,NA,NA,NA,NA,NA,"Oui",NA,NA,NA,NA,NA,NA,NA,NA,NA,NA,60,"high","match",FALSE
182,"noticer_mov1",1790,4535,"fast","Homme","51 ans et plus","OUI","0.10",29,NA,24,83,NA,NA,NA,NA,NA,NA,NA,NA,"Oui",NA,NA,NA,NA,NA,NA,NA,NA,NA,NA,60,"high","match",FALSE
182,"noticer_mov1",1794,4055,"fast","Homme","51 ans et plus","OUI","0.11",31,NA,23,74,NA,NA,NA,NA,NA,NA,NA,NA,"Oui",NA,NA,NA,NA,NA,NA,NA,NA,NA,NA,60,"high","match",FALSE
182,"noticer_mov1",1798,3535,"fast","Homme","51 ans et plus","OUI","0.12",33,NA,23,70,NA,NA,NA,NA,NA,NA,NA,NA,"Oui",NA,NA,NA,NA,NA,NA,NA,NA,NA,NA,60,"high","match",FALSE
182,"noticer_mov1",1802,7957,"fast","Homme","51 ans et plus","OUI","0.13",29,NA,18,62,NA,NA,NA,NA,NA,NA,NA,NA,"Oui",NA,NA,NA,NA,NA,NA,NA,NA,NA,NA,60,"high","match",FALSE
182,"noticer_mov1",1806,5325,"fast","Homme","51 ans et plus","OUI","0.14",32,NA,19,59,NA,NA,NA,NA,NA,NA,NA,NA,"Oui",NA,NA,NA,NA,NA,NA,NA,NA,NA,NA,60,"high","match",FALSE
182,"noticer_mov1",1810,4217,"fast","Homme","51 ans et plus","OUI","0.15",28,NA,17,61,NA,NA,NA,NA,NA,NA,NA,NA,"Oui",NA,NA,NA,NA,NA,NA,NA,NA,NA,NA,60,"high","match",FALSE
182,"noticer_mov1",1814,6070,"fast","Homme","51 ans et plus","OUI","0.16",29,NA,21,72,NA,NA,NA,NA,NA,NA,NA,NA,"Oui",NA,NA,NA,NA,NA,NA,NA,NA,NA,NA,60,"high","match",FALSE
182,"noticer_mov1",1818,4468,"fast","Homme","51 ans et plus","OUI","0.17",25,NA,18,72,NA,NA,NA,NA,NA,NA,NA,NA,"Oui",NA,NA,NA,NA,NA,NA,NA,NA,NA,NA,60,"high","match",FALSE
182,"noticer_mov1",1822,4824,"fast","Homme","51 ans et plus","OUI","0.18",29,NA,24,83,NA,NA,NA,NA,NA,NA,NA,NA,"Oui",NA,NA,NA,NA,NA,NA,NA,NA,NA,NA,60,"high","match",FALSE
182,"noticer_mov1",1826,5330,"fast","Homme","51 ans et plus","OUI","0.19",28,NA,25,89,NA,NA,NA,NA,NA,NA,NA,NA,"Oui",NA,NA,NA,NA,NA,NA,NA,NA,NA,NA,60,"high","match",FALSE
182,"noticer_mov1",1758,30691,"fast","Homme","51 ans et plus","OUI","0.2",31,NA,13,42,NA,NA,NA,NA,NA,NA,NA,NA,"Oui",NA,NA,NA,NA,NA,NA,NA,NA,NA,NA,60,"high","match",FALSE
182,"noticer_mov1",1762,4184,"fast","Homme","51 ans et plus","OUI","0.3",28,NA,13,46,NA,NA,NA,NA,NA,NA,NA,NA,"Oui",NA,NA,NA,NA,NA,NA,NA,NA,NA,NA,60,"high","match",FALSE
182,"noticer_mov1",1766,7577,"fast","Homme","51 ans et plus","OUI","0.4",34,NA,15,44,NA,NA,NA,NA,NA,NA,NA,NA,"Oui",NA,NA,NA,NA,NA,NA,NA,NA,NA,NA,60,"high","match",FALSE
182,"noticer_mov1",1770,17949,"fast","Homme","51 ans et plus","OUI","0.5",31,NA,20,65,NA,NA,NA,NA,NA,NA,NA,NA,"Oui",NA,NA,NA,NA,NA,NA,NA,NA,NA,NA,60,"high","match",FALSE
182,"noticer_mov1",1774,4759,"fast","Homme","51 ans et plus","OUI","0.6",30,NA,17,57,NA,NA,NA,NA,NA,NA,NA,NA,"Oui",NA,NA,NA,NA,NA,NA,NA,NA,NA,NA,60,"high","match",FALSE
182,"noticer_mov1",1778,5657,"fast","Homme","51 ans et plus","OUI","0.7",29,NA,20,69,NA,NA,NA,NA,NA,NA,NA,NA,"Oui",NA,NA,NA,NA,NA,NA,NA,NA,NA,NA,60,"high","match",FALSE
182,"noticer_mov1",1782,5686,"fast","Homme","51 ans et plus","OUI","0.8",30,NA,19,63,NA,NA,NA,NA,NA,NA,NA,NA,"Oui",NA,NA,NA,NA,NA,NA,NA,NA,NA,NA,60,"high","match",FALSE
182,"noticer_mov1",1786,4938,"fast","Homme","51 ans et plus","OUI","0.9",31,NA,23,74,NA,NA,NA,NA,NA,NA,NA,NA,"Oui",NA,NA,NA,NA,NA,NA,NA,NA,NA,NA,60,"high","match",FALSE
182,"noticer_mov1",1829,3460,"fast","Homme","51 ans et plus","NON","1",NA,NA,38,NA,19,42,NA,NA,NA,NA,NA,NA,"Oui",0.904761904761905,NA,NA,NA,NA,NA,NA,NA,NA,NA,60,"high","match",FALSE
182,"noticer_mov1",1832,18067,"fast","Homme","51 ans et plus","NON","2",NA,NA,32,NA,16,44,NA,NA,NA,NA,NA,NA,"Oui",0.727272727272727,NA,NA,NA,NA,NA,NA,NA,NA,NA,60,"high","match",FALSE
182,"noticer_mov1",1835,3896,"fast","Homme","51 ans et plus","NON","3",NA,NA,31,NA,20,43,1,"OUI","right_to_left",88,"very_fast",89,"Oui",0.720930232558139,"OUI","NON","NON",NA,NA,NA,NA,NA,NA,60,"high","match",FALSE
182,"noticer_mov1",1843,5570,"fast","Homme","51 ans et plus","NON","4",NA,NA,30,NA,19,47,NA,"NON","diagonal",23,"fast",28,"Oui",0.638297872340426,NA,NA,NA,NA,NA,NA,NA,NA,NA,60,"high","match",FALSE
182,"noticer_mov1",1852,24066,"fast","Homme","51 ans et plus","NON","5",NA,NA,NA,NA,17,45,NA,"OUI","diagonal",77,"fast",77,"Oui",NA,NA,NA,NA,NA,NA,NA,NA,NA,NA,60,"high","match",FALSE
183,"noticer_all1",1869,27517,"slow","Femme","51 ans et plus","OUI","0.1",32,NA,20,63,NA,NA,NA,NA,NA,NA,NA,NA,"Oui",NA,NA,NA,NA,NA,NA,NA,NA,NA,NA,60,"high","mismatch",TRUE
183,"noticer_all1",1905,2959,"slow","Femme","51 ans et plus","OUI","0.10",29,NA,24,83,NA,NA,NA,NA,NA,NA,NA,NA,"Oui",NA,NA,NA,NA,NA,NA,NA,NA,NA,NA,60,"high","mismatch",TRUE
183,"noticer_all1",1909,3866,"slow","Femme","51 ans et plus","OUI","0.11",31,NA,21,68,NA,NA,NA,NA,NA,NA,NA,NA,"Oui",NA,NA,NA,NA,NA,NA,NA,NA,NA,NA,60,"high","mismatch",TRUE
183,"noticer_all1",1913,3471,"slow","Femme","51 ans et plus","OUI","0.12",27,NA,23,85,NA,NA,NA,NA,NA,NA,NA,NA,"Oui",NA,NA,NA,NA,NA,NA,NA,NA,NA,NA,60,"high","mismatch",TRUE
183,"noticer_all1",1917,3070,"slow","Femme","51 ans et plus","OUI","0.13",26,NA,32,77,NA,NA,NA,NA,NA,NA,NA,NA,"Oui",NA,NA,NA,NA,NA,NA,NA,NA,NA,NA,60,"high","mismatch",TRUE
183,"noticer_all1",1921,3514,"slow","Femme","51 ans et plus","OUI","0.14",31,NA,24,77,NA,NA,NA,NA,NA,NA,NA,NA,"Oui",NA,NA,NA,NA,NA,NA,NA,NA,NA,NA,60,"high","mismatch",TRUE
183,"noticer_all1",1925,2773,"slow","Femme","51 ans et plus","OUI","0.15",27,NA,22,81,NA,NA,NA,NA,NA,NA,NA,NA,"Oui",NA,NA,NA,NA,NA,NA,NA,NA,NA,NA,60,"high","mismatch",TRUE
183,"noticer_all1",1929,3136,"slow","Femme","51 ans et plus","OUI","0.16",27,NA,24,89,NA,NA,NA,NA,NA,NA,NA,NA,"Oui",NA,NA,NA,NA,NA,NA,NA,NA,NA,NA,60,"high","mismatch",TRUE
183,"noticer_all1",1873,5249,"slow","Femme","51 ans et plus","OUI","0.2",27,NA,23,85,NA,NA,NA,NA,NA,NA,NA,NA,"Oui",NA,NA,NA,NA,NA,NA,NA,NA,NA,NA,60,"high","mismatch",TRUE
183,"noticer_all1",1877,3198,"slow","Femme","51 ans et plus","OUI","0.3",30,NA,21,70,NA,NA,NA,NA,NA,NA,NA,NA,"Oui",NA,NA,NA,NA,NA,NA,NA,NA,NA,NA,60,"high","mismatch",TRUE
183,"noticer_all1",1881,3733,"slow","Femme","51 ans et plus","OUI","0.4",32,NA,21,66,NA,NA,NA,NA,NA,NA,NA,NA,"Oui",NA,NA,NA,NA,NA,NA,NA,NA,NA,NA,60,"high","mismatch",TRUE
183,"noticer_all1",1885,6444,"slow","Femme","51 ans et plus","OUI","0.5",28,NA,18,64,NA,NA,NA,NA,NA,NA,NA,NA,"Oui",NA,NA,NA,NA,NA,NA,NA,NA,NA,NA,60,"high","mismatch",TRUE
183,"noticer_all1",1889,4177,"slow","Femme","51 ans et plus","OUI","0.6",28,NA,21,75,NA,NA,NA,NA,NA,NA,NA,NA,"Oui",NA,NA,NA,NA,NA,NA,NA,NA,NA,NA,60,"high","mismatch",TRUE
183,"noticer_all1",1893,3665,"slow","Femme","51 ans et plus","OUI","0.7",30,NA,22,73,NA,NA,NA,NA,NA,NA,NA,NA,"Oui",NA,NA,NA,NA,NA,NA,NA,NA,NA,NA,60,"high","mismatch",TRUE
183,"noticer_all1",1897,2112,"slow","Femme","51 ans et plus","OUI","0.8",32,NA,23,72,NA,NA,NA,NA,NA,NA,NA,NA,"Oui",NA,NA,NA,NA,NA,NA,NA,NA,NA,NA,60,"high","mismatch",TRUE
183,"noticer_all1",1901,3145,"slow","Femme","51 ans et plus","OUI","0.9",31,NA,23,74,NA,NA,NA,NA,NA,NA,NA,NA,"Oui",NA,NA,NA,NA,NA,NA,NA,NA,NA,NA,60,"high","mismatch",TRUE
183,"noticer_all1",1932,7017,"slow","Femme","51 ans et plus","NON","1",NA,NA,36,NA,18,45,NA,NA,NA,NA,NA,NA,"Oui",0.8,NA,NA,NA,NA,NA,NA,NA,NA,NA,60,"high","mismatch",TRUE
183,"noticer_all1",1935,5081,"slow","Femme","51 ans et plus","NON","2",NA,NA,33,NA,17,44,NA,NA,NA,NA,NA,NA,"Oui",0.75,NA,NA,NA,NA,NA,NA,NA,NA,NA,60,"high","mismatch",TRUE
183,"noticer_all1",1938,4169,"slow","Femme","51 ans et plus","NON","3",NA,NA,35,NA,17,43,1,"OUI","right_to_left",100,"fast",93,"Oui",0.813953488372093,"OUI","OUI","OUI",NA,NA,NA,NA,NA,NA,60,"high","mismatch",TRUE
183,"noticer_all1",1946,2180,"slow","Femme","51 ans et plus","NON","4",NA,NA,32,NA,18,43,NA,"OUI","right_to_left",100,"slow",91,"Oui",0.744186046511628,NA,NA,NA,NA,NA,NA,NA,NA,NA,60,"high","mismatch",TRUE
183,"noticer_all1",1955,7913,"slow","Femme","51 ans et plus","NON","5",NA,NA,NA,NA,19,43,NA,"OUI","right_to_left",100,"slow",56,"Oui",NA,NA,NA,NA,NA,NA,NA,NA,NA,NA,60,"high","mismatch",TRUE
184,"noticer_all1",1973,5486,"fast","Femme","51 ans et plus","OUI","0.1",31,NA,18,58,NA,NA,NA,NA,NA,NA,NA,NA,"Non",NA,NA,NA,NA,NA,NA,NA,NA,NA,NA,60,"high","match",FALSE
184,"noticer_all1",1977,4675,"fast","Femme","51 ans et plus","OUI","0.2",29,NA,24,83,NA,NA,NA,NA,NA,NA,NA,NA,"Non",NA,NA,NA,NA,NA,NA,NA,NA,NA,NA,60,"high","match",FALSE
184,"noticer_all1",1981,5976,"fast","Femme","51 ans et plus","OUI","0.3",30,NA,26,87,NA,NA,NA,NA,NA,NA,NA,NA,"Non",NA,NA,NA,NA,NA,NA,NA,NA,NA,NA,60,"high","match",FALSE
184,"noticer_all1",1984,1928,"fast","Femme","51 ans et plus","NON","1",NA,NA,32,NA,18,44,NA,NA,NA,NA,NA,NA,"Non",0.727272727272727,NA,NA,NA,NA,NA,NA,NA,NA,NA,60,"high","match",FALSE
184,"noticer_all1",1987,5668,"fast","Femme","51 ans et plus","NON","2",NA,NA,41,NA,19,47,NA,NA,NA,NA,NA,NA,"Non",0.872340425531915,NA,NA,NA,NA,NA,NA,NA,NA,NA,60,"high","match",FALSE
184,"noticer_all1",1990,5801,"fast","Femme","51 ans et plus","NON","3",NA,NA,30,NA,19,37,1,"OUI","right_to_left",79,"fast",83,"Non",0.810810810810811,"OUI","OUI","OUI",NA,NA,NA,NA,NA,NA,60,"high","match",FALSE
184,"noticer_all1",1998,8984,"fast","Femme","51 ans et plus","NON","4",NA,NA,40,NA,17,43,NA,"OUI","diagonal",72,"fast",77,"Non",0.930232558139535,NA,NA,NA,NA,NA,NA,NA,NA,NA,60,"high","match",FALSE
184,"noticer_all1",2007,19613,"fast","Femme","51 ans et plus","NON","5",NA,NA,NA,NA,19,43,NA,"OUI","vertical",50,"fast",57,"Non",NA,NA,NA,NA,NA,NA,NA,NA,NA,NA,60,"high","match",FALSE
185,"noticer_all2",2025,3829,"slow","Femme","18-25 ans","OUI","0.1",30,NA,23,77,NA,NA,NA,NA,NA,NA,NA,NA,"Non",NA,NA,NA,NA,NA,NA,NA,NA,NA,NA,60,"high","mismatch",TRUE
185,"noticer_all2",2029,6493,"slow","Femme","18-25 ans","OUI","0.2",28,NA,26,93,NA,NA,NA,NA,NA,NA,NA,NA,"Non",NA,NA,NA,NA,NA,NA,NA,NA,NA,NA,60,"high","mismatch",TRUE
185,"noticer_all2",2033,3411,"slow","Femme","18-25 ans","OUI","0.3",29,NA,26,90,NA,NA,NA,NA,NA,NA,NA,NA,"Non",NA,NA,NA,NA,NA,NA,NA,NA,NA,NA,60,"high","mismatch",TRUE
185,"noticer_all2",2036,1730,"slow","Femme","18-25 ans","NON","1",NA,NA,40,NA,18,48,NA,NA,NA,NA,NA,NA,"Non",0.833333333333333,NA,NA,NA,NA,NA,NA,NA,NA,NA,60,"high","mismatch",TRUE
185,"noticer_all2",2039,7759,"slow","Femme","18-25 ans","NON","2",NA,NA,45,NA,18,49,NA,NA,NA,NA,NA,NA,"Non",0.918367346938776,NA,NA,NA,NA,NA,NA,NA,NA,NA,60,"high","mismatch",TRUE
185,"noticer_all2",2042,4324,"slow","Femme","18-25 ans","NON","3",NA,NA,48,NA,19,46,1,"NON",NA,NA,NA,NA,"Non",0.956521739130435,"NON","NON","NON",NA,NA,NA,NA,NA,NA,60,"high","mismatch",TRUE
185,"noticer_all2",2046,2223,"slow","Femme","18-25 ans","NON","3",NA,NA,35,NA,19,43,2,"OUI","right_to_left",0,"fast",100,"Non",0.813953488372093,NA,NA,NA,"OUI","OUI","OUI",NA,NA,NA,60,"high","mismatch",TRUE
185,"noticer_all2",2054,1510,"slow","Femme","18-25 ans","NON","4",NA,NA,39,NA,20,47,NA,"NON","right_to_left",0,"fast",0,"Non",0.829787234042553,NA,NA,NA,NA,NA,NA,NA,NA,NA,60,"high","mismatch",TRUE
185,"noticer_all2",2063,9105,"slow","Femme","18-25 ans","NON","5",NA,NA,NA,NA,18,40,NA,"OUI","right_to_left",100,"slow",100,"Non",NA,NA,NA,NA,NA,NA,NA,NA,NA,NA,60,"high","mismatch",TRUE
186,"NO",2081,23147,"slow","Femme","18-25 ans","OUI","0.1",28,NA,19,68,NA,NA,NA,NA,NA,NA,NA,NA,"Oui",NA,NA,NA,NA,NA,NA,NA,NA,NA,NA,60,"high","mismatch",FALSE
186,"NO",2117,11155,"slow","Femme","18-25 ans","OUI","0.10",29,NA,24,83,NA,NA,NA,NA,NA,NA,NA,NA,"Oui",NA,NA,NA,NA,NA,NA,NA,NA,NA,NA,60,"high","mismatch",FALSE
186,"NO",2121,7982,"slow","Femme","18-25 ans","OUI","0.11",32,NA,27,84,NA,NA,NA,NA,NA,NA,NA,NA,"Oui",NA,NA,NA,NA,NA,NA,NA,NA,NA,NA,60,"high","mismatch",FALSE
186,"NO",2085,4181,"slow","Femme","18-25 ans","OUI","0.2",28,NA,21,75,NA,NA,NA,NA,NA,NA,NA,NA,"Oui",NA,NA,NA,NA,NA,NA,NA,NA,NA,NA,60,"high","mismatch",FALSE
186,"NO",2089,4505,"slow","Femme","18-25 ans","OUI","0.3",32,NA,23,72,NA,NA,NA,NA,NA,NA,NA,NA,"Oui",NA,NA,NA,NA,NA,NA,NA,NA,NA,NA,60,"high","mismatch",FALSE
186,"NO",2093,7047,"slow","Femme","18-25 ans","OUI","0.4",27,NA,19,70,NA,NA,NA,NA,NA,NA,NA,NA,"Oui",NA,NA,NA,NA,NA,NA,NA,NA,NA,NA,60,"high","mismatch",FALSE
186,"NO",2097,4622,"slow","Femme","18-25 ans","OUI","0.5",29,NA,22,76,NA,NA,NA,NA,NA,NA,NA,NA,"Oui",NA,NA,NA,NA,NA,NA,NA,NA,NA,NA,60,"high","mismatch",FALSE
186,"NO",2101,5560,"slow","Femme","18-25 ans","OUI","0.6",28,NA,22,79,NA,NA,NA,NA,NA,NA,NA,NA,"Oui",NA,NA,NA,NA,NA,NA,NA,NA,NA,NA,60,"high","mismatch",FALSE
186,"NO",2105,6563,"slow","Femme","18-25 ans","OUI","0.7",28,NA,21,75,NA,NA,NA,NA,NA,NA,NA,NA,"Oui",NA,NA,NA,NA,NA,NA,NA,NA,NA,NA,60,"high","mismatch",FALSE
186,"NO",2109,5079,"slow","Femme","18-25 ans","OUI","0.8",34,NA,27,79,NA,NA,NA,NA,NA,NA,NA,NA,"Oui",NA,NA,NA,NA,NA,NA,NA,NA,NA,NA,60,"high","mismatch",FALSE
186,"NO",2113,5937,"slow","Femme","18-25 ans","OUI","0.9",31,NA,24,77,NA,NA,NA,NA,NA,NA,NA,NA,"Oui",NA,NA,NA,NA,NA,NA,NA,NA,NA,NA,60,"high","mismatch",FALSE
186,"NO",2124,1099,"slow","Femme","18-25 ans","NON","1",NA,NA,35,NA,20,42,NA,NA,NA,NA,NA,NA,"Oui",0.833333333333333,NA,NA,NA,NA,NA,NA,NA,NA,NA,60,"high","mismatch",FALSE
186,"NO",2127,1961,"slow","Femme","18-25 ans","NON","2",NA,NA,30,NA,18,43,NA,NA,NA,NA,NA,NA,"Oui",0.697674418604651,NA,NA,NA,NA,NA,NA,NA,NA,NA,60,"high","mismatch",FALSE
186,"NO",2130,1473,"slow","Femme","18-25 ans","NON","3",NA,NA,35,NA,17,44,1,"NON",NA,NA,NA,NA,"Oui",0.795454545454545,"NON","NON","NON",NA,NA,NA,NA,NA,NA,60,"high","mismatch",FALSE
186,"NO",2134,3467,"slow","Femme","18-25 ans","NON","3",NA,NA,30,NA,19,45,2,"NON",NA,NA,NA,NA,"Oui",0.666666666666667,NA,NA,NA,"NON","NON","NON",NA,NA,NA,60,"high","mismatch",FALSE
186,"NO",2138,1644,"slow","Femme","18-25 ans","NON","3",NA,NA,24,NA,18,47,3,"OUI","diagonal",30,"very_fast",31,"Oui",0.51063829787234,NA,NA,NA,NA,NA,NA,"NON","NON","NON",60,"high","mismatch",FALSE
186,"NO",2146,2649,"slow","Femme","18-25 ans","NON","4",NA,NA,27,NA,16,48,NA,"NON","diagonal",26,"very_fast",56,"Oui",0.5625,NA,NA,NA,NA,NA,NA,NA,NA,NA,60,"high","mismatch",FALSE
186,"NO",2155,1970,"slow","Femme","18-25 ans","NON","5",NA,NA,NA,NA,18,45,NA,"OUI","right_to_left",100,"very_fast",31,"Oui",NA,NA,NA,NA,NA,NA,NA,NA,NA,NA,60,"high","mismatch",FALSE
187,"noticer_mov1",2173,3384,"slow","Femme","18-25 ans","OUI","0.1",31,NA,25,81,NA,NA,NA,NA,NA,NA,NA,NA,"Non",NA,NA,NA,NA,NA,NA,NA,NA,NA,NA,60,"high","mismatch",TRUE
187,"noticer_mov1",2177,7308,"slow","Femme","18-25 ans","OUI","0.2",32,NA,23,72,NA,NA,NA,NA,NA,NA,NA,NA,"Non",NA,NA,NA,NA,NA,NA,NA,NA,NA,NA,60,"high","mismatch",TRUE
187,"noticer_mov1",2181,3829,"slow","Femme","18-25 ans","OUI","0.3",28,NA,28,100,NA,NA,NA,NA,NA,NA,NA,NA,"Non",NA,NA,NA,NA,NA,NA,NA,NA,NA,NA,60,"high","mismatch",TRUE
187,"noticer_mov1",2185,2236,"slow","Femme","18-25 ans","OUI","0.4",33,NA,33,100,NA,NA,NA,NA,NA,NA,NA,NA,"Non",NA,NA,NA,NA,NA,NA,NA,NA,NA,NA,60,"high","mismatch",TRUE
187,"noticer_mov1",2188,1164,"slow","Femme","18-25 ans","NON","1",NA,NA,40,NA,16,42,NA,NA,NA,NA,NA,NA,"Non",0.952380952380952,NA,NA,NA,NA,NA,NA,NA,NA,NA,60,"high","mismatch",TRUE
187,"noticer_mov1",2191,2997,"slow","Femme","18-25 ans","NON","2",NA,NA,39,NA,19,43,NA,NA,NA,NA,NA,NA,"Non",0.906976744186047,NA,NA,NA,NA,NA,NA,NA,NA,NA,60,"high","mismatch",TRUE
187,"noticer_mov1",2194,2057,"slow","Femme","18-25 ans","NON","3",NA,NA,35,NA,17,43,1,"OUI","right_to_left",0,"slow",18,"Non",0.813953488372093,"OUI","NON","NON",NA,NA,NA,NA,NA,NA,60,"high","mismatch",TRUE
187,"noticer_mov1",2202,1669,"slow","Femme","18-25 ans","NON","4",NA,NA,46,NA,19,50,NA,"NON","diagonal",100,"very_fast",100,"Non",0.92,NA,NA,NA,NA,NA,NA,NA,NA,NA,60,"high","mismatch",TRUE
187,"noticer_mov1",2211,4751,"slow","Femme","18-25 ans","NON","5",NA,NA,NA,NA,17,47,NA,"OUI","right_to_left",100,"slow",100,"Non",NA,NA,NA,NA,NA,NA,NA,NA,NA,NA,60,"high","mismatch",TRUE
188,"noticer_all1",2229,9298,"fast","Femme","51 ans et plus","OUI","0.1",29,NA,24,83,NA,NA,NA,NA,NA,NA,NA,NA,"Non",NA,NA,NA,NA,NA,NA,NA,NA,NA,NA,60,"high","match",FALSE
188,"noticer_all1",2233,4740,"fast","Femme","51 ans et plus","OUI","0.2",30,NA,19,63,NA,NA,NA,NA,NA,NA,NA,NA,"Non",NA,NA,NA,NA,NA,NA,NA,NA,NA,NA,60,"high","match",FALSE
188,"noticer_all1",2237,5007,"fast","Femme","51 ans et plus","OUI","0.3",28,NA,21,75,NA,NA,NA,NA,NA,NA,NA,NA,"Non",NA,NA,NA,NA,NA,NA,NA,NA,NA,NA,60,"high","match",FALSE
188,"noticer_all1",2241,4790,"fast","Femme","51 ans et plus","OUI","0.4",31,NA,25,81,NA,NA,NA,NA,NA,NA,NA,NA,"Non",NA,NA,NA,NA,NA,NA,NA,NA,NA,NA,60,"high","match",FALSE
188,"noticer_all1",2245,4440,"fast","Femme","51 ans et plus","OUI","0.5",28,NA,21,75,NA,NA,NA,NA,NA,NA,NA,NA,"Non",NA,NA,NA,NA,NA,NA,NA,NA,NA,NA,60,"high","match",FALSE
188,"noticer_all1",2249,5708,"fast","Femme","51 ans et plus","OUI","0.6",29,NA,19,66,NA,NA,NA,NA,NA,NA,NA,NA,"Non",NA,NA,NA,NA,NA,NA,NA,NA,NA,NA,60,"high","match",FALSE
188,"noticer_all1",2253,4759,"fast","Femme","51 ans et plus","OUI","0.7",31,NA,26,84,NA,NA,NA,NA,NA,NA,NA,NA,"Non",NA,NA,NA,NA,NA,NA,NA,NA,NA,NA,60,"high","match",FALSE
188,"noticer_all1",2257,4374,"fast","Femme","51 ans et plus","OUI","0.8",30,NA,29,97,NA,NA,NA,NA,NA,NA,NA,NA,"Non",NA,NA,NA,NA,NA,NA,NA,NA,NA,NA,60,"high","match",FALSE
188,"noticer_all1",2260,1182,"fast","Femme","51 ans et plus","NON","1",NA,NA,33,NA,20,40,NA,NA,NA,NA,NA,NA,"Non",0.825,NA,NA,NA,NA,NA,NA,NA,NA,NA,60,"high","match",FALSE
188,"noticer_all1",2263,4465,"fast","Femme","51 ans et plus","NON","2",NA,NA,40,NA,20,47,NA,NA,NA,NA,NA,NA,"Non",0.851063829787234,NA,NA,NA,NA,NA,NA,NA,NA,NA,60,"high","match",FALSE
188,"noticer_all1",2266,1150,"fast","Femme","51 ans et plus","NON","3",NA,NA,41,NA,18,45,1,"OUI","right_to_left",42,"fast",41,"Non",0.911111111111111,"OUI","OUI","OUI",NA,NA,NA,NA,NA,NA,60,"high","match",FALSE
188,"noticer_all1",2274,1681,"fast","Femme","51 ans et plus","NON","4",NA,NA,36,NA,16,46,NA,"OUI","right_to_left",46,"slow",45,"Non",0.782608695652174,NA,NA,NA,NA,NA,NA,NA,NA,NA,60,"high","match",FALSE
188,"noticer_all1",2283,2482,"fast","Femme","51 ans et plus","NON","5",NA,NA,NA,NA,19,47,NA,"OUI","vertical",36,"fast",34,"Non",NA,NA,NA,NA,NA,NA,NA,NA,NA,NA,60,"high","match",FALSE
189,"noticer_all1",2300,4164,"fast","Homme","Moins de 18 ans","OUI","0.1",32,NA,20,63,NA,NA,NA,NA,NA,NA,NA,NA,"Non",NA,NA,NA,NA,NA,NA,NA,NA,NA,NA,60,"high","match",TRUE
189,"noticer_all1",2304,4191,"fast","Homme","Moins de 18 ans","OUI","0.2",32,NA,29,91,NA,NA,NA,NA,NA,NA,NA,NA,"Non",NA,NA,NA,NA,NA,NA,NA,NA,NA,NA,60,"high","match",TRUE
189,"noticer_all1",2308,3961,"fast","Homme","Moins de 18 ans","OUI","0.3",31,NA,29,94,NA,NA,NA,NA,NA,NA,NA,NA,"Non",NA,NA,NA,NA,NA,NA,NA,NA,NA,NA,60,"high","match",TRUE
189,"noticer_all1",2311,3206,"fast","Homme","Moins de 18 ans","NON","1",NA,NA,40,NA,19,38,NA,NA,NA,NA,NA,NA,"Non",0.947368421052632,NA,NA,NA,NA,NA,NA,NA,NA,NA,60,"high","match",TRUE
189,"noticer_all1",2314,2184,"fast","Homme","Moins de 18 ans","NON","2",NA,NA,37,NA,17,45,NA,NA,NA,NA,NA,NA,"Non",0.822222222222222,NA,NA,NA,NA,NA,NA,NA,NA,NA,60,"high","match",TRUE
189,"noticer_all1",2317,1529,"fast","Homme","Moins de 18 ans","NON","3",NA,NA,34,NA,18,46,1,"OUI","right_to_left",100,"fast",59,"Non",0.739130434782609,"OUI","OUI","OUI",NA,NA,NA,NA,NA,NA,60,"high","match",TRUE
189,"noticer_all1",2325,1274,"fast","Homme","Moins de 18 ans","NON","4",NA,NA,44,NA,18,46,NA,"OUI","right_to_left",100,"very_fast",16,"Non",0.956521739130435,NA,NA,NA,NA,NA,NA,NA,NA,NA,60,"high","match",TRUE
189,"noticer_all1",2334,9184,"fast","Homme","Moins de 18 ans","NON","5",NA,NA,NA,NA,18,44,NA,"OUI","right_to_left",100,"fast",87,"Non",NA,NA,NA,NA,NA,NA,NA,NA,NA,NA,60,"high","match",TRUE
190,"noticer_all2",2351,14314,"fast","Homme","18-25 ans","OUI","0.1",29,NA,17,59,NA,NA,NA,NA,NA,NA,NA,NA,"Non",NA,NA,NA,NA,NA,NA,NA,NA,NA,NA,60,"high","match",TRUE
190,"noticer_all2",2355,4472,"fast","Homme","18-25 ans","OUI","0.2",27,NA,25,93,NA,NA,NA,NA,NA,NA,NA,NA,"Non",NA,NA,NA,NA,NA,NA,NA,NA,NA,NA,60,"high","match",TRUE
190,"noticer_all2",2359,3385,"fast","Homme","18-25 ans","OUI","0.3",28,NA,25,89,NA,NA,NA,NA,NA,NA,NA,NA,"Non",NA,NA,NA,NA,NA,NA,NA,NA,NA,NA,60,"high","match",TRUE
190,"noticer_all2",2362,1777,"fast","Homme","18-25 ans","NON","1",NA,NA,37,NA,18,43,NA,NA,NA,NA,NA,NA,"Non",0.86046511627907,NA,NA,NA,NA,NA,NA,NA,NA,NA,60,"high","match",TRUE
190,"noticer_all2",2365,3109,"fast","Homme","18-25 ans","NON","2",NA,NA,38,NA,16,48,NA,NA,NA,NA,NA,NA,"Non",0.791666666666667,NA,NA,NA,NA,NA,NA,NA,NA,NA,60,"high","match",TRUE
190,"noticer_all2",2368,2630,"fast","Homme","18-25 ans","NON","3",NA,NA,37,NA,17,45,1,"NON",NA,NA,NA,NA,"Non",0.822222222222222,"NON","NON","NON",NA,NA,NA,NA,NA,NA,60,"high","match",TRUE
190,"noticer_all2",2372,2213,"fast","Homme","18-25 ans","NON","3",NA,NA,23,NA,18,47,2,"OUI","right_to_left",100,"fast",87,"Non",0.48936170212766,NA,NA,NA,"OUI","OUI","OUI",NA,NA,NA,60,"high","match",TRUE
190,"noticer_all2",2380,1829,"fast","Homme","18-25 ans","NON","4",NA,NA,34,NA,19,38,NA,"OUI","right_to_left",100,"fast",72,"Non",0.894736842105263,NA,NA,NA,NA,NA,NA,NA,NA,NA,60,"high","match",TRUE
190,"noticer_all2",2389,6743,"fast","Homme","18-25 ans","NON","5",NA,NA,NA,NA,20,46,NA,"OUI","right_to_left",100,"fast",90,"Non",NA,NA,NA,NA,NA,NA,NA,NA,NA,NA,60,"high","match",TRUE
191,"noticer_speed1",2407,4262,"slow","Homme","26-35 ans","OUI","0.1",30,NA,26,87,NA,NA,NA,NA,NA,NA,NA,NA,"Non",NA,NA,NA,NA,NA,NA,NA,NA,NA,NA,61,"high","mismatch",FALSE
191,"noticer_speed1",2411,4062,"slow","Homme","26-35 ans","OUI","0.2",29,NA,31,93,NA,NA,NA,NA,NA,NA,NA,NA,"Non",NA,NA,NA,NA,NA,NA,NA,NA,NA,NA,61,"high","mismatch",FALSE
191,"noticer_speed1",2414,1736,"slow","Homme","26-35 ans","NON","1",NA,NA,39,NA,18,44,NA,NA,NA,NA,NA,NA,"Non",0.886363636363636,NA,NA,NA,NA,NA,NA,NA,NA,NA,61,"high","mismatch",FALSE
191,"noticer_speed1",2417,7616,"slow","Homme","26-35 ans","NON","2",NA,NA,38,NA,18,49,NA,NA,NA,NA,NA,NA,"Non",0.775510204081633,NA,NA,NA,NA,NA,NA,NA,NA,NA,61,"high","mismatch",FALSE
191,"noticer_speed1",2420,1549,"slow","Homme","26-35 ans","NON","3",NA,NA,40,NA,18,48,1,"OUI","random",22,"fast",73,"Non",0.833333333333333,"NON","OUI","NON",NA,NA,NA,NA,NA,NA,61,"high","mismatch",FALSE
191,"noticer_speed1",2428,1635,"slow","Homme","26-35 ans","NON","4",NA,NA,35,NA,16,45,NA,"OUI","right_to_left",84,"slow",76,"Non",0.777777777777778,NA,NA,NA,NA,NA,NA,NA,NA,NA,61,"high","mismatch",FALSE
191,"noticer_speed1",2437,3644,"slow","Homme","26-35 ans","NON","5",NA,NA,NA,NA,17,44,NA,"OUI","diagonal",25,"fast",36,"Non",NA,NA,NA,NA,NA,NA,NA,NA,NA,NA,61,"high","mismatch",FALSE
192,"noticer_all1",2455,7642,"fast","Femme","18-25 ans","OUI","0.1",30,NA,16,53,NA,NA,NA,NA,NA,NA,NA,NA,"Non",NA,NA,NA,NA,NA,NA,NA,NA,NA,NA,61,"high","match",FALSE
192,"noticer_all1",2459,10242,"fast","Femme","18-25 ans","OUI","0.2",32,NA,19,59,NA,NA,NA,NA,NA,NA,NA,NA,"Non",NA,NA,NA,NA,NA,NA,NA,NA,NA,NA,61,"high","match",FALSE
192,"noticer_all1",2463,4423,"fast","Femme","18-25 ans","OUI","0.3",29,NA,30,97,NA,NA,NA,NA,NA,NA,NA,NA,"Non",NA,NA,NA,NA,NA,NA,NA,NA,NA,NA,61,"high","match",FALSE
192,"noticer_all1",2467,3617,"fast","Femme","18-25 ans","OUI","0.4",29,NA,35,79,NA,NA,NA,NA,NA,NA,NA,NA,"Non",NA,NA,NA,NA,NA,NA,NA,NA,NA,NA,61,"high","match",FALSE
192,"noticer_all1",2471,4337,"fast","Femme","18-25 ans","OUI","0.5",33,NA,25,76,NA,NA,NA,NA,NA,NA,NA,NA,"Non",NA,NA,NA,NA,NA,NA,NA,NA,NA,NA,61,"high","match",FALSE
192,"noticer_all1",2475,7532,"fast","Femme","18-25 ans","OUI","0.6",28,NA,23,82,NA,NA,NA,NA,NA,NA,NA,NA,"Non",NA,NA,NA,NA,NA,NA,NA,NA,NA,NA,61,"high","match",FALSE
192,"noticer_all1",2479,3347,"fast","Femme","18-25 ans","OUI","0.7",31,NA,24,77,NA,NA,NA,NA,NA,NA,NA,NA,"Non",NA,NA,NA,NA,NA,NA,NA,NA,NA,NA,61,"high","match",FALSE
192,"noticer_all1",2483,5973,"fast","Femme","18-25 ans","OUI","0.8",32,NA,29,91,NA,NA,NA,NA,NA,NA,NA,NA,"Non",NA,NA,NA,NA,NA,NA,NA,NA,NA,NA,61,"high","match",FALSE
192,"noticer_all1",2487,3796,"fast","Femme","18-25 ans","OUI","0.9",32,NA,30,94,NA,NA,NA,NA,NA,NA,NA,NA,"Non",NA,NA,NA,NA,NA,NA,NA,NA,NA,NA,61,"high","match",FALSE
192,"noticer_all1",2490,1869,"fast","Femme","18-25 ans","NON","1",NA,NA,36,NA,19,42,NA,NA,NA,NA,NA,NA,"Non",0.857142857142857,NA,NA,NA,NA,NA,NA,NA,NA,NA,61,"high","match",FALSE
192,"noticer_all1",2493,1746,"fast","Femme","18-25 ans","NON","2",NA,NA,37,NA,20,42,NA,NA,NA,NA,NA,NA,"Non",0.880952380952381,NA,NA,NA,NA,NA,NA,NA,NA,NA,61,"high","match",FALSE
192,"noticer_all1",2496,1921,"fast","Femme","18-25 ans","NON","3",NA,NA,39,NA,17,45,1,"OUI","right_to_left",66,"fast",58,"Non",0.866666666666667,"OUI","OUI","OUI",NA,NA,NA,NA,NA,NA,61,"high","match",FALSE
192,"noticer_all1",2504,2587,"fast","Femme","18-25 ans","NON","4",NA,NA,35,NA,17,41,NA,"OUI","right_to_left",82,"fast",61,"Non",0.853658536585366,NA,NA,NA,NA,NA,NA,NA,NA,NA,61,"high","match",FALSE
192,"noticer_all1",2513,4476,"fast","Femme","18-25 ans","NON","5",NA,NA,NA,NA,16,46,NA,"NON","vertical",35,"fast",0,"Non",NA,NA,NA,NA,NA,NA,NA,NA,NA,NA,61,"high","match",FALSE
193,"noticer_mov1",2531,5340,"fast","Homme","18-25 ans","OUI","0.1",32,NA,28,88,NA,NA,NA,NA,NA,NA,NA,NA,"Oui",NA,NA,NA,NA,NA,NA,NA,NA,NA,NA,60,"high","match",FALSE
193,"noticer_mov1",2535,2852,"fast","Homme","18-25 ans","OUI","0.2",25,NA,20,80,NA,NA,NA,NA,NA,NA,NA,NA,"Oui",NA,NA,NA,NA,NA,NA,NA,NA,NA,NA,60,"high","match",FALSE
193,"noticer_mov1",2538,2423,"fast","Homme","18-25 ans","NON","1",NA,NA,38,NA,19,40,NA,NA,NA,NA,NA,NA,"Oui",0.95,NA,NA,NA,NA,NA,NA,NA,NA,NA,60,"high","match",FALSE
193,"noticer_mov1",2541,3367,"fast","Homme","18-25 ans","NON","2",NA,NA,42,NA,19,46,NA,NA,NA,NA,NA,NA,"Oui",0.91304347826087,NA,NA,NA,NA,NA,NA,NA,NA,NA,60,"high","match",FALSE
193,"noticer_mov1",2544,2810,"fast","Homme","18-25 ans","NON","3",NA,NA,33,NA,19,45,1,"OUI","right_to_left",100,"slow",49,"Oui",0.733333333333333,"OUI","NON","NON",NA,NA,NA,NA,NA,NA,60,"high","match",FALSE
193,"noticer_mov1",2552,1129,"fast","Homme","18-25 ans","NON","4",NA,NA,34,NA,19,44,NA,"OUI","right_to_left",100,"very_fast",100,"Oui",0.772727272727273,NA,NA,NA,NA,NA,NA,NA,NA,NA,60,"high","match",FALSE
193,"noticer_mov1",2561,5039,"fast","Homme","18-25 ans","NON","5",NA,NA,NA,NA,17,42,NA,"OUI","right_to_left",100,"very_fast",100,"Oui",NA,NA,NA,NA,NA,NA,NA,NA,NA,NA,60,"high","match",FALSE
194,"NO",2579,27664,"fast","Femme","26-35 ans","OUI","0.1",32,NA,8,25,NA,NA,NA,NA,NA,NA,NA,NA,"Non",NA,NA,NA,NA,NA,NA,NA,NA,NA,NA,60,"high","match",FALSE
194,"NO",2583,10006,"fast","Femme","26-35 ans","OUI","0.2",31,NA,31,100,NA,NA,NA,NA,NA,NA,NA,NA,"Non",NA,NA,NA,NA,NA,NA,NA,NA,NA,NA,60,"high","match",FALSE
194,"NO",2587,20759,"fast","Femme","26-35 ans","OUI","0.3",31,NA,31,100,NA,NA,NA,NA,NA,NA,NA,NA,"Non",NA,NA,NA,NA,NA,NA,NA,NA,NA,NA,60,"high","match",FALSE
194,"NO",2590,2604,"fast","Femme","26-35 ans","NON","1",NA,NA,31,NA,16,46,NA,NA,NA,NA,NA,NA,"Non",0.673913043478261,NA,NA,NA,NA,NA,NA,NA,NA,NA,60,"high","match",FALSE
194,"NO",2593,1705,"fast","Femme","26-35 ans","NON","2",NA,NA,31,NA,19,42,NA,NA,NA,NA,NA,NA,"Non",0.738095238095238,NA,NA,NA,NA,NA,NA,NA,NA,NA,60,"high","match",FALSE
194,"NO",2596,1657,"fast","Femme","26-35 ans","NON","3",NA,NA,20,NA,16,39,1,"NON",NA,NA,NA,NA,"Non",0.512820512820513,"NON","NON","NON",NA,NA,NA,NA,NA,NA,60,"high","match",FALSE
194,"NO",2600,2020,"fast","Femme","26-35 ans","NON","3",NA,NA,32,NA,18,42,2,"OUI","random",50,"very_fast",58,"Non",0.761904761904762,NA,NA,NA,"NON","NON","NON",NA,NA,NA,60,"high","match",FALSE
194,"NO",2608,2073,"fast","Femme","26-35 ans","NON","4",NA,NA,34,NA,20,46,NA,"OUI","right_to_left",85,"fast",85,"Non",0.739130434782609,NA,NA,NA,NA,NA,NA,NA,NA,NA,60,"high","match",FALSE
194,"NO",2617,6387,"fast","Femme","26-35 ans","NON","5",NA,NA,NA,NA,18,39,NA,"OUI","right_to_left",83,"very_fast",87,"Non",NA,NA,NA,NA,NA,NA,NA,NA,NA,NA,60,"high","match",FALSE
195,"NO",2634,7444,"slow","Femme","18-25 ans","OUI","0.1",31,NA,24,77,NA,NA,NA,NA,NA,NA,NA,NA,"Oui",NA,NA,NA,NA,NA,NA,NA,NA,NA,NA,61,"high","mismatch",TRUE
195,"NO",2638,11240,"slow","Femme","18-25 ans","OUI","0.2",31,NA,28,90,NA,NA,NA,NA,NA,NA,NA,NA,"Oui",NA,NA,NA,NA,NA,NA,NA,NA,NA,NA,61,"high","mismatch",TRUE
195,"NO",2642,7512,"slow","Femme","18-25 ans","OUI","0.3",28,NA,29,96,NA,NA,NA,NA,NA,NA,NA,NA,"Oui",NA,NA,NA,NA,NA,NA,NA,NA,NA,NA,61,"high","mismatch",TRUE
195,"NO",2645,2192,"slow","Femme","18-25 ans","NON","1",NA,NA,30,NA,20,35,NA,NA,NA,NA,NA,NA,"Oui",0.857142857142857,NA,NA,NA,NA,NA,NA,NA,NA,NA,61,"high","mismatch",TRUE
195,"NO",2648,1872,"slow","Femme","18-25 ans","NON","2",NA,NA,31,NA,19,48,NA,NA,NA,NA,NA,NA,"Oui",0.645833333333333,NA,NA,NA,NA,NA,NA,NA,NA,NA,61,"high","mismatch",TRUE
195,"NO",2651,5099,"slow","Femme","18-25 ans","NON","3",NA,NA,38,NA,17,46,1,"OUI","diagonal",38,"very_fast",89,"Oui",0.826086956521739,"NON","NON","NON",NA,NA,NA,NA,NA,NA,61,"high","mismatch",TRUE
195,"NO",2659,9565,"slow","Femme","18-25 ans","NON","4",NA,NA,36,NA,19,45,NA,"NON","random",1,"slow",3,"Oui",0.8,NA,NA,NA,NA,NA,NA,NA,NA,NA,61,"high","mismatch",TRUE
195,"NO",2668,11603,"slow","Femme","18-25 ans","NON","5",NA,NA,NA,NA,18,46,NA,"OUI","right_to_left",94,"slow",66,"Oui",NA,NA,NA,NA,NA,NA,NA,NA,NA,NA,61,"high","mismatch",TRUE
196,"noticer_all3",2686,3887,"slow","Homme","18-25 ans","OUI","0.1",27,NA,25,93,NA,NA,NA,NA,NA,NA,NA,NA,"Non",NA,NA,NA,NA,NA,NA,NA,NA,NA,NA,60,"high","mismatch",FALSE
196,"noticer_all3",2690,4225,"slow","Homme","18-25 ans","OUI","0.2",31,NA,27,87,NA,NA,NA,NA,NA,NA,NA,NA,"Non",NA,NA,NA,NA,NA,NA,NA,NA,NA,NA,60,"high","mismatch",FALSE
196,"noticer_all3",2693,1737,"slow","Homme","18-25 ans","NON","1",NA,NA,34,NA,17,43,NA,NA,NA,NA,NA,NA,"Non",0.790697674418605,NA,NA,NA,NA,NA,NA,NA,NA,NA,60,"high","mismatch",FALSE
196,"noticer_all3",2696,1741,"slow","Homme","18-25 ans","NON","2",NA,NA,42,NA,18,45,NA,NA,NA,NA,NA,NA,"Non",0.933333333333333,NA,NA,NA,NA,NA,NA,NA,NA,NA,60,"high","mismatch",FALSE
196,"noticer_all3",2699,2783,"slow","Homme","18-25 ans","NON","3",NA,NA,40,NA,18,44,1,"NON",NA,NA,NA,NA,"Non",0.909090909090909,"NON","NON","NON",NA,NA,NA,NA,NA,NA,60,"high","mismatch",FALSE
196,"noticer_all3",2703,25636,"slow","Homme","18-25 ans","NON","3",NA,NA,39,NA,19,45,2,"NON",NA,NA,NA,NA,"Non",0.866666666666667,NA,NA,NA,"NON","NON","NON",NA,NA,NA,60,"high","mismatch",FALSE
196,"noticer_all3",2707,8858,"slow","Homme","18-25 ans","NON","3",NA,NA,35,NA,19,45,3,"OUI","right_to_left",27,"fast",100,"Non",0.777777777777778,NA,NA,NA,NA,NA,NA,"OUI","OUI","OUI",60,"high","mismatch",FALSE
196,"noticer_all3",2715,6897,"slow","Homme","18-25 ans","NON","4",NA,NA,36,NA,19,44,NA,"OUI","right_to_left",100,"fast",100,"Non",0.818181818181818,NA,NA,NA,NA,NA,NA,NA,NA,NA,60,"high","mismatch",FALSE
196,"noticer_all3",2724,5643,"slow","Homme","18-25 ans","NON","5",NA,NA,NA,NA,17,47,NA,"OUI","random",100,"fast",100,"Non",NA,NA,NA,NA,NA,NA,NA,NA,NA,NA,60,"high","mismatch",FALSE
197,"noticer_all1",2742,21938,"slow","Femme","Moins de 18 ans","OUI","0.1",27,NA,8,30,NA,NA,NA,NA,NA,NA,NA,NA,"Non",NA,NA,NA,NA,NA,NA,NA,NA,NA,NA,60,"high","mismatch",TRUE
197,"noticer_all1",2746,6040,"slow","Femme","Moins de 18 ans","OUI","0.2",30,NA,18,60,NA,NA,NA,NA,NA,NA,NA,NA,"Non",NA,NA,NA,NA,NA,NA,NA,NA,NA,NA,60,"high","mismatch",TRUE
197,"noticer_all1",2750,7331,"slow","Femme","Moins de 18 ans","OUI","0.3",32,NA,23,72,NA,NA,NA,NA,NA,NA,NA,NA,"Non",NA,NA,NA,NA,NA,NA,NA,NA,NA,NA,60,"high","mismatch",TRUE
197,"noticer_all1",2754,25379,"slow","Femme","Moins de 18 ans","OUI","0.4",26,NA,26,100,NA,NA,NA,NA,NA,NA,NA,NA,"Non",NA,NA,NA,NA,NA,NA,NA,NA,NA,NA,60,"high","mismatch",TRUE
197,"noticer_all1",2758,7505,"slow","Femme","Moins de 18 ans","OUI","0.5",30,NA,24,80,NA,NA,NA,NA,NA,NA,NA,NA,"Non",NA,NA,NA,NA,NA,NA,NA,NA,NA,NA,60,"high","mismatch",TRUE
197,"noticer_all1",2761,1836,"slow","Femme","Moins de 18 ans","NON","1",NA,NA,34,NA,16,45,NA,NA,NA,NA,NA,NA,"Non",0.755555555555556,NA,NA,NA,NA,NA,NA,NA,NA,NA,60,"high","mismatch",TRUE
197,"noticer_all1",2764,10390,"slow","Femme","Moins de 18 ans","NON","2",NA,NA,36,NA,19,46,NA,NA,NA,NA,NA,NA,"Non",0.782608695652174,NA,NA,NA,NA,NA,NA,NA,NA,NA,60,"high","mismatch",TRUE
197,"noticer_all1",2767,2070,"slow","Femme","Moins de 18 ans","NON","3",NA,NA,34,NA,16,41,1,"OUI","right_to_left",39,"fast",25,"Non",0.829268292682927,"OUI","OUI","OUI",NA,NA,NA,NA,NA,NA,60,"high","mismatch",TRUE
197,"noticer_all1",2775,6396,"slow","Femme","Moins de 18 ans","NON","4",NA,NA,41,NA,20,47,NA,"OUI","right_to_left",75,"slow",47,"Non",0.872340425531915,NA,NA,NA,NA,NA,NA,NA,NA,NA,60,"high","mismatch",TRUE
197,"noticer_all1",2784,4879,"slow","Femme","Moins de 18 ans","NON","5",NA,NA,NA,NA,19,45,NA,"OUI","right_to_left",100,"slow",69,"Non",NA,NA,NA,NA,NA,NA,NA,NA,NA,NA,60,"high","mismatch",TRUE
198,"noticer_all2",2801,11714,"fast","Homme","18-25 ans","OUI","0.1",29,NA,23,79,NA,NA,NA,NA,NA,NA,NA,NA,"Non",NA,NA,NA,NA,NA,NA,NA,NA,NA,NA,60,"high","match",TRUE
198,"noticer_all2",2805,3205,"fast","Homme","18-25 ans","OUI","0.2",31,NA,31,100,NA,NA,NA,NA,NA,NA,NA,NA,"Non",NA,NA,NA,NA,NA,NA,NA,NA,NA,NA,60,"high","match",TRUE
198,"noticer_all2",2809,3803,"fast","Homme","18-25 ans","OUI","0.3",29,NA,28,97,NA,NA,NA,NA,NA,NA,NA,NA,"Non",NA,NA,NA,NA,NA,NA,NA,NA,NA,NA,60,"high","match",TRUE
198,"noticer_all2",2812,1329,"fast","Homme","18-25 ans","NON","1",NA,NA,44,NA,17,45,NA,NA,NA,NA,NA,NA,"Non",0.977777777777778,NA,NA,NA,NA,NA,NA,NA,NA,NA,60,"high","match",TRUE
198,"noticer_all2",2815,2276,"fast","Homme","18-25 ans","NON","2",NA,NA,45,NA,19,43,NA,NA,NA,NA,NA,NA,"Non",0.953488372093023,NA,NA,NA,NA,NA,NA,NA,NA,NA,60,"high","match",TRUE
198,"noticer_all2",2818,3196,"fast","Homme","18-25 ans","NON","3",NA,NA,43,NA,19,46,1,"NON",NA,NA,NA,NA,"Non",0.934782608695652,"NON","NON","NON",NA,NA,NA,NA,NA,NA,60,"high","match",TRUE
198,"noticer_all2",2822,2912,"fast","Homme","18-25 ans","NON","3",NA,NA,34,NA,19,39,2,"OUI","right_to_left",100,"fast",100,"Non",0.871794871794872,NA,NA,NA,"OUI","OUI","OUI",NA,NA,NA,60,"high","match",TRUE
198,"noticer_all2",2830,1868,"fast","Homme","18-25 ans","NON","4",NA,NA,41,NA,19,47,NA,"OUI","right_to_left",100,"fast",100,"Non",0.872340425531915,NA,NA,NA,NA,NA,NA,NA,NA,NA,60,"high","match",TRUE
198,"noticer_all2",2839,4233,"fast","Homme","18-25 ans","NON","5",NA,NA,NA,NA,19,41,NA,"OUI","right_to_left",100,"fast",100,"Non",NA,NA,NA,NA,NA,NA,NA,NA,NA,NA,60,"high","match",TRUE
199,"noticer_all2",2857,7526,"slow","Femme","18-25 ans","OUI","0.1",31,NA,7,23,NA,NA,NA,NA,NA,NA,NA,NA,"Non",NA,NA,NA,NA,NA,NA,NA,NA,NA,NA,60,"high","mismatch",FALSE
199,"noticer_all2",2861,2524,"slow","Femme","18-25 ans","OUI","0.2",29,NA,22,76,NA,NA,NA,NA,NA,NA,NA,NA,"Non",NA,NA,NA,NA,NA,NA,NA,NA,NA,NA,60,"high","mismatch",FALSE
199,"noticer_all2",2865,3240,"slow","Femme","18-25 ans","OUI","0.3",30,NA,26,87,NA,NA,NA,NA,NA,NA,NA,NA,"Non",NA,NA,NA,NA,NA,NA,NA,NA,NA,NA,60,"high","mismatch",FALSE
199,"noticer_all2",2869,3674,"slow","Femme","18-25 ans","OUI","0.4",31,NA,25,81,NA,NA,NA,NA,NA,NA,NA,NA,"Non",NA,NA,NA,NA,NA,NA,NA,NA,NA,NA,60,"high","mismatch",FALSE
199,"noticer_all2",2872,1498,"slow","Femme","18-25 ans","NON","1",NA,NA,38,NA,16,48,NA,NA,NA,NA,NA,NA,"Non",0.791666666666667,NA,NA,NA,NA,NA,NA,NA,NA,NA,60,"high","mismatch",FALSE
199,"noticer_all2",2875,4489,"slow","Femme","18-25 ans","NON","2",NA,NA,36,NA,15,45,NA,NA,NA,NA,NA,NA,"Non",0.8,NA,NA,NA,NA,NA,NA,NA,NA,NA,60,"high","mismatch",FALSE
199,"noticer_all2",2878,3081,"slow","Femme","18-25 ans","NON","3",NA,NA,34,NA,17,45,1,"NON",NA,NA,NA,NA,"Non",0.755555555555556,"NON","NON","NON",NA,NA,NA,NA,NA,NA,60,"high","mismatch",FALSE
199,"noticer_all2",2882,1446,"slow","Femme","18-25 ans","NON","3",NA,NA,31,NA,17,41,2,"OUI","right_to_left",44,"fast",56,"Non",0.75609756097561,NA,NA,NA,"OUI","OUI","OUI",NA,NA,NA,60,"high","mismatch",FALSE
199,"noticer_all2",2890,1515,"slow","Femme","18-25 ans","NON","4",NA,NA,39,NA,18,49,NA,"OUI","vertical",86,"fast",69,"Non",0.795918367346939,NA,NA,NA,NA,NA,NA,NA,NA,NA,60,"high","mismatch",FALSE
199,"noticer_all2",2899,1980,"slow","Femme","18-25 ans","NON","5",NA,NA,NA,NA,17,45,NA,"NON","random",10,"slow",10,"Non",NA,NA,NA,NA,NA,NA,NA,NA,NA,NA,60,"high","mismatch",FALSE
200,"noticer_mov2",2917,21786,"slow","Femme","18-25 ans","OUI","0.1",30,NA,10,33,NA,NA,NA,NA,NA,NA,NA,NA,"Non",NA,NA,NA,NA,NA,NA,NA,NA,NA,NA,61,"high","mismatch",TRUE
200,"noticer_mov2",2921,8790,"slow","Femme","18-25 ans","OUI","0.2",27,NA,23,85,NA,NA,NA,NA,NA,NA,NA,NA,"Non",NA,NA,NA,NA,NA,NA,NA,NA,NA,NA,61,"high","mismatch",TRUE
200,"noticer_mov2",2925,6856,"slow","Femme","18-25 ans","OUI","0.3",31,NA,28,90,NA,NA,NA,NA,NA,NA,NA,NA,"Non",NA,NA,NA,NA,NA,NA,NA,NA,NA,NA,61,"high","mismatch",TRUE
200,"noticer_mov2",2928,1400,"slow","Femme","18-25 ans","NON","1",NA,NA,32,NA,19,44,NA,NA,NA,NA,NA,NA,"Non",0.727272727272727,NA,NA,NA,NA,NA,NA,NA,NA,NA,61,"high","mismatch",TRUE
200,"noticer_mov2",2931,1531,"slow","Femme","18-25 ans","NON","2",NA,NA,35,NA,17,42,NA,NA,NA,NA,NA,NA,"Non",0.833333333333333,NA,NA,NA,NA,NA,NA,NA,NA,NA,61,"high","mismatch",TRUE
200,"noticer_mov2",2934,2732,"slow","Femme","18-25 ans","NON","3",NA,NA,28,NA,19,39,1,"NON",NA,NA,NA,NA,"Non",0.717948717948718,"NON","NON","NON",NA,NA,NA,NA,NA,NA,61,"high","mismatch",TRUE
200,"noticer_mov2",2938,1478,"slow","Femme","18-25 ans","NON","3",NA,NA,25,NA,20,46,2,"OUI","right_to_left",98,"very_slow",61,"Non",0.543478260869565,NA,NA,NA,"OUI","NON","NON",NA,NA,NA,61,"high","mismatch",TRUE
200,"noticer_mov2",2946,1832,"slow","Femme","18-25 ans","NON","4",NA,NA,28,NA,20,47,NA,"NON","diagonal",22,"very_fast",26,"Non",0.595744680851064,NA,NA,NA,NA,NA,NA,NA,NA,NA,61,"high","mismatch",TRUE
200,"noticer_mov2",2955,4583,"slow","Femme","18-25 ans","NON","5",NA,NA,NA,NA,20,39,NA,"OUI","right_to_left",100,"slow",61,"Non",NA,NA,NA,NA,NA,NA,NA,NA,NA,NA,61,"high","mismatch",TRUE
201,"noticer_all1",2973,4015,"fast","Femme","18-25 ans","OUI","0.1",32,NA,23,72,NA,NA,NA,NA,NA,NA,NA,NA,"Non",NA,NA,NA,NA,NA,NA,NA,NA,NA,NA,61,"high","match",FALSE
201,"noticer_all1",2977,4530,"fast","Femme","18-25 ans","OUI","0.2",30,NA,22,73,NA,NA,NA,NA,NA,NA,NA,NA,"Non",NA,NA,NA,NA,NA,NA,NA,NA,NA,NA,61,"high","match",FALSE
201,"noticer_all1",2981,3479,"fast","Femme","18-25 ans","OUI","0.3",31,NA,25,81,NA,NA,NA,NA,NA,NA,NA,NA,"Non",NA,NA,NA,NA,NA,NA,NA,NA,NA,NA,61,"high","match",FALSE
201,"noticer_all1",2985,2323,"fast","Femme","18-25 ans","OUI","0.4",32,NA,20,63,NA,NA,NA,NA,NA,NA,NA,NA,"Non",NA,NA,NA,NA,NA,NA,NA,NA,NA,NA,61,"high","match",FALSE
201,"noticer_all1",2989,2063,"fast","Femme","18-25 ans","OUI","0.5",30,NA,30,100,NA,NA,NA,NA,NA,NA,NA,NA,"Non",NA,NA,NA,NA,NA,NA,NA,NA,NA,NA,61,"high","match",FALSE
201,"noticer_all1",2993,2769,"fast","Femme","18-25 ans","OUI","0.6",30,NA,29,97,NA,NA,NA,NA,NA,NA,NA,NA,"Non",NA,NA,NA,NA,NA,NA,NA,NA,NA,NA,61,"high","match",FALSE
201,"noticer_all1",2996,1461,"fast","Femme","18-25 ans","NON","1",NA,NA,34,NA,18,43,NA,NA,NA,NA,NA,NA,"Non",0.790697674418605,NA,NA,NA,NA,NA,NA,NA,NA,NA,61,"high","match",FALSE
201,"noticer_all1",2999,2580,"fast","Femme","18-25 ans","NON","2",NA,NA,34,NA,18,46,NA,NA,NA,NA,NA,NA,"Non",0.739130434782609,NA,NA,NA,NA,NA,NA,NA,NA,NA,61,"high","match",FALSE
201,"noticer_all1",3002,3358,"fast","Femme","18-25 ans","NON","3",NA,NA,33,NA,18,44,1,"OUI","right_to_left",2,"fast",22,"Non",0.75,"OUI","OUI","OUI",NA,NA,NA,NA,NA,NA,61,"high","match",FALSE
201,"noticer_all1",3010,1502,"fast","Femme","18-25 ans","NON","4",NA,NA,31,NA,19,43,NA,"OUI","right_to_left",97,"fast",54,"Non",0.720930232558139,NA,NA,NA,NA,NA,NA,NA,NA,NA,61,"high","match",FALSE
201,"noticer_all1",3019,3893,"fast","Femme","18-25 ans","NON","5",NA,NA,NA,NA,20,41,NA,"NON","diagonal",11,"slow",14,"Non",NA,NA,NA,NA,NA,NA,NA,NA,NA,NA,61,"high","match",FALSE
202,"noticer_all2",3037,8316,"fast","Homme","18-25 ans","OUI","0.1",29,NA,28,97,NA,NA,NA,NA,NA,NA,NA,NA,"Non",NA,NA,NA,NA,NA,NA,NA,NA,NA,NA,61,"high","match",FALSE
202,"noticer_all2",3041,3529,"fast","Homme","18-25 ans","OUI","0.2",31,NA,31,100,NA,NA,NA,NA,NA,NA,NA,NA,"Non",NA,NA,NA,NA,NA,NA,NA,NA,NA,NA,61,"high","match",FALSE
202,"noticer_all2",3044,1606,"fast","Homme","18-25 ans","NON","1",NA,NA,44,NA,16,43,NA,NA,NA,NA,NA,NA,"Non",0.976744186046512,NA,NA,NA,NA,NA,NA,NA,NA,NA,61,"high","match",FALSE
202,"noticer_all2",3047,1264,"fast","Homme","18-25 ans","NON","2",NA,NA,41,NA,18,43,NA,NA,NA,NA,NA,NA,"Non",0.953488372093023,NA,NA,NA,NA,NA,NA,NA,NA,NA,61,"high","match",FALSE
202,"noticer_all2",3050,878,"fast","Homme","18-25 ans","NON","3",NA,NA,37,NA,17,39,1,"NON",NA,NA,NA,NA,"Non",0.948717948717949,"NON","NON","NON",NA,NA,NA,NA,NA,NA,61,"high","match",FALSE
202,"noticer_all2",3054,1184,"fast","Homme","18-25 ans","NON","3",NA,NA,30,NA,16,43,2,"OUI","right_to_left",100,"fast",77,"Non",0.697674418604651,NA,NA,NA,"OUI","OUI","OUI",NA,NA,NA,61,"high","match",FALSE
202,"noticer_all2",3062,1340,"fast","Homme","18-25 ans","NON","4",NA,NA,38,NA,18,45,NA,"OUI","right_to_left",100,"slow",62,"Non",0.844444444444444,NA,NA,NA,NA,NA,NA,NA,NA,NA,61,"high","match",FALSE
202,"noticer_all2",3071,3895,"fast","Homme","18-25 ans","NON","5",NA,NA,NA,NA,19,38,NA,"OUI","right_to_left",100,"very_fast",56,"Non",NA,NA,NA,NA,NA,NA,NA,NA,NA,NA,61,"high","match",FALSE
203,"NO",3089,4306,"slow","Femme","18-25 ans","OUI","0.1",31,NA,8,26,NA,NA,NA,NA,NA,NA,NA,NA,NA,NA,NA,NA,NA,NA,NA,NA,NA,NA,NA,60,"high","mismatch",FALSE
203,"NO",3125,2273,"slow","Femme","18-25 ans","OUI","0.10",28,NA,18,64,NA,NA,NA,NA,NA,NA,NA,NA,NA,NA,NA,NA,NA,NA,NA,NA,NA,NA,NA,60,"high","mismatch",FALSE
203,"NO",3093,5414,"slow","Femme","18-25 ans","OUI","0.2",31,NA,13,42,NA,NA,NA,NA,NA,NA,NA,NA,NA,NA,NA,NA,NA,NA,NA,NA,NA,NA,NA,60,"high","mismatch",FALSE
203,"NO",3097,9957,"slow","Femme","18-25 ans","OUI","0.3",30,NA,16,53,NA,NA,NA,NA,NA,NA,NA,NA,NA,NA,NA,NA,NA,NA,NA,NA,NA,NA,NA,60,"high","mismatch",FALSE
203,"NO",3101,2349,"slow","Femme","18-25 ans","OUI","0.4",30,NA,23,77,NA,NA,NA,NA,NA,NA,NA,NA,NA,NA,NA,NA,NA,NA,NA,NA,NA,NA,NA,60,"high","mismatch",FALSE
203,"NO",3105,4138,"slow","Femme","18-25 ans","OUI","0.5",31,NA,19,61,NA,NA,NA,NA,NA,NA,NA,NA,NA,NA,NA,NA,NA,NA,NA,NA,NA,NA,NA,60,"high","mismatch",FALSE
203,"NO",3109,3305,"slow","Femme","18-25 ans","OUI","0.6",31,NA,26,84,NA,NA,NA,NA,NA,NA,NA,NA,NA,NA,NA,NA,NA,NA,NA,NA,NA,NA,NA,60,"high","mismatch",FALSE
203,"NO",3113,2421,"slow","Femme","18-25 ans","OUI","0.7",31,NA,21,68,NA,NA,NA,NA,NA,NA,NA,NA,NA,NA,NA,NA,NA,NA,NA,NA,NA,NA,NA,60,"high","mismatch",FALSE
203,"NO",3117,1642,"slow","Femme","18-25 ans","OUI","0.8",32,NA,22,69,NA,NA,NA,NA,NA,NA,NA,NA,NA,NA,NA,NA,NA,NA,NA,NA,NA,NA,NA,60,"high","mismatch",FALSE
203,"NO",3121,3368,"slow","Femme","18-25 ans","OUI","0.9",31,NA,26,84,NA,NA,NA,NA,NA,NA,NA,NA,NA,NA,NA,NA,NA,NA,NA,NA,NA,NA,NA,60,"high","mismatch",FALSE
204,"noticer_mov2",3136,10431,"fast","Femme","18-25 ans","OUI","0.1",30,NA,10,33,NA,NA,NA,NA,NA,NA,NA,NA,"Oui",NA,NA,NA,NA,NA,NA,NA,NA,NA,NA,60,"high","match",TRUE
204,"noticer_mov2",3140,3701,"fast","Femme","18-25 ans","OUI","0.2",30,NA,25,83,NA,NA,NA,NA,NA,NA,NA,NA,"Oui",NA,NA,NA,NA,NA,NA,NA,NA,NA,NA,60,"high","match",TRUE
204,"noticer_mov2",3144,4548,"fast","Femme","18-25 ans","OUI","0.3",31,NA,27,87,NA,NA,NA,NA,NA,NA,NA,NA,"Oui",NA,NA,NA,NA,NA,NA,NA,NA,NA,NA,60,"high","match",TRUE
204,"noticer_mov2",3147,1282,"fast","Femme","18-25 ans","NON","1",NA,NA,45,NA,19,46,NA,NA,NA,NA,NA,NA,"Oui",0.978260869565217,NA,NA,NA,NA,NA,NA,NA,NA,NA,60,"high","match",TRUE
204,"noticer_mov2",3150,1266,"fast","Femme","18-25 ans","NON","2",NA,NA,38,NA,17,46,NA,NA,NA,NA,NA,NA,"Oui",0.826086956521739,NA,NA,NA,NA,NA,NA,NA,NA,NA,60,"high","match",TRUE
204,"noticer_mov2",3153,962,"fast","Femme","18-25 ans","NON","3",NA,NA,35,NA,20,42,1,"NON",NA,NA,NA,NA,"Oui",0.833333333333333,"NON","NON","NON",NA,NA,NA,NA,NA,NA,60,"high","match",TRUE
204,"noticer_mov2",3157,3581,"fast","Femme","18-25 ans","NON","3",NA,NA,28,NA,19,46,2,"OUI","right_to_left",54,"slow",53,"Oui",0.608695652173913,NA,NA,NA,"OUI","NON","NON",NA,NA,NA,60,"high","match",TRUE
204,"noticer_mov2",3165,1416,"fast","Femme","18-25 ans","NON","4",NA,NA,35,NA,19,42,NA,"OUI","right_to_left",90,"fast",85,"Oui",0.833333333333333,NA,NA,NA,NA,NA,NA,NA,NA,NA,60,"high","match",TRUE
204,"noticer_mov2",3174,3533,"fast","Femme","18-25 ans","NON","5",NA,NA,NA,NA,18,42,NA,"OUI","right_to_left",77,"fast",77,"Oui",NA,NA,NA,NA,NA,NA,NA,NA,NA,NA,60,"high","match",TRUE
205,"NO",3192,4157,"slow","Homme","51 ans et plus","OUI","0.1",26,NA,14,54,NA,NA,NA,NA,NA,NA,NA,NA,"Non",NA,NA,NA,NA,NA,NA,NA,NA,NA,NA,60,"high","mismatch",FALSE
205,"NO",3196,2733,"slow","Homme","51 ans et plus","OUI","0.2",31,NA,22,71,NA,NA,NA,NA,NA,NA,NA,NA,"Non",NA,NA,NA,NA,NA,NA,NA,NA,NA,NA,60,"high","mismatch",FALSE
205,"NO",3200,2788,"slow","Homme","51 ans et plus","OUI","0.3",32,NA,23,72,NA,NA,NA,NA,NA,NA,NA,NA,"Non",NA,NA,NA,NA,NA,NA,NA,NA,NA,NA,60,"high","mismatch",FALSE
205,"NO",3204,3339,"slow","Homme","51 ans et plus","OUI","0.4",32,NA,31,97,NA,NA,NA,NA,NA,NA,NA,NA,"Non",NA,NA,NA,NA,NA,NA,NA,NA,NA,NA,60,"high","mismatch",FALSE
205,"NO",3208,2276,"slow","Homme","51 ans et plus","OUI","0.5",29,NA,31,93,NA,NA,NA,NA,NA,NA,NA,NA,"Non",NA,NA,NA,NA,NA,NA,NA,NA,NA,NA,60,"high","mismatch",FALSE
205,"NO",3211,2044,"slow","Homme","51 ans et plus","NON","1",NA,NA,35,NA,19,46,NA,NA,NA,NA,NA,NA,"Non",0.760869565217391,NA,NA,NA,NA,NA,NA,NA,NA,NA,60,"high","mismatch",FALSE
205,"NO",3214,1423,"slow","Homme","51 ans et plus","NON","2",NA,NA,30,NA,17,38,NA,NA,NA,NA,NA,NA,"Non",0.789473684210526,NA,NA,NA,NA,NA,NA,NA,NA,NA,60,"high","mismatch",FALSE
205,"NO",3217,2452,"slow","Homme","51 ans et plus","NON","3",NA,NA,30,NA,17,46,1,"NON",NA,NA,NA,NA,"Non",0.652173913043478,"NON","NON","NON",NA,NA,NA,NA,NA,NA,60,"high","mismatch",FALSE
205,"NO",3221,1240,"slow","Homme","51 ans et plus","NON","3",NA,NA,27,NA,17,47,2,"NON",NA,NA,NA,NA,"Non",0.574468085106383,NA,NA,NA,"NON","NON","NON",NA,NA,NA,60,"high","mismatch",FALSE
205,"NO",3225,1929,"slow","Homme","51 ans et plus","NON","3",NA,NA,29,NA,19,40,3,"NON",NA,NA,NA,NA,"Non",0.725,NA,NA,NA,NA,NA,NA,"NON","NON","NON",60,"high","mismatch",FALSE
205,"NO",3229,1284,"slow","Homme","51 ans et plus","NON","4",NA,NA,31,NA,19,38,NA,"NON","diagonal",0,"fast",42,"Non",0.815789473684211,NA,NA,NA,NA,NA,NA,NA,NA,NA,60,"high","mismatch",FALSE
205,"NO",3238,1062,"slow","Homme","51 ans et plus","NON","5",NA,NA,NA,NA,18,41,NA,"NON","vertical",12,"very_slow",67,"Non",NA,NA,NA,NA,NA,NA,NA,NA,NA,NA,60,"high","mismatch",FALSE
206,"noticer_all1",3256,7522,"slow","Femme","18-25 ans","OUI","0.1",31,NA,24,77,NA,NA,NA,NA,NA,NA,NA,NA,"Non",NA,NA,NA,NA,NA,NA,NA,NA,NA,NA,60,"high","mismatch",FALSE
206,"noticer_all1",3260,2861,"slow","Femme","18-25 ans","OUI","0.2",30,NA,22,73,NA,NA,NA,NA,NA,NA,NA,NA,"Non",NA,NA,NA,NA,NA,NA,NA,NA,NA,NA,60,"high","mismatch",FALSE
206,"noticer_all1",3264,2827,"slow","Femme","18-25 ans","OUI","0.3",28,NA,23,82,NA,NA,NA,NA,NA,NA,NA,NA,"Non",NA,NA,NA,NA,NA,NA,NA,NA,NA,NA,60,"high","mismatch",FALSE
206,"noticer_all1",3268,18697,"slow","Femme","18-25 ans","OUI","0.4",30,NA,28,93,NA,NA,NA,NA,NA,NA,NA,NA,"Non",NA,NA,NA,NA,NA,NA,NA,NA,NA,NA,60,"high","mismatch",FALSE
206,"noticer_all1",3271,1398,"slow","Femme","18-25 ans","NON","1",NA,NA,35,NA,20,47,NA,NA,NA,NA,NA,NA,"Non",0.74468085106383,NA,NA,NA,NA,NA,NA,NA,NA,NA,60,"high","mismatch",FALSE
206,"noticer_all1",3274,2072,"slow","Femme","18-25 ans","NON","2",NA,NA,36,NA,16,46,NA,NA,NA,NA,NA,NA,"Non",0.782608695652174,NA,NA,NA,NA,NA,NA,NA,NA,NA,60,"high","mismatch",FALSE
206,"noticer_all1",3277,1765,"slow","Femme","18-25 ans","NON","3",NA,NA,37,NA,18,43,1,"OUI","right_to_left",16,"fast",35,"Non",0.86046511627907,"OUI","OUI","OUI",NA,NA,NA,NA,NA,NA,60,"high","mismatch",FALSE
206,"noticer_all1",3285,1681,"slow","Femme","18-25 ans","NON","4",NA,NA,41,NA,17,50,NA,"NON","diagonal",0,"slow",0,"Non",0.82,NA,NA,NA,NA,NA,NA,NA,NA,NA,60,"high","mismatch",FALSE
206,"noticer_all1",3294,5799,"slow","Femme","18-25 ans","NON","5",NA,NA,NA,NA,16,44,NA,"OUI","right_to_left",53,"fast",52,"Non",NA,NA,NA,NA,NA,NA,NA,NA,NA,NA,60,"high","mismatch",FALSE
207,"NO",3312,3816,"slow","Homme","18-25 ans","OUI","0.1",31,NA,17,55,NA,NA,NA,NA,NA,NA,NA,NA,"Non",NA,NA,NA,NA,NA,NA,NA,NA,NA,NA,61,"high","mismatch",TRUE
207,"NO",3316,2771,"slow","Homme","18-25 ans","OUI","0.2",30,NA,29,97,NA,NA,NA,NA,NA,NA,NA,NA,"Non",NA,NA,NA,NA,NA,NA,NA,NA,NA,NA,61,"high","mismatch",TRUE
207,"NO",3320,2643,"slow","Homme","18-25 ans","OUI","0.3",30,NA,28,93,NA,NA,NA,NA,NA,NA,NA,NA,"Non",NA,NA,NA,NA,NA,NA,NA,NA,NA,NA,61,"high","mismatch",TRUE
207,"NO",3323,962,"slow","Homme","18-25 ans","NON","1",NA,NA,57,NA,17,40,NA,NA,NA,NA,NA,NA,"Non",0.575,NA,NA,NA,NA,NA,NA,NA,NA,NA,61,"high","mismatch",TRUE
207,"NO",3326,1668,"slow","Homme","18-25 ans","NON","2",NA,NA,47,NA,17,39,NA,NA,NA,NA,NA,NA,"Non",0.794871794871795,NA,NA,NA,NA,NA,NA,NA,NA,NA,61,"high","mismatch",TRUE
207,"NO",3329,769,"slow","Homme","18-25 ans","NON","3",NA,NA,51,NA,19,45,1,"NON",NA,NA,NA,NA,"Non",0.866666666666667,"NON","NON","NON",NA,NA,NA,NA,NA,NA,61,"high","mismatch",TRUE
207,"NO",3333,1359,"slow","Homme","18-25 ans","NON","3",NA,NA,48,NA,18,44,2,"NON",NA,NA,NA,NA,"Non",0.909090909090909,NA,NA,NA,"NON","NON","NON",NA,NA,NA,61,"high","mismatch",TRUE
207,"NO",3337,883,"slow","Homme","18-25 ans","NON","3",NA,NA,49,NA,17,46,3,"NON",NA,NA,NA,NA,"Non",0.934782608695652,NA,NA,NA,NA,NA,NA,"NON","NON","NON",61,"high","mismatch",TRUE
207,"NO",3341,757,"slow","Homme","18-25 ans","NON","4",NA,NA,53,NA,18,46,NA,"NON","random",69,"fast",60,"Non",0.847826086956522,NA,NA,NA,NA,NA,NA,NA,NA,NA,61,"high","mismatch",TRUE
207,"NO",3350,6886,"slow","Homme","18-25 ans","NON","5",NA,NA,NA,NA,17,47,NA,"OUI","right_to_left",100,"slow",100,"Non",NA,NA,NA,NA,NA,NA,NA,NA,NA,NA,61,"high","mismatch",TRUE
208,"NO",3368,5598,"slow","Femme","18-25 ans","OUI","0.1",29,NA,18,62,NA,NA,NA,NA,NA,NA,NA,NA,"Non",NA,NA,NA,NA,NA,NA,NA,NA,NA,NA,60,"high","mismatch",FALSE
208,"NO",3372,3116,"slow","Femme","18-25 ans","OUI","0.2",32,NA,19,59,NA,NA,NA,NA,NA,NA,NA,NA,"Non",NA,NA,NA,NA,NA,NA,NA,NA,NA,NA,60,"high","mismatch",FALSE
208,"NO",3376,6843,"slow","Femme","18-25 ans","OUI","0.3",30,NA,17,57,NA,NA,NA,NA,NA,NA,NA,NA,"Non",NA,NA,NA,NA,NA,NA,NA,NA,NA,NA,60,"high","mismatch",FALSE
208,"NO",3380,5537,"slow","Femme","18-25 ans","OUI","0.4",31,NA,30,97,NA,NA,NA,NA,NA,NA,NA,NA,"Non",NA,NA,NA,NA,NA,NA,NA,NA,NA,NA,60,"high","mismatch",FALSE
208,"NO",3384,5458,"slow","Femme","18-25 ans","OUI","0.5",29,NA,31,93,NA,NA,NA,NA,NA,NA,NA,NA,"Non",NA,NA,NA,NA,NA,NA,NA,NA,NA,NA,60,"high","mismatch",FALSE
208,"NO",3387,1345,"slow","Femme","18-25 ans","NON","1",NA,NA,31,NA,19,47,NA,NA,NA,NA,NA,NA,"Non",0.659574468085106,NA,NA,NA,NA,NA,NA,NA,NA,NA,60,"high","mismatch",FALSE
208,"NO",3390,3752,"slow","Femme","18-25 ans","NON","2",NA,NA,24,NA,17,38,NA,NA,NA,NA,NA,NA,"Non",0.631578947368421,NA,NA,NA,NA,NA,NA,NA,NA,NA,60,"high","mismatch",FALSE
208,"NO",3393,2282,"slow","Femme","18-25 ans","NON","3",NA,NA,32,NA,17,42,1,"NON",NA,NA,NA,NA,"Non",0.761904761904762,"NON","NON","NON",NA,NA,NA,NA,NA,NA,60,"high","mismatch",FALSE
208,"NO",3397,942,"slow","Femme","18-25 ans","NON","3",NA,NA,28,NA,19,39,2,"NON",NA,NA,NA,NA,"Non",0.717948717948718,NA,NA,NA,"NON","NON","NON",NA,NA,NA,60,"high","mismatch",FALSE
208,"NO",3401,860,"slow","Femme","18-25 ans","NON","3",NA,NA,29,NA,18,40,3,"NON",NA,NA,NA,NA,"Non",0.725,NA,NA,NA,NA,NA,NA,"NON","NON","NON",60,"high","mismatch",FALSE
208,"NO",3405,810,"slow","Femme","18-25 ans","NON","4",NA,NA,25,NA,20,46,NA,"OUI","right_to_left",38,"fast",42,"Non",0.543478260869565,NA,NA,NA,NA,NA,NA,NA,NA,NA,60,"high","mismatch",FALSE
208,"NO",3414,3848,"slow","Femme","18-25 ans","NON","5",NA,NA,NA,NA,20,42,NA,"NON","right_to_left",44,"fast",47,"Non",NA,NA,NA,NA,NA,NA,NA,NA,NA,NA,60,"high","mismatch",FALSE
209,"noticer_mov2",3431,9745,"slow","Femme","18-25 ans","OUI","0.1",34,NA,11,32,NA,NA,NA,NA,NA,NA,NA,NA,"Non",NA,NA,NA,NA,NA,NA,NA,NA,NA,NA,60,"high","mismatch",TRUE
209,"noticer_mov2",3435,5276,"slow","Femme","18-25 ans","OUI","0.2",31,NA,54,26,NA,NA,NA,NA,NA,NA,NA,NA,"Non",NA,NA,NA,NA,NA,NA,NA,NA,NA,NA,60,"high","mismatch",TRUE
209,"noticer_mov2",3439,4071,"slow","Femme","18-25 ans","OUI","0.3",28,NA,31,89,NA,NA,NA,NA,NA,NA,NA,NA,"Non",NA,NA,NA,NA,NA,NA,NA,NA,NA,NA,60,"high","mismatch",TRUE
209,"noticer_mov2",3443,3722,"slow","Femme","18-25 ans","OUI","0.4",28,NA,23,82,NA,NA,NA,NA,NA,NA,NA,NA,"Non",NA,NA,NA,NA,NA,NA,NA,NA,NA,NA,60,"high","mismatch",TRUE
209,"noticer_mov2",3446,7887,"slow","Femme","18-25 ans","NON","1",NA,NA,34,NA,18,42,NA,NA,NA,NA,NA,NA,"Non",0.80952380952381,NA,NA,NA,NA,NA,NA,NA,NA,NA,60,"high","mismatch",TRUE
209,"noticer_mov2",3449,1237,"slow","Femme","18-25 ans","NON","2",NA,NA,37,NA,19,39,NA,NA,NA,NA,NA,NA,"Non",0.948717948717949,NA,NA,NA,NA,NA,NA,NA,NA,NA,60,"high","mismatch",TRUE
209,"noticer_mov2",3452,1399,"slow","Femme","18-25 ans","NON","3",NA,NA,27,NA,20,44,1,"NON",NA,NA,NA,NA,"Non",0.613636363636364,"NON","NON","NON",NA,NA,NA,NA,NA,NA,60,"high","mismatch",TRUE
209,"noticer_mov2",3456,1198,"slow","Femme","18-25 ans","NON","3",NA,NA,37,NA,19,48,2,"OUI","right_to_left",64,"very_fast",61,"Non",0.770833333333333,NA,NA,NA,"OUI","NON","NON",NA,NA,NA,60,"high","mismatch",TRUE
209,"noticer_mov2",3464,1183,"slow","Femme","18-25 ans","NON","4",NA,NA,37,NA,17,46,NA,"OUI","right_to_left",100,"slow",100,"Non",0.804347826086957,NA,NA,NA,NA,NA,NA,NA,NA,NA,60,"high","mismatch",TRUE
209,"noticer_mov2",3473,3308,"slow","Femme","18-25 ans","NON","5",NA,NA,NA,NA,19,46,NA,"OUI","right_to_left",99,"slow",100,"Non",NA,NA,NA,NA,NA,NA,NA,NA,NA,NA,60,"high","mismatch",TRUE
210,"noticer_all2",3491,33997,"fast","Homme","18-25 ans","OUI","0.1",31,NA,21,68,NA,NA,NA,NA,NA,NA,NA,NA,"Non",NA,NA,NA,NA,NA,NA,NA,NA,NA,NA,60,"high","match",TRUE
210,"noticer_all2",3495,9164,"fast","Homme","18-25 ans","OUI","0.2",29,NA,20,69,NA,NA,NA,NA,NA,NA,NA,NA,"Non",NA,NA,NA,NA,NA,NA,NA,NA,NA,NA,60,"high","match",TRUE
210,"noticer_all2",3499,8015,"fast","Homme","18-25 ans","OUI","0.3",28,NA,20,71,NA,NA,NA,NA,NA,NA,NA,NA,"Non",NA,NA,NA,NA,NA,NA,NA,NA,NA,NA,60,"high","match",TRUE
210,"noticer_all2",3503,5079,"fast","Homme","18-25 ans","OUI","0.4",28,NA,24,86,NA,NA,NA,NA,NA,NA,NA,NA,"Non",NA,NA,NA,NA,NA,NA,NA,NA,NA,NA,60,"high","match",TRUE
210,"noticer_all2",3507,4760,"fast","Homme","18-25 ans","OUI","0.5",30,NA,27,90,NA,NA,NA,NA,NA,NA,NA,NA,"Non",NA,NA,NA,NA,NA,NA,NA,NA,NA,NA,60,"high","match",TRUE
210,"noticer_all2",3510,1303,"fast","Homme","18-25 ans","NON","1",NA,NA,36,NA,17,47,NA,NA,NA,NA,NA,NA,"Non",0.765957446808511,NA,NA,NA,NA,NA,NA,NA,NA,NA,60,"high","match",TRUE
210,"noticer_all2",3513,1351,"fast","Homme","18-25 ans","NON","2",NA,NA,42,NA,15,44,NA,NA,NA,NA,NA,NA,"Non",0.954545454545455,NA,NA,NA,NA,NA,NA,NA,NA,NA,60,"high","match",TRUE
210,"noticer_all2",3516,1059,"fast","Homme","18-25 ans","NON","3",NA,NA,34,NA,18,41,1,"NON",NA,NA,NA,NA,"Non",0.829268292682927,"NON","NON","NON",NA,NA,NA,NA,NA,NA,60,"high","match",TRUE
210,"noticer_all2",3520,1430,"fast","Homme","18-25 ans","NON","3",NA,NA,37,NA,18,39,2,"OUI","right_to_left",100,"fast",40,"Non",0.948717948717949,NA,NA,NA,"OUI","OUI","OUI",NA,NA,NA,60,"high","match",TRUE
210,"noticer_all2",3528,3160,"fast","Homme","18-25 ans","NON","4",NA,NA,36,NA,17,42,NA,"OUI","right_to_left",65,"fast",100,"Non",0.857142857142857,NA,NA,NA,NA,NA,NA,NA,NA,NA,60,"high","match",TRUE
210,"noticer_all2",3537,10042,"fast","Homme","18-25 ans","NON","5",NA,NA,NA,NA,19,40,NA,"OUI","right_to_left",15,"fast",57,"Non",NA,NA,NA,NA,NA,NA,NA,NA,NA,NA,60,"high","match",TRUE
211,"NO",3555,7093,"slow","Homme","51 ans et plus","OUI","0.1",28,NA,25,89,NA,NA,NA,NA,NA,NA,NA,NA,"Oui",NA,NA,NA,NA,NA,NA,NA,NA,NA,NA,61,"high","mismatch",TRUE
211,"NO",3559,8243,"slow","Homme","51 ans et plus","OUI","0.2",31,NA,28,90,NA,NA,NA,NA,NA,NA,NA,NA,"Oui",NA,NA,NA,NA,NA,NA,NA,NA,NA,NA,61,"high","mismatch",TRUE
211,"NO",3562,1547,"slow","Homme","51 ans et plus","NON","1",NA,NA,41,NA,13,41,NA,NA,NA,NA,NA,NA,"Oui",1,NA,NA,NA,NA,NA,NA,NA,NA,NA,61,"high","mismatch",TRUE
211,"NO",3565,15832,"slow","Homme","51 ans et plus","NON","2",NA,NA,44,NA,16,49,NA,NA,NA,NA,NA,NA,"Oui",0.897959183673469,NA,NA,NA,NA,NA,NA,NA,NA,NA,61,"high","mismatch",TRUE
211,"NO",3568,4539,"slow","Homme","51 ans et plus","NON","3",NA,NA,43,NA,18,45,1,"NON",NA,NA,NA,NA,"Oui",0.955555555555556,"NON","NON","NON",NA,NA,NA,NA,NA,NA,61,"high","mismatch",TRUE
211,"NO",3572,2757,"slow","Homme","51 ans et plus","NON","3",NA,NA,43,NA,18,43,2,"NON",NA,NA,NA,NA,"Oui",1,NA,NA,NA,"NON","NON","NON",NA,NA,NA,61,"high","mismatch",TRUE
211,"NO",3576,1794,"slow","Homme","51 ans et plus","NON","3",NA,NA,41,NA,18,44,3,"NON",NA,NA,NA,NA,"Oui",0.931818181818182,NA,NA,NA,NA,NA,NA,"NON","NON","NON",61,"high","mismatch",TRUE
211,"NO",3580,1447,"slow","Homme","51 ans et plus","NON","4",NA,NA,42,NA,18,44,NA,"NON","vertical",13,"very_slow",69,"Oui",0.954545454545455,NA,NA,NA,NA,NA,NA,NA,NA,NA,61,"high","mismatch",TRUE
211,"NO",3589,5648,"slow","Homme","51 ans et plus","NON","5",NA,NA,NA,NA,16,46,NA,"OUI","right_to_left",100,"slow",100,"Oui",NA,NA,NA,NA,NA,NA,NA,NA,NA,NA,61,"high","mismatch",TRUE
212,"noticer_all1",3607,5088,"fast","Homme","18-25 ans","OUI","0.1",28,NA,12,43,NA,NA,NA,NA,NA,NA,NA,NA,"Non",NA,NA,NA,NA,NA,NA,NA,NA,NA,NA,61,"high","match",TRUE
212,"noticer_all1",3611,12013,"fast","Homme","18-25 ans","OUI","0.2",30,NA,21,70,NA,NA,NA,NA,NA,NA,NA,NA,"Non",NA,NA,NA,NA,NA,NA,NA,NA,NA,NA,61,"high","match",TRUE
212,"noticer_all1",3615,5825,"fast","Homme","18-25 ans","OUI","0.3",28,NA,28,100,NA,NA,NA,NA,NA,NA,NA,NA,"Non",NA,NA,NA,NA,NA,NA,NA,NA,NA,NA,61,"high","match",TRUE
212,"noticer_all1",3619,4883,"fast","Homme","18-25 ans","OUI","0.4",29,NA,28,97,NA,NA,NA,NA,NA,NA,NA,NA,"Non",NA,NA,NA,NA,NA,NA,NA,NA,NA,NA,61,"high","match",TRUE
212,"noticer_all1",3622,1812,"fast","Homme","18-25 ans","NON","1",NA,NA,35,NA,18,48,NA,NA,NA,NA,NA,NA,"Non",0.729166666666667,NA,NA,NA,NA,NA,NA,NA,NA,NA,61,"high","match",TRUE
212,"noticer_all1",3625,5326,"fast","Homme","18-25 ans","NON","2",NA,NA,42,NA,17,46,NA,NA,NA,NA,NA,NA,"Non",0.91304347826087,NA,NA,NA,NA,NA,NA,NA,NA,NA,61,"high","match",TRUE
212,"noticer_all1",3628,7193,"fast","Homme","18-25 ans","NON","3",NA,NA,32,NA,16,40,1,"OUI","right_to_left",81,"fast",78,"Non",0.8,"OUI","OUI","OUI",NA,NA,NA,NA,NA,NA,61,"high","match",TRUE
212,"noticer_all1",3636,7293,"fast","Homme","18-25 ans","NON","4",NA,NA,30,NA,19,40,NA,"OUI","right_to_left",68,"very_fast",72,"Non",0.75,NA,NA,NA,NA,NA,NA,NA,NA,NA,61,"high","match",TRUE
212,"noticer_all1",3645,6478,"fast","Homme","18-25 ans","NON","5",NA,NA,NA,NA,20,46,NA,"OUI","right_to_left",100,"fast",100,"Non",NA,NA,NA,NA,NA,NA,NA,NA,NA,NA,61,"high","match",TRUE
213,"noticer_all2",3663,6892,"slow","Femme","18-25 ans","OUI","0.1",31,NA,23,74,NA,NA,NA,NA,NA,NA,NA,NA,"Non",NA,NA,NA,NA,NA,NA,NA,NA,NA,NA,60,"high","mismatch",TRUE
213,"noticer_all2",3667,4899,"slow","Femme","18-25 ans","OUI","0.2",32,NA,29,91,NA,NA,NA,NA,NA,NA,NA,NA,"Non",NA,NA,NA,NA,NA,NA,NA,NA,NA,NA,60,"high","mismatch",TRUE
213,"noticer_all2",3671,2399,"slow","Femme","18-25 ans","OUI","0.3",28,NA,37,68,NA,NA,NA,NA,NA,NA,NA,NA,"Non",NA,NA,NA,NA,NA,NA,NA,NA,NA,NA,60,"high","mismatch",TRUE
213,"noticer_all2",3675,2300,"slow","Femme","18-25 ans","OUI","0.4",30,NA,26,87,NA,NA,NA,NA,NA,NA,NA,NA,"Non",NA,NA,NA,NA,NA,NA,NA,NA,NA,NA,60,"high","mismatch",TRUE
213,"noticer_all2",3679,2165,"slow","Femme","18-25 ans","OUI","0.5",29,NA,26,90,NA,NA,NA,NA,NA,NA,NA,NA,"Non",NA,NA,NA,NA,NA,NA,NA,NA,NA,NA,60,"high","mismatch",TRUE
213,"noticer_all2",3682,2156,"slow","Femme","18-25 ans","NON","1",NA,NA,41,NA,18,49,NA,NA,NA,NA,NA,NA,"Non",0.836734693877551,NA,NA,NA,NA,NA,NA,NA,NA,NA,60,"high","mismatch",TRUE
213,"noticer_all2",3685,6792,"slow","Femme","18-25 ans","NON","2",NA,NA,36,NA,18,44,NA,NA,NA,NA,NA,NA,"Non",0.818181818181818,NA,NA,NA,NA,NA,NA,NA,NA,NA,60,"high","mismatch",TRUE
213,"noticer_all2",3688,4058,"slow","Femme","18-25 ans","NON","3",NA,NA,39,NA,18,44,1,"NON",NA,NA,NA,NA,"Non",0.886363636363636,"NON","NON","NON",NA,NA,NA,NA,NA,NA,60,"high","mismatch",TRUE
213,"noticer_all2",3692,3666,"slow","Femme","18-25 ans","NON","3",NA,NA,36,NA,15,43,2,"OUI","right_to_left",100,"fast",87,"Non",0.837209302325581,NA,NA,NA,"OUI","OUI","OUI",NA,NA,NA,60,"high","mismatch",TRUE
213,"noticer_all2",3700,46619,"slow","Femme","18-25 ans","NON","4",NA,NA,32,NA,18,41,NA,"OUI","right_to_left",100,"fast",100,"Non",0.780487804878049,NA,NA,NA,NA,NA,NA,NA,NA,NA,60,"high","mismatch",TRUE
213,"noticer_all2",3709,10292,"slow","Femme","18-25 ans","NON","5",NA,NA,NA,NA,20,46,NA,"OUI","right_to_left",100,"slow",95,"Non",NA,NA,NA,NA,NA,NA,NA,NA,NA,NA,60,"high","mismatch",TRUE
214,"noticer_all1",3727,14592,"fast","Homme","18-25 ans","OUI","0.1",29,NA,9,31,NA,NA,NA,NA,NA,NA,NA,NA,"Non",NA,NA,NA,NA,NA,NA,NA,NA,NA,NA,61,"high","match",FALSE
214,"noticer_all1",3731,6537,"fast","Homme","18-25 ans","OUI","0.2",31,NA,25,81,NA,NA,NA,NA,NA,NA,NA,NA,"Non",NA,NA,NA,NA,NA,NA,NA,NA,NA,NA,61,"high","match",FALSE
214,"noticer_all1",3735,3052,"fast","Homme","18-25 ans","OUI","0.3",32,NA,28,88,NA,NA,NA,NA,NA,NA,NA,NA,"Non",NA,NA,NA,NA,NA,NA,NA,NA,NA,NA,61,"high","match",FALSE
214,"noticer_all1",3738,2245,"fast","Homme","18-25 ans","NON","1",NA,NA,35,NA,18,45,NA,NA,NA,NA,NA,NA,"Non",0.777777777777778,NA,NA,NA,NA,NA,NA,NA,NA,NA,61,"high","match",FALSE
214,"noticer_all1",3741,1563,"fast","Homme","18-25 ans","NON","2",NA,NA,39,NA,17,42,NA,NA,NA,NA,NA,NA,"Non",0.928571428571429,NA,NA,NA,NA,NA,NA,NA,NA,NA,61,"high","match",FALSE
214,"noticer_all1",3744,1178,"fast","Homme","18-25 ans","NON","3",NA,NA,32,NA,16,48,1,"OUI","right_to_left",100,"fast",64,"Non",0.666666666666667,"OUI","OUI","OUI",NA,NA,NA,NA,NA,NA,61,"high","match",FALSE
214,"noticer_all1",3752,1482,"fast","Homme","18-25 ans","NON","4",NA,NA,34,NA,19,45,NA,"OUI","right_to_left",64,"slow",59,"Non",0.755555555555556,NA,NA,NA,NA,NA,NA,NA,NA,NA,61,"high","match",FALSE
214,"noticer_all1",3761,3885,"fast","Homme","18-25 ans","NON","5",NA,NA,NA,NA,20,43,NA,"NON","vertical",0,"very_fast",0,"Non",NA,NA,NA,NA,NA,NA,NA,NA,NA,NA,61,"high","match",FALSE
215,"noticer_all2",3779,15400,"fast","Homme","18-25 ans","OUI","0.1",29,NA,22,76,NA,NA,NA,NA,NA,NA,NA,NA,"Oui",NA,NA,NA,NA,NA,NA,NA,NA,NA,NA,60,"high","match",FALSE
215,"noticer_all2",3783,5688,"fast","Homme","18-25 ans","OUI","0.2",32,NA,32,100,NA,NA,NA,NA,NA,NA,NA,NA,"Oui",NA,NA,NA,NA,NA,NA,NA,NA,NA,NA,60,"high","match",FALSE
215,"noticer_all2",3787,4770,"fast","Homme","18-25 ans","OUI","0.3",29,NA,27,93,NA,NA,NA,NA,NA,NA,NA,NA,"Oui",NA,NA,NA,NA,NA,NA,NA,NA,NA,NA,60,"high","match",FALSE
215,"noticer_all2",3790,8768,"fast","Homme","18-25 ans","NON","1",NA,NA,44,NA,16,46,NA,NA,NA,NA,NA,NA,"Oui",0.956521739130435,NA,NA,NA,NA,NA,NA,NA,NA,NA,60,"high","match",FALSE
215,"noticer_all2",3793,4028,"fast","Homme","18-25 ans","NON","2",NA,NA,42,NA,18,45,NA,NA,NA,NA,NA,NA,"Oui",0.933333333333333,NA,NA,NA,NA,NA,NA,NA,NA,NA,60,"high","match",FALSE
215,"noticer_all2",3796,1613,"fast","Homme","18-25 ans","NON","3",NA,NA,28,NA,16,38,1,"NON",NA,NA,NA,NA,"Oui",0.736842105263158,"NON","NON","NON",NA,NA,NA,NA,NA,NA,60,"high","match",FALSE
215,"noticer_all2",3800,4595,"fast","Homme","18-25 ans","NON","3",NA,NA,34,NA,17,46,2,"OUI","right_to_left",94,"fast",74,"Oui",0.739130434782609,NA,NA,NA,"OUI","OUI","OUI",NA,NA,NA,60,"high","match",FALSE
215,"noticer_all2",3808,1498,"fast","Homme","18-25 ans","NON","4",NA,NA,38,NA,17,40,NA,"OUI","right_to_left",100,"very_fast",79,"Oui",0.95,NA,NA,NA,NA,NA,NA,NA,NA,NA,60,"high","match",FALSE
215,"noticer_all2",3817,4666,"fast","Homme","18-25 ans","NON","5",NA,NA,NA,NA,20,46,NA,"OUI","right_to_left",100,"very_fast",83,"Oui",NA,NA,NA,NA,NA,NA,NA,NA,NA,NA,60,"high","match",FALSE
216,"noticer_all3",3835,7561,"fast","Homme","18-25 ans","OUI","0.1",29,NA,22,76,NA,NA,NA,NA,NA,NA,NA,NA,"Non",NA,NA,NA,NA,NA,NA,NA,NA,NA,NA,60,"high","match",TRUE
216,"noticer_all3",3839,14340,"fast","Homme","18-25 ans","OUI","0.2",27,NA,26,96,NA,NA,NA,NA,NA,NA,NA,NA,"Non",NA,NA,NA,NA,NA,NA,NA,NA,NA,NA,60,"high","match",TRUE
216,"noticer_all3",3843,9706,"fast","Homme","18-25 ans","OUI","0.3",30,NA,20,67,NA,NA,NA,NA,NA,NA,NA,NA,"Non",NA,NA,NA,NA,NA,NA,NA,NA,NA,NA,60,"high","match",TRUE
216,"noticer_all3",3847,7159,"fast","Homme","18-25 ans","OUI","0.4",30,NA,26,87,NA,NA,NA,NA,NA,NA,NA,NA,"Non",NA,NA,NA,NA,NA,NA,NA,NA,NA,NA,60,"high","match",TRUE
216,"noticer_all3",3851,5909,"fast","Homme","18-25 ans","OUI","0.5",31,NA,28,90,NA,NA,NA,NA,NA,NA,NA,NA,"Non",NA,NA,NA,NA,NA,NA,NA,NA,NA,NA,60,"high","match",TRUE
216,"noticer_all3",3854,2144,"fast","Homme","18-25 ans","NON","1",NA,NA,47,NA,16,47,NA,NA,NA,NA,NA,NA,"Non",1,NA,NA,NA,NA,NA,NA,NA,NA,NA,60,"high","match",TRUE
216,"noticer_all3",3857,1629,"fast","Homme","18-25 ans","NON","2",NA,NA,39,NA,17,48,NA,NA,NA,NA,NA,NA,"Non",0.8125,NA,NA,NA,NA,NA,NA,NA,NA,NA,60,"high","match",TRUE
216,"noticer_all3",3860,2446,"fast","Homme","18-25 ans","NON","3",NA,NA,33,NA,19,46,1,"NON",NA,NA,NA,NA,"Non",0.717391304347826,"NON","NON","NON",NA,NA,NA,NA,NA,NA,60,"high","match",TRUE
216,"noticer_all3",3864,2810,"fast","Homme","18-25 ans","NON","3",NA,NA,34,NA,18,40,2,"NON",NA,NA,NA,NA,"Non",0.85,NA,NA,NA,"NON","NON","NON",NA,NA,NA,60,"high","match",TRUE
216,"noticer_all3",3868,5228,"fast","Homme","18-25 ans","NON","3",NA,NA,38,NA,17,45,3,"OUI","right_to_left",100,"fast",70,"Non",0.844444444444444,NA,NA,NA,NA,NA,NA,"OUI","OUI","OUI",60,"high","match",TRUE
216,"noticer_all3",3876,10880,"fast","Homme","18-25 ans","NON","4",NA,NA,40,NA,20,41,NA,"OUI","right_to_left",100,"very_fast",100,"Non",0.975609756097561,NA,NA,NA,NA,NA,NA,NA,NA,NA,60,"high","match",TRUE
216,"noticer_all3",3885,5299,"fast","Homme","18-25 ans","NON","5",NA,NA,NA,NA,17,39,NA,"OUI","right_to_left",96,"fast",90,"Non",NA,NA,NA,NA,NA,NA,NA,NA,NA,NA,60,"high","match",TRUE
217,"noticer_speed1",3902,8706,"fast","Femme","18-25 ans","OUI","0.1",30,NA,15,50,NA,NA,NA,NA,NA,NA,NA,NA,"Non",NA,NA,NA,NA,NA,NA,NA,NA,NA,NA,60,"high","match",FALSE
217,"noticer_speed1",3906,8146,"fast","Femme","18-25 ans","OUI","0.2",32,NA,25,78,NA,NA,NA,NA,NA,NA,NA,NA,"Non",NA,NA,NA,NA,NA,NA,NA,NA,NA,NA,60,"high","match",FALSE
217,"noticer_speed1",3910,5759,"fast","Femme","18-25 ans","OUI","0.3",27,NA,20,74,NA,NA,NA,NA,NA,NA,NA,NA,"Non",NA,NA,NA,NA,NA,NA,NA,NA,NA,NA,60,"high","match",FALSE
217,"noticer_speed1",3914,6121,"fast","Femme","18-25 ans","OUI","0.4",29,NA,27,93,NA,NA,NA,NA,NA,NA,NA,NA,"Non",NA,NA,NA,NA,NA,NA,NA,NA,NA,NA,60,"high","match",FALSE
217,"noticer_speed1",3918,5890,"fast","Femme","18-25 ans","OUI","0.5",29,NA,25,86,NA,NA,NA,NA,NA,NA,NA,NA,"Non",NA,NA,NA,NA,NA,NA,NA,NA,NA,NA,60,"high","match",FALSE
217,"noticer_speed1",3921,1970,"fast","Femme","18-25 ans","NON","1",NA,NA,41,NA,18,44,NA,NA,NA,NA,NA,NA,"Non",0.931818181818182,NA,NA,NA,NA,NA,NA,NA,NA,NA,60,"high","match",FALSE
217,"noticer_speed1",3924,2935,"fast","Femme","18-25 ans","NON","2",NA,NA,36,NA,18,44,NA,NA,NA,NA,NA,NA,"Non",0.818181818181818,NA,NA,NA,NA,NA,NA,NA,NA,NA,60,"high","match",FALSE
217,"noticer_speed1",3927,2121,"fast","Femme","18-25 ans","NON","3",NA,NA,36,NA,17,46,1,"OUI","diagonal",67,"fast",23,"Non",0.782608695652174,"NON","OUI","NON",NA,NA,NA,NA,NA,NA,60,"high","match",FALSE
217,"noticer_speed1",3935,1753,"fast","Femme","18-25 ans","NON","4",NA,NA,NA,NA,19,48,NA,"OUI","diagonal",91,"slow",63,"Non",NA,NA,NA,NA,NA,NA,NA,NA,NA,NA,60,"high","match",FALSE
217,"noticer_speed1",3944,3559,"fast","Femme","18-25 ans","NON","5",NA,NA,NA,NA,18,44,NA,"NON","vertical",22,"fast",38,"Non",NA,NA,NA,NA,NA,NA,NA,NA,NA,NA,60,"high","match",FALSE
218,"noticer_mov2",3962,12739,"fast","Homme","36-50 ans","OUI","0.1",31,NA,28,90,NA,NA,NA,NA,NA,NA,NA,NA,"Non",NA,NA,NA,NA,NA,NA,NA,NA,NA,NA,61,"high","match",FALSE
218,"noticer_mov2",3966,9741,"fast","Homme","36-50 ans","OUI","0.2",32,NA,38,81,NA,NA,NA,NA,NA,NA,NA,NA,"Non",NA,NA,NA,NA,NA,NA,NA,NA,NA,NA,61,"high","match",FALSE
218,"noticer_mov2",3969,2308,"fast","Homme","36-50 ans","NON","1",NA,NA,36,NA,18,47,NA,NA,NA,NA,NA,NA,"Non",0.765957446808511,NA,NA,NA,NA,NA,NA,NA,NA,NA,61,"high","match",FALSE
218,"noticer_mov2",3972,2545,"fast","Homme","36-50 ans","NON","2",NA,NA,42,NA,19,48,NA,NA,NA,NA,NA,NA,"Non",0.875,NA,NA,NA,NA,NA,NA,NA,NA,NA,61,"high","match",FALSE
218,"noticer_mov2",3975,5555,"fast","Homme","36-50 ans","NON","3",NA,NA,36,NA,16,38,1,"NON",NA,NA,NA,NA,"Non",0.947368421052632,"NON","NON","NON",NA,NA,NA,NA,NA,NA,61,"high","match",FALSE
218,"noticer_mov2",3979,4580,"fast","Homme","36-50 ans","NON","3",NA,NA,36,NA,18,43,2,"OUI","right_to_left",100,"very_fast",100,"Non",0.837209302325581,NA,NA,NA,"OUI","NON","NON",NA,NA,NA,61,"high","match",FALSE
218,"noticer_mov2",3987,3326,"fast","Homme","36-50 ans","NON","4",NA,NA,35,NA,16,43,NA,"OUI","right_to_left",100,"very_fast",100,"Non",0.813953488372093,NA,NA,NA,NA,NA,NA,NA,NA,NA,61,"high","match",FALSE
218,"noticer_mov2",3996,7345,"fast","Homme","36-50 ans","NON","5",NA,NA,NA,NA,16,42,NA,"OUI","right_to_left",100,"slow",100,"Non",NA,NA,NA,NA,NA,NA,NA,NA,NA,NA,61,"high","match",FALSE
219,"NO",4014,27410,"slow","Femme","36-50 ans","OUI","0.1",29,NA,20,69,NA,NA,NA,NA,NA,NA,NA,NA,"Non",NA,NA,NA,NA,NA,NA,NA,NA,NA,NA,60,"high","mismatch",FALSE
219,"NO",4050,3740,"slow","Femme","36-50 ans","OUI","0.10",29,NA,25,86,NA,NA,NA,NA,NA,NA,NA,NA,"Non",NA,NA,NA,NA,NA,NA,NA,NA,NA,NA,60,"high","mismatch",FALSE
219,"NO",4054,4307,"slow","Femme","36-50 ans","OUI","0.11",32,NA,28,88,NA,NA,NA,NA,NA,NA,NA,NA,"Non",NA,NA,NA,NA,NA,NA,NA,NA,NA,NA,60,"high","mismatch",FALSE
219,"NO",4018,24592,"slow","Femme","36-50 ans","OUI","0.2",30,NA,25,83,NA,NA,NA,NA,NA,NA,NA,NA,"Non",NA,NA,NA,NA,NA,NA,NA,NA,NA,NA,60,"high","mismatch",FALSE
219,"NO",4022,5809,"slow","Femme","36-50 ans","OUI","0.3",30,NA,17,57,NA,NA,NA,NA,NA,NA,NA,NA,"Non",NA,NA,NA,NA,NA,NA,NA,NA,NA,NA,60,"high","mismatch",FALSE
219,"NO",4026,5009,"slow","Femme","36-50 ans","OUI","0.4",30,NA,21,70,NA,NA,NA,NA,NA,NA,NA,NA,"Non",NA,NA,NA,NA,NA,NA,NA,NA,NA,NA,60,"high","mismatch",FALSE
219,"NO",4030,6325,"slow","Femme","36-50 ans","OUI","0.5",28,NA,20,71,NA,NA,NA,NA,NA,NA,NA,NA,"Non",NA,NA,NA,NA,NA,NA,NA,NA,NA,NA,60,"high","mismatch",FALSE
219,"NO",4034,5970,"slow","Femme","36-50 ans","OUI","0.6",28,NA,19,68,NA,NA,NA,NA,NA,NA,NA,NA,"Non",NA,NA,NA,NA,NA,NA,NA,NA,NA,NA,60,"high","mismatch",FALSE
219,"NO",4038,3773,"slow","Femme","36-50 ans","OUI","0.7",30,NA,22,73,NA,NA,NA,NA,NA,NA,NA,NA,"Non",NA,NA,NA,NA,NA,NA,NA,NA,NA,NA,60,"high","mismatch",FALSE
219,"NO",4042,4591,"slow","Femme","36-50 ans","OUI","0.8",28,NA,18,64,NA,NA,NA,NA,NA,NA,NA,NA,"Non",NA,NA,NA,NA,NA,NA,NA,NA,NA,NA,60,"high","mismatch",FALSE
219,"NO",4046,4073,"slow","Femme","36-50 ans","OUI","0.9",33,NA,23,70,NA,NA,NA,NA,NA,NA,NA,NA,"Non",NA,NA,NA,NA,NA,NA,NA,NA,NA,NA,60,"high","mismatch",FALSE
219,"NO",4057,4749,"slow","Femme","36-50 ans","NON","1",NA,NA,25,NA,18,45,NA,NA,NA,NA,NA,NA,"Non",0.555555555555556,NA,NA,NA,NA,NA,NA,NA,NA,NA,60,"high","mismatch",FALSE
219,"NO",4060,2713,"slow","Femme","36-50 ans","NON","2",NA,NA,30,NA,17,41,NA,NA,NA,NA,NA,NA,"Non",0.731707317073171,NA,NA,NA,NA,NA,NA,NA,NA,NA,60,"high","mismatch",FALSE
219,"NO",4063,1013,"slow","Femme","36-50 ans","NON","3",NA,NA,32,NA,17,47,1,"NON",NA,NA,NA,NA,"Non",0.680851063829787,"NON","NON","NON",NA,NA,NA,NA,NA,NA,60,"high","mismatch",FALSE
219,"NO",4067,1193,"slow","Femme","36-50 ans","NON","3",NA,NA,23,NA,19,39,2,"NON",NA,NA,NA,NA,"Non",0.58974358974359,NA,NA,NA,"NON","NON","NON",NA,NA,NA,60,"high","mismatch",FALSE
219,"NO",4071,1127,"slow","Femme","36-50 ans","NON","3",NA,NA,29,NA,16,40,3,"NON",NA,NA,NA,NA,"Non",0.725,NA,NA,NA,NA,NA,NA,"NON","NON","NON",60,"high","mismatch",FALSE
219,"NO",4075,1078,"slow","Femme","36-50 ans","NON","4",NA,NA,30,NA,17,47,NA,"OUI","right_to_left",100,"slow",100,"Non",0.638297872340426,NA,NA,NA,NA,NA,NA,NA,NA,NA,60,"high","mismatch",FALSE
219,"NO",4084,8666,"slow","Femme","36-50 ans","NON","5",NA,NA,NA,NA,20,44,NA,"NON","right_to_left",95,"slow",89,"Non",NA,NA,NA,NA,NA,NA,NA,NA,NA,NA,60,"high","mismatch",FALSE
220,"noticer_mov1",4101,31342,"fast","Femme","51 ans et plus","OUI","0.1",31,NA,16,52,NA,NA,NA,NA,NA,NA,NA,NA,"Non",NA,NA,NA,NA,NA,NA,NA,NA,NA,NA,60,"high","match",FALSE
220,"noticer_mov1",4105,10305,"fast","Femme","51 ans et plus","OUI","0.2",28,NA,26,93,NA,NA,NA,NA,NA,NA,NA,NA,"Non",NA,NA,NA,NA,NA,NA,NA,NA,NA,NA,60,"high","match",FALSE
220,"noticer_mov1",4109,30214,"fast","Femme","51 ans et plus","OUI","0.3",33,NA,29,88,NA,NA,NA,NA,NA,NA,NA,NA,"Non",NA,NA,NA,NA,NA,NA,NA,NA,NA,NA,60,"high","match",FALSE
220,"noticer_mov1",4112,2514,"fast","Femme","51 ans et plus","NON","1",NA,NA,36,NA,17,47,NA,NA,NA,NA,NA,NA,"Non",0.765957446808511,NA,NA,NA,NA,NA,NA,NA,NA,NA,60,"high","match",FALSE
220,"noticer_mov1",4115,8606,"fast","Femme","51 ans et plus","NON","2",NA,NA,31,NA,18,48,NA,NA,NA,NA,NA,NA,"Non",0.645833333333333,NA,NA,NA,NA,NA,NA,NA,NA,NA,60,"high","match",FALSE
220,"noticer_mov1",4118,2622,"fast","Femme","51 ans et plus","NON","3",NA,NA,27,NA,20,48,1,"OUI","right_to_left",90,"slow",40,"Non",0.5625,"OUI","NON","NON",NA,NA,NA,NA,NA,NA,60,"high","match",FALSE
220,"noticer_mov1",4126,11035,"fast","Femme","51 ans et plus","NON","4",NA,NA,35,NA,20,48,NA,"NON","vertical",46,"fast",47,"Non",0.729166666666667,NA,NA,NA,NA,NA,NA,NA,NA,NA,60,"high","match",FALSE
220,"noticer_mov1",4135,3634,"fast","Femme","51 ans et plus","NON","5",NA,NA,NA,NA,20,40,NA,"OUI","vertical",65,"very_fast",46,"Non",NA,NA,NA,NA,NA,NA,NA,NA,NA,NA,60,"high","match",FALSE
221,"noticer_speed1",4153,10438,"slow","Homme","Moins de 18 ans","OUI","0.1",31,NA,28,90,NA,NA,NA,NA,NA,NA,NA,NA,"Non",NA,NA,NA,NA,NA,NA,NA,NA,NA,NA,60,"high","mismatch",FALSE
221,"noticer_speed1",4157,12191,"slow","Homme","Moins de 18 ans","OUI","0.2",34,NA,31,91,NA,NA,NA,NA,NA,NA,NA,NA,"Non",NA,NA,NA,NA,NA,NA,NA,NA,NA,NA,60,"high","mismatch",FALSE
221,"noticer_speed1",4160,1533,"slow","Homme","Moins de 18 ans","NON","1",NA,NA,42,NA,20,47,NA,NA,NA,NA,NA,NA,"Non",0.893617021276596,NA,NA,NA,NA,NA,NA,NA,NA,NA,60,"high","mismatch",FALSE
221,"noticer_speed1",4163,6244,"slow","Homme","Moins de 18 ans","NON","2",NA,NA,38,NA,17,43,NA,NA,NA,NA,NA,NA,"Non",0.883720930232558,NA,NA,NA,NA,NA,NA,NA,NA,NA,60,"high","mismatch",FALSE
221,"noticer_speed1",4166,1060,"slow","Homme","Moins de 18 ans","NON","3",NA,NA,38,NA,20,43,1,"OUI","vertical",77,"fast",56,"Non",0.883720930232558,"NON","OUI","NON",NA,NA,NA,NA,NA,NA,60,"high","mismatch",FALSE
221,"noticer_speed1",4174,1280,"slow","Homme","Moins de 18 ans","NON","4",NA,NA,34,NA,16,38,NA,"NON","right_to_left",57,"fast",41,"Non",0.894736842105263,NA,NA,NA,NA,NA,NA,NA,NA,NA,60,"high","mismatch",FALSE
221,"noticer_speed1",4183,3983,"slow","Homme","Moins de 18 ans","NON","5",NA,NA,NA,NA,18,45,NA,"OUI","right_to_left",91,"fast",69,"Non",NA,NA,NA,NA,NA,NA,NA,NA,NA,NA,60,"high","mismatch",FALSE
222,"noticer_speed3",4201,15106,"slow","Homme","51 ans et plus","OUI","0.1",32,NA,20,63,NA,NA,NA,NA,NA,NA,NA,NA,"Non",NA,NA,NA,NA,NA,NA,NA,NA,NA,NA,60,"high","mismatch",TRUE
222,"noticer_speed3",4205,15923,"slow","Homme","51 ans et plus","OUI","0.2",30,NA,18,60,NA,NA,NA,NA,NA,NA,NA,NA,"Non",NA,NA,NA,NA,NA,NA,NA,NA,NA,NA,60,"high","mismatch",TRUE
222,"noticer_speed3",4209,9540,"slow","Homme","51 ans et plus","OUI","0.3",32,NA,32,100,NA,NA,NA,NA,NA,NA,NA,NA,"Non",NA,NA,NA,NA,NA,NA,NA,NA,NA,NA,60,"high","mismatch",TRUE
222,"noticer_speed3",4213,7600,"slow","Homme","51 ans et plus","OUI","0.4",32,NA,23,72,NA,NA,NA,NA,NA,NA,NA,NA,"Non",NA,NA,NA,NA,NA,NA,NA,NA,NA,NA,60,"high","mismatch",TRUE
222,"noticer_speed3",4217,7363,"slow","Homme","51 ans et plus","OUI","0.5",31,NA,21,68,NA,NA,NA,NA,NA,NA,NA,NA,"Non",NA,NA,NA,NA,NA,NA,NA,NA,NA,NA,60,"high","mismatch",TRUE
222,"noticer_speed3",4221,9893,"slow","Homme","51 ans et plus","OUI","0.6",31,NA,28,90,NA,NA,NA,NA,NA,NA,NA,NA,"Non",NA,NA,NA,NA,NA,NA,NA,NA,NA,NA,60,"high","mismatch",TRUE
222,"noticer_speed3",4225,5560,"slow","Homme","51 ans et plus","OUI","0.7",33,NA,27,82,NA,NA,NA,NA,NA,NA,NA,NA,"Non",NA,NA,NA,NA,NA,NA,NA,NA,NA,NA,60,"high","mismatch",TRUE
222,"noticer_speed3",4228,1099,"slow","Homme","51 ans et plus","NON","1",NA,NA,34,NA,17,44,NA,NA,NA,NA,NA,NA,"Non",0.772727272727273,NA,NA,NA,NA,NA,NA,NA,NA,NA,60,"high","mismatch",TRUE
222,"noticer_speed3",4231,1865,"slow","Homme","51 ans et plus","NON","2",NA,NA,30,NA,19,45,NA,NA,NA,NA,NA,NA,"Non",0.666666666666667,NA,NA,NA,NA,NA,NA,NA,NA,NA,60,"high","mismatch",TRUE
222,"noticer_speed3",4234,1399,"slow","Homme","51 ans et plus","NON","3",NA,NA,29,NA,16,39,1,"NON",NA,NA,NA,NA,"Non",0.743589743589744,"NON","NON","NON",NA,NA,NA,NA,NA,NA,60,"high","mismatch",TRUE
222,"noticer_speed3",4238,1830,"slow","Homme","51 ans et plus","NON","3",NA,NA,36,NA,16,47,2,"NON",NA,NA,NA,NA,"Non",0.765957446808511,NA,NA,NA,"NON","NON","NON",NA,NA,NA,60,"high","mismatch",TRUE
222,"noticer_speed3",4242,1795,"slow","Homme","51 ans et plus","NON","3",NA,NA,32,NA,17,47,3,"OUI","diagonal",100,"fast",100,"Non",0.680851063829787,NA,NA,NA,NA,NA,NA,"NON","OUI","NON",60,"high","mismatch",TRUE
222,"noticer_speed3",4250,5616,"slow","Homme","51 ans et plus","NON","4",NA,NA,35,NA,17,42,NA,"NON","right_to_left",73,"fast",81,"Non",0.833333333333333,NA,NA,NA,NA,NA,NA,NA,NA,NA,60,"high","mismatch",TRUE
222,"noticer_speed3",4259,9134,"slow","Homme","51 ans et plus","NON","5",NA,NA,NA,NA,17,47,NA,"OUI","right_to_left",100,"slow",95,"Non",NA,NA,NA,NA,NA,NA,NA,NA,NA,NA,60,"high","mismatch",TRUE
223,"noticer_mov1",4276,11648,"fast","Femme","36-50 ans","OUI","0.1",30,NA,11,37,NA,NA,NA,NA,NA,NA,NA,NA,"Non",NA,NA,NA,NA,NA,NA,NA,NA,NA,NA,60,"high","match",TRUE
223,"noticer_mov1",4280,5100,"fast","Femme","36-50 ans","OUI","0.2",30,NA,24,80,NA,NA,NA,NA,NA,NA,NA,NA,"Non",NA,NA,NA,NA,NA,NA,NA,NA,NA,NA,60,"high","match",TRUE
223,"noticer_mov1",4284,4792,"fast","Femme","36-50 ans","OUI","0.3",29,NA,20,69,NA,NA,NA,NA,NA,NA,NA,NA,"Non",NA,NA,NA,NA,NA,NA,NA,NA,NA,NA,60,"high","match",TRUE
223,"noticer_mov1",4288,4588,"fast","Femme","36-50 ans","OUI","0.4",29,NA,23,79,NA,NA,NA,NA,NA,NA,NA,NA,"Non",NA,NA,NA,NA,NA,NA,NA,NA,NA,NA,60,"high","match",TRUE
223,"noticer_mov1",4292,5606,"fast","Femme","36-50 ans","OUI","0.5",30,NA,19,63,NA,NA,NA,NA,NA,NA,NA,NA,"Non",NA,NA,NA,NA,NA,NA,NA,NA,NA,NA,60,"high","match",TRUE
223,"noticer_mov1",4296,4254,"fast","Femme","36-50 ans","OUI","0.6",29,NA,22,76,NA,NA,NA,NA,NA,NA,NA,NA,"Non",NA,NA,NA,NA,NA,NA,NA,NA,NA,NA,60,"high","match",TRUE
223,"noticer_mov1",4300,3821,"fast","Femme","36-50 ans","OUI","0.7",30,NA,24,80,NA,NA,NA,NA,NA,NA,NA,NA,"Non",NA,NA,NA,NA,NA,NA,NA,NA,NA,NA,60,"high","match",TRUE
223,"noticer_mov1",4304,3575,"fast","Femme","36-50 ans","OUI","0.8",33,NA,29,88,NA,NA,NA,NA,NA,NA,NA,NA,"Non",NA,NA,NA,NA,NA,NA,NA,NA,NA,NA,60,"high","match",TRUE
223,"noticer_mov1",4307,3148,"fast","Femme","36-50 ans","NON","1",NA,NA,35,NA,17,39,NA,NA,NA,NA,NA,NA,"Non",0.897435897435897,NA,NA,NA,NA,NA,NA,NA,NA,NA,60,"high","match",TRUE
223,"noticer_mov1",4310,1495,"fast","Femme","36-50 ans","NON","2",NA,NA,41,NA,20,48,NA,NA,NA,NA,NA,NA,"Non",0.854166666666667,NA,NA,NA,NA,NA,NA,NA,NA,NA,60,"high","match",TRUE
223,"noticer_mov1",4313,1779,"fast","Femme","36-50 ans","NON","3",NA,NA,36,NA,20,43,1,"OUI","right_to_left",100,"slow",58,"Non",0.837209302325581,"OUI","NON","NON",NA,NA,NA,NA,NA,NA,60,"high","match",TRUE
223,"noticer_mov1",4321,1798,"fast","Femme","36-50 ans","NON","4",NA,NA,31,NA,17,38,NA,"OUI","right_to_left",68,"fast",62,"Non",0.815789473684211,NA,NA,NA,NA,NA,NA,NA,NA,NA,60,"high","match",TRUE
223,"noticer_mov1",4330,5783,"fast","Femme","36-50 ans","NON","5",NA,NA,NA,NA,17,47,NA,"OUI","right_to_left",69,"fast",44,"Non",NA,NA,NA,NA,NA,NA,NA,NA,NA,NA,60,"high","match",TRUE
224,"NO",4348,12683,"fast","Femme","18-25 ans","OUI","0.1",33,NA,16,48,NA,NA,NA,NA,NA,NA,NA,NA,"Oui",NA,NA,NA,NA,NA,NA,NA,NA,NA,NA,60,"high","match",FALSE
224,"NO",4352,5104,"fast","Femme","18-25 ans","OUI","0.2",32,NA,15,47,NA,NA,NA,NA,NA,NA,NA,NA,"Oui",NA,NA,NA,NA,NA,NA,NA,NA,NA,NA,60,"high","match",FALSE
224,"NO",4356,7900,"fast","Femme","18-25 ans","OUI","0.3",30,NA,20,67,NA,NA,NA,NA,NA,NA,NA,NA,"Oui",NA,NA,NA,NA,NA,NA,NA,NA,NA,NA,60,"high","match",FALSE
224,"NO",4360,9159,"fast","Femme","18-25 ans","OUI","0.4",31,NA,22,71,NA,NA,NA,NA,NA,NA,NA,NA,"Oui",NA,NA,NA,NA,NA,NA,NA,NA,NA,NA,60,"high","match",FALSE
224,"NO",4364,3607,"fast","Femme","18-25 ans","OUI","0.5",31,NA,27,87,NA,NA,NA,NA,NA,NA,NA,NA,"Oui",NA,NA,NA,NA,NA,NA,NA,NA,NA,NA,60,"high","match",FALSE
224,"NO",4368,3627,"fast","Femme","18-25 ans","OUI","0.6",31,NA,27,87,NA,NA,NA,NA,NA,NA,NA,NA,"Oui",NA,NA,NA,NA,NA,NA,NA,NA,NA,NA,60,"high","match",FALSE
224,"NO",4371,1369,"fast","Femme","18-25 ans","NON","1",NA,NA,37,NA,17,43,NA,NA,NA,NA,NA,NA,"Oui",0.86046511627907,NA,NA,NA,NA,NA,NA,NA,NA,NA,60,"high","match",FALSE
224,"NO",4374,2920,"fast","Femme","18-25 ans","NON","2",NA,NA,27,NA,16,43,NA,NA,NA,NA,NA,NA,"Oui",0.627906976744186,NA,NA,NA,NA,NA,NA,NA,NA,NA,60,"high","match",FALSE
224,"NO",4377,1680,"fast","Femme","18-25 ans","NON","3",NA,NA,27,NA,17,44,1,"NON",NA,NA,NA,NA,"Oui",0.613636363636364,"NON","NON","NON",NA,NA,NA,NA,NA,NA,60,"high","match",FALSE
224,"NO",4381,1311,"fast","Femme","18-25 ans","NON","3",NA,NA,29,NA,20,46,2,"OUI","random",0,"very_fast",1,"Oui",0.630434782608696,NA,NA,NA,"NON","NON","NON",NA,NA,NA,60,"high","match",FALSE
224,"NO",4389,1101,"fast","Femme","18-25 ans","NON","4",NA,NA,30,NA,20,42,NA,"OUI","right_to_left",100,"fast",100,"Oui",0.714285714285714,NA,NA,NA,NA,NA,NA,NA,NA,NA,60,"high","match",FALSE
224,"NO",4398,3491,"fast","Femme","18-25 ans","NON","5",NA,NA,NA,NA,18,46,NA,"OUI","vertical",100,"slow",100,"Oui",NA,NA,NA,NA,NA,NA,NA,NA,NA,NA,60,"high","match",FALSE
225,"NO",4416,4599,"slow","Femme","18-25 ans","OUI","0.1",26,NA,16,62,NA,NA,NA,NA,NA,NA,NA,NA,"Oui",NA,NA,NA,NA,NA,NA,NA,NA,NA,NA,60,"high","mismatch",FALSE
225,"NO",4452,26365,"slow","Femme","18-25 ans","OUI","0.10",29,NA,28,97,NA,NA,NA,NA,NA,NA,NA,NA,"Oui",NA,NA,NA,NA,NA,NA,NA,NA,NA,NA,60,"high","mismatch",FALSE
225,"NO",4420,4609,"slow","Femme","18-25 ans","OUI","0.2",30,NA,23,77,NA,NA,NA,NA,NA,NA,NA,NA,"Oui",NA,NA,NA,NA,NA,NA,NA,NA,NA,NA,60,"high","mismatch",FALSE
225,"NO",4424,3840,"slow","Femme","18-25 ans","OUI","0.3",27,NA,24,89,NA,NA,NA,NA,NA,NA,NA,NA,"Oui",NA,NA,NA,NA,NA,NA,NA,NA,NA,NA,60,"high","mismatch",FALSE
225,"NO",4428,3769,"slow","Femme","18-25 ans","OUI","0.4",30,NA,23,77,NA,NA,NA,NA,NA,NA,NA,NA,"Oui",NA,NA,NA,NA,NA,NA,NA,NA,NA,NA,60,"high","mismatch",FALSE
225,"NO",4432,3719,"slow","Femme","18-25 ans","OUI","0.5",26,NA,25,96,NA,NA,NA,NA,NA,NA,NA,NA,"Oui",NA,NA,NA,NA,NA,NA,NA,NA,NA,NA,60,"high","mismatch",FALSE
225,"NO",4436,8802,"slow","Femme","18-25 ans","OUI","0.6",31,NA,24,77,NA,NA,NA,NA,NA,NA,NA,NA,"Oui",NA,NA,NA,NA,NA,NA,NA,NA,NA,NA,60,"high","mismatch",FALSE
225,"NO",4440,6057,"slow","Femme","18-25 ans","OUI","0.7",28,NA,24,86,NA,NA,NA,NA,NA,NA,NA,NA,"Oui",NA,NA,NA,NA,NA,NA,NA,NA,NA,NA,60,"high","mismatch",FALSE
225,"NO",4444,53019,"slow","Femme","18-25 ans","OUI","0.8",34,NA,26,76,NA,NA,NA,NA,NA,NA,NA,NA,"Oui",NA,NA,NA,NA,NA,NA,NA,NA,NA,NA,60,"high","mismatch",FALSE
225,"NO",4448,5622,"slow","Femme","18-25 ans","OUI","0.9",27,NA,29,93,NA,NA,NA,NA,NA,NA,NA,NA,"Oui",NA,NA,NA,NA,NA,NA,NA,NA,NA,NA,60,"high","mismatch",FALSE
225,"NO",4455,1184,"slow","Femme","18-25 ans","NON","1",NA,NA,39,NA,18,44,NA,NA,NA,NA,NA,NA,"Oui",0.886363636363636,NA,NA,NA,NA,NA,NA,NA,NA,NA,60,"high","mismatch",FALSE
225,"NO",4458,1600,"slow","Femme","18-25 ans","NON","2",NA,NA,28,NA,17,47,NA,NA,NA,NA,NA,NA,"Oui",0.595744680851064,NA,NA,NA,NA,NA,NA,NA,NA,NA,60,"high","mismatch",FALSE
225,"NO",4461,1010,"slow","Femme","18-25 ans","NON","3",NA,NA,43,NA,19,45,1,"OUI","random",60,"slow",34,"Oui",0.955555555555556,"NON","NON","NON",NA,NA,NA,NA,NA,NA,60,"high","mismatch",FALSE
225,"NO",4469,1419,"slow","Femme","18-25 ans","NON","4",NA,NA,40,NA,15,46,NA,"NON","diagonal",72,"fast",69,"Oui",0.869565217391304,NA,NA,NA,NA,NA,NA,NA,NA,NA,60,"high","mismatch",FALSE
225,"NO",4478,7266,"slow","Femme","18-25 ans","NON","5",NA,NA,NA,NA,17,40,NA,"NON","diagonal",60,"slow",17,"Oui",NA,NA,NA,NA,NA,NA,NA,NA,NA,NA,60,"high","mismatch",FALSE
226,"noticer_mov2",4496,5100,"fast","Préfère ne pas répondre","18-25 ans","OUI","0.1",29,NA,26,90,NA,NA,NA,NA,NA,NA,NA,NA,"Non",NA,NA,NA,NA,NA,NA,NA,NA,NA,NA,61,"high","match",TRUE
226,"noticer_mov2",4500,3334,"fast","Préfère ne pas répondre","18-25 ans","OUI","0.2",30,NA,28,93,NA,NA,NA,NA,NA,NA,NA,NA,"Non",NA,NA,NA,NA,NA,NA,NA,NA,NA,NA,61,"high","match",TRUE
226,"noticer_mov2",4503,1924,"fast","Préfère ne pas répondre","18-25 ans","NON","1",NA,NA,NA,NA,20,47,NA,NA,NA,NA,NA,NA,"Non",NA,NA,NA,NA,NA,NA,NA,NA,NA,NA,61,"high","match",TRUE
226,"noticer_mov2",4506,57227,"fast","Préfère ne pas répondre","18-25 ans","NON","2",NA,NA,43,NA,18,49,NA,NA,NA,NA,NA,NA,"Non",0.877551020408163,NA,NA,NA,NA,NA,NA,NA,NA,NA,61,"high","match",TRUE
226,"noticer_mov2",4509,3991,"fast","Préfère ne pas répondre","18-25 ans","NON","3",NA,NA,41,NA,18,43,1,"NON",NA,NA,NA,NA,"Non",0.953488372093023,"NON","NON","NON",NA,NA,NA,NA,NA,NA,61,"high","match",TRUE
226,"noticer_mov2",4513,36068,"fast","Préfère ne pas répondre","18-25 ans","NON","3",NA,NA,37,NA,14,48,2,"OUI","right_to_left",100,"very_fast",74,"Non",0.770833333333333,NA,NA,NA,"OUI","NON","NON",NA,NA,NA,61,"high","match",TRUE
226,"noticer_mov2",4521,3819,"fast","Préfère ne pas répondre","18-25 ans","NON","4",NA,NA,35,NA,19,43,NA,"OUI","right_to_left",100,"fast",75,"Non",0.813953488372093,NA,NA,NA,NA,NA,NA,NA,NA,NA,61,"high","match",TRUE
226,"noticer_mov2",4530,3993,"fast","Préfère ne pas répondre","18-25 ans","NON","5",NA,NA,NA,NA,17,42,NA,"OUI","right_to_left",100,"fast",81,"Non",NA,NA,NA,NA,NA,NA,NA,NA,NA,NA,61,"high","match",TRUE
227,"noticer_speed3",4548,2285,"slow","Femme","18-25 ans","OUI","0.1",30,NA,24,80,NA,NA,NA,NA,NA,NA,NA,NA,"Non",NA,NA,NA,NA,NA,NA,NA,NA,NA,NA,60,"high","mismatch",TRUE
227,"noticer_speed3",4552,2183,"slow","Femme","18-25 ans","OUI","0.2",31,NA,31,100,NA,NA,NA,NA,NA,NA,NA,NA,"Non",NA,NA,NA,NA,NA,NA,NA,NA,NA,NA,60,"high","mismatch",TRUE
227,"noticer_speed3",4555,2342,"slow","Femme","18-25 ans","NON","1",NA,NA,38,NA,19,47,NA,NA,NA,NA,NA,NA,"Non",0.808510638297872,NA,NA,NA,NA,NA,NA,NA,NA,NA,60,"high","mismatch",TRUE
227,"noticer_speed3",4558,2335,"slow","Femme","18-25 ans","NON","2",NA,NA,31,NA,15,46,NA,NA,NA,NA,NA,NA,"Non",0.673913043478261,NA,NA,NA,NA,NA,NA,NA,NA,NA,60,"high","mismatch",TRUE
227,"noticer_speed3",4561,3329,"slow","Femme","18-25 ans","NON","3",NA,NA,29,NA,19,42,1,"NON",NA,NA,NA,NA,"Non",0.69047619047619,"NON","NON","NON",NA,NA,NA,NA,NA,NA,60,"high","mismatch",TRUE
227,"noticer_speed3",4565,1456,"slow","Femme","18-25 ans","NON","3",NA,NA,30,NA,16,41,2,"NON",NA,NA,NA,NA,"Non",0.731707317073171,NA,NA,NA,"NON","NON","NON",NA,NA,NA,60,"high","mismatch",TRUE
227,"noticer_speed3",4569,1195,"slow","Femme","18-25 ans","NON","3",NA,NA,31,NA,16,47,3,"OUI","vertical",100,"fast",60,"Non",0.659574468085106,NA,NA,NA,NA,NA,NA,"NON","OUI","NON",60,"high","mismatch",TRUE
227,"noticer_speed3",4577,1046,"slow","Femme","18-25 ans","NON","4",NA,NA,32,NA,20,47,NA,"OUI","right_to_left",99,"slow",27,"Non",0.680851063829787,NA,NA,NA,NA,NA,NA,NA,NA,NA,60,"high","mismatch",TRUE
227,"noticer_speed3",4586,3388,"slow","Femme","18-25 ans","NON","5",NA,NA,NA,NA,18,48,NA,"OUI","right_to_left",100,"slow",100,"Non",NA,NA,NA,NA,NA,NA,NA,NA,NA,NA,60,"high","mismatch",TRUE
228,"NO",4604,5716,"fast","Femme","18-25 ans","OUI","0.1",31,NA,29,94,NA,NA,NA,NA,NA,NA,NA,NA,"Non",NA,NA,NA,NA,NA,NA,NA,NA,NA,NA,60,"high","match",FALSE
228,"NO",4608,4996,"fast","Femme","18-25 ans","OUI","0.2",31,NA,23,74,NA,NA,NA,NA,NA,NA,NA,NA,"Non",NA,NA,NA,NA,NA,NA,NA,NA,NA,NA,60,"high","match",FALSE
228,"NO",4612,23269,"fast","Femme","18-25 ans","OUI","0.3",31,NA,32,97,NA,NA,NA,NA,NA,NA,NA,NA,"Non",NA,NA,NA,NA,NA,NA,NA,NA,NA,NA,60,"high","match",FALSE
228,"NO",4616,13346,"fast","Femme","18-25 ans","OUI","0.4",27,NA,31,85,NA,NA,NA,NA,NA,NA,NA,NA,"Non",NA,NA,NA,NA,NA,NA,NA,NA,NA,NA,60,"high","match",FALSE
228,"NO",4619,1726,"fast","Femme","18-25 ans","NON","1",NA,NA,29,NA,18,46,NA,NA,NA,NA,NA,NA,"Non",0.630434782608696,NA,NA,NA,NA,NA,NA,NA,NA,NA,60,"high","match",FALSE
228,"NO",4622,2304,"fast","Femme","18-25 ans","NON","2",NA,NA,25,NA,20,47,NA,NA,NA,NA,NA,NA,"Non",0.531914893617021,NA,NA,NA,NA,NA,NA,NA,NA,NA,60,"high","match",FALSE
228,"NO",4625,1831,"fast","Femme","18-25 ans","NON","3",NA,NA,30,NA,17,45,1,"NON",NA,NA,NA,NA,"Non",0.666666666666667,"NON","NON","NON",NA,NA,NA,NA,NA,NA,60,"high","match",FALSE
228,"NO",4629,830,"fast","Femme","18-25 ans","NON","3",NA,NA,27,NA,18,46,2,"NON",NA,NA,NA,NA,"Non",0.58695652173913,NA,NA,NA,"NON","NON","NON",NA,NA,NA,60,"high","match",FALSE
228,"NO",4633,1960,"fast","Femme","18-25 ans","NON","3",NA,NA,22,NA,19,43,3,"NON",NA,NA,NA,NA,"Non",0.511627906976744,NA,NA,NA,NA,NA,NA,"NON","NON","NON",60,"high","match",FALSE
228,"NO",4637,18948,"fast","Femme","18-25 ans","NON","4",NA,NA,28,NA,17,44,NA,"NON","right_to_left",0,"slow",0,"Non",0.636363636363636,NA,NA,NA,NA,NA,NA,NA,NA,NA,60,"high","match",FALSE
228,"NO",4646,2162,"fast","Femme","18-25 ans","NON","5",NA,NA,NA,NA,20,43,NA,"OUI","right_to_left",0,"slow",50,"Non",NA,NA,NA,NA,NA,NA,NA,NA,NA,NA,60,"high","match",FALSE
229,"noticer_speed2",4664,9048,"slow","Femme","51 ans et plus","OUI","0.1",26,NA,11,42,NA,NA,NA,NA,NA,NA,NA,NA,"Non",NA,NA,NA,NA,NA,NA,NA,NA,NA,NA,60,"high","mismatch",FALSE
229,"noticer_speed2",4668,5102,"slow","Femme","51 ans et plus","OUI","0.2",29,NA,17,59,NA,NA,NA,NA,NA,NA,NA,NA,"Non",NA,NA,NA,NA,NA,NA,NA,NA,NA,NA,60,"high","mismatch",FALSE
229,"noticer_speed2",4672,4933,"slow","Femme","51 ans et plus","OUI","0.3",30,NA,19,63,NA,NA,NA,NA,NA,NA,NA,NA,"Non",NA,NA,NA,NA,NA,NA,NA,NA,NA,NA,60,"high","mismatch",FALSE
229,"noticer_speed2",4676,4857,"slow","Femme","51 ans et plus","OUI","0.4",31,NA,23,74,NA,NA,NA,NA,NA,NA,NA,NA,"Non",NA,NA,NA,NA,NA,NA,NA,NA,NA,NA,60,"high","mismatch",FALSE
229,"noticer_speed2",4680,5080,"slow","Femme","51 ans et plus","OUI","0.5",31,NA,22,71,NA,NA,NA,NA,NA,NA,NA,NA,"Non",NA,NA,NA,NA,NA,NA,NA,NA,NA,NA,60,"high","mismatch",FALSE
229,"noticer_speed2",4684,4122,"slow","Femme","51 ans et plus","OUI","0.6",33,NA,21,64,NA,NA,NA,NA,NA,NA,NA,NA,"Non",NA,NA,NA,NA,NA,NA,NA,NA,NA,NA,60,"high","mismatch",FALSE
229,"noticer_speed2",4688,5553,"slow","Femme","51 ans et plus","OUI","0.7",29,NA,25,86,NA,NA,NA,NA,NA,NA,NA,NA,"Non",NA,NA,NA,NA,NA,NA,NA,NA,NA,NA,60,"high","mismatch",FALSE
229,"noticer_speed2",4692,6348,"slow","Femme","51 ans et plus","OUI","0.8",30,NA,25,83,NA,NA,NA,NA,NA,NA,NA,NA,"Non",NA,NA,NA,NA,NA,NA,NA,NA,NA,NA,60,"high","mismatch",FALSE
229,"noticer_speed2",4695,1002,"slow","Femme","51 ans et plus","NON","1",NA,NA,37,NA,18,42,NA,NA,NA,NA,NA,NA,"Non",0.880952380952381,NA,NA,NA,NA,NA,NA,NA,NA,NA,60,"high","mismatch",FALSE
229,"noticer_speed2",4698,7306,"slow","Femme","51 ans et plus","NON","2",NA,NA,33,NA,19,39,NA,NA,NA,NA,NA,NA,"Non",0.846153846153846,NA,NA,NA,NA,NA,NA,NA,NA,NA,60,"high","mismatch",FALSE
229,"noticer_speed2",4701,3709,"slow","Femme","51 ans et plus","NON","3",NA,NA,28,NA,18,47,1,"NON",NA,NA,NA,NA,"Non",0.595744680851064,"NON","NON","NON",NA,NA,NA,NA,NA,NA,60,"high","mismatch",FALSE
229,"noticer_speed2",4705,28740,"slow","Femme","51 ans et plus","NON","3",NA,NA,27,NA,17,47,2,"OUI","diagonal",15,"fast",50,"Non",0.574468085106383,NA,NA,NA,"NON","OUI","NON",NA,NA,NA,60,"high","mismatch",FALSE
229,"noticer_speed2",4713,6965,"slow","Femme","51 ans et plus","NON","4",NA,NA,23,NA,16,42,NA,"NON","vertical",76,"fast",58,"Non",0.547619047619048,NA,NA,NA,NA,NA,NA,NA,NA,NA,60,"high","mismatch",FALSE
229,"noticer_speed2",4722,28637,"slow","Femme","51 ans et plus","NON","5",NA,NA,NA,NA,19,46,NA,"NON","vertical",7,"slow",6,"Non",NA,NA,NA,NA,NA,NA,NA,NA,NA,NA,60,"high","mismatch",FALSE
230,"noticer_speed1",4740,7310,"fast","Femme","18-25 ans","OUI","0.1",30,NA,23,77,NA,NA,NA,NA,NA,NA,NA,NA,"Oui",NA,NA,NA,NA,NA,NA,NA,NA,NA,NA,60,"high","match",FALSE
230,"noticer_speed1",4744,7294,"fast","Femme","18-25 ans","OUI","0.2",30,NA,31,97,NA,NA,NA,NA,NA,NA,NA,NA,"Oui",NA,NA,NA,NA,NA,NA,NA,NA,NA,NA,60,"high","match",FALSE
230,"noticer_speed1",4748,12220,"fast","Femme","18-25 ans","OUI","0.3",27,NA,23,85,NA,NA,NA,NA,NA,NA,NA,NA,"Oui",NA,NA,NA,NA,NA,NA,NA,NA,NA,NA,60,"high","match",FALSE
230,"noticer_speed1",4751,1458,"fast","Femme","18-25 ans","NON","1",NA,NA,33,NA,19,40,NA,NA,NA,NA,NA,NA,"Oui",0.825,NA,NA,NA,NA,NA,NA,NA,NA,NA,60,"high","match",FALSE
230,"noticer_speed1",4754,19564,"fast","Femme","18-25 ans","NON","2",NA,NA,36,NA,17,48,NA,NA,NA,NA,NA,NA,"Oui",0.75,NA,NA,NA,NA,NA,NA,NA,NA,NA,60,"high","match",FALSE
230,"noticer_speed1",4757,3918,"fast","Femme","18-25 ans","NON","3",NA,NA,32,NA,19,44,1,"OUI","random",21,"fast",0,"Oui",0.727272727272727,"NON","OUI","NON",NA,NA,NA,NA,NA,NA,60,"high","match",FALSE
230,"noticer_speed1",4765,21546,"fast","Femme","18-25 ans","NON","4",NA,NA,32,NA,18,47,NA,"OUI","right_to_left",71,"fast",50,"Oui",0.680851063829787,NA,NA,NA,NA,NA,NA,NA,NA,NA,60,"high","match",FALSE
230,"noticer_speed1",4774,12619,"fast","Femme","18-25 ans","NON","5",NA,NA,NA,NA,19,41,NA,"NON","diagonal",19,"slow",31,"Oui",NA,NA,NA,NA,NA,NA,NA,NA,NA,NA,60,"high","match",FALSE
231,"NO",4792,7405,"fast","Femme","51 ans et plus","OUI","0.1",32,NA,31,97,NA,NA,NA,NA,NA,NA,NA,NA,"Non",NA,NA,NA,NA,NA,NA,NA,NA,NA,NA,60,"high","match",FALSE
231,"NO",4796,4240,"fast","Femme","51 ans et plus","OUI","0.2",29,NA,28,97,NA,NA,NA,NA,NA,NA,NA,NA,"Non",NA,NA,NA,NA,NA,NA,NA,NA,NA,NA,60,"high","match",FALSE
231,"NO",4799,1933,"fast","Femme","51 ans et plus","NON","1",NA,NA,44,NA,19,47,NA,NA,NA,NA,NA,NA,"Non",0.936170212765957,NA,NA,NA,NA,NA,NA,NA,NA,NA,60,"high","match",FALSE
231,"NO",4802,2257,"fast","Femme","51 ans et plus","NON","2",NA,NA,49,NA,19,48,NA,NA,NA,NA,NA,NA,"Non",0.979166666666667,NA,NA,NA,NA,NA,NA,NA,NA,NA,60,"high","match",FALSE
231,"NO",4805,2199,"fast","Femme","51 ans et plus","NON","3",NA,NA,43,NA,17,32,1,"OUI","diagonal",50,"slow",78,"Non",0.65625,"NON","NON","NON",NA,NA,NA,NA,NA,NA,60,"high","match",FALSE
231,"NO",4813,2233,"fast","Femme","51 ans et plus","NON","4",NA,NA,46,NA,16,42,NA,"NON","diagonal",50,"fast",50,"Non",0.904761904761905,NA,NA,NA,NA,NA,NA,NA,NA,NA,60,"high","match",FALSE
231,"NO",4822,5505,"fast","Femme","51 ans et plus","NON","5",NA,NA,NA,NA,18,44,NA,"OUI","right_to_left",94,"very_fast",57,"Non",NA,NA,NA,NA,NA,NA,NA,NA,NA,NA,60,"high","match",FALSE
232,"NO",4840,4582,"fast","Homme","18-25 ans","OUI","0.1",27,NA,22,81,NA,NA,NA,NA,NA,NA,NA,NA,"Non",NA,NA,NA,NA,NA,NA,NA,NA,NA,NA,61,"high","match",FALSE
232,"NO",4844,3869,"fast","Homme","18-25 ans","OUI","0.2",28,NA,23,82,NA,NA,NA,NA,NA,NA,NA,NA,"Non",NA,NA,NA,NA,NA,NA,NA,NA,NA,NA,61,"high","match",FALSE
232,"NO",4847,1499,"fast","Homme","18-25 ans","NON","1",NA,NA,36,NA,18,43,NA,NA,NA,NA,NA,NA,"Non",0.837209302325581,NA,NA,NA,NA,NA,NA,NA,NA,NA,61,"high","match",FALSE
232,"NO",4850,2448,"fast","Homme","18-25 ans","NON","2",NA,NA,40,NA,18,46,NA,NA,NA,NA,NA,NA,"Non",0.869565217391304,NA,NA,NA,NA,NA,NA,NA,NA,NA,61,"high","match",FALSE
232,"NO",4853,10015,"fast","Homme","18-25 ans","NON","3",NA,NA,47,NA,17,48,1,"NON",NA,NA,NA,NA,"Non",0.979166666666667,"NON","NON","NON",NA,NA,NA,NA,NA,NA,61,"high","match",FALSE
232,"NO",4857,1589,"fast","Homme","18-25 ans","NON","3",NA,NA,35,NA,17,42,2,"NON",NA,NA,NA,NA,"Non",0.833333333333333,NA,NA,NA,"NON","NON","NON",NA,NA,NA,61,"high","match",FALSE
232,"NO",4861,1490,"fast","Homme","18-25 ans","NON","3",NA,NA,43,NA,18,44,3,"NON",NA,NA,NA,NA,"Non",0.977272727272727,NA,NA,NA,NA,NA,NA,"NON","NON","NON",61,"high","match",FALSE
232,"NO",4865,5012,"fast","Homme","18-25 ans","NON","4",NA,NA,37,NA,18,38,NA,"NON","right_to_left",0,"fast",25,"Non",0.973684210526316,NA,NA,NA,NA,NA,NA,NA,NA,NA,61,"high","match",FALSE
232,"NO",4874,3368,"fast","Homme","18-25 ans","NON","5",NA,NA,NA,NA,19,39,NA,"NON","vertical",11,"fast",43,"Non",NA,NA,NA,NA,NA,NA,NA,NA,NA,NA,61,"high","match",FALSE
233,"NO",4892,5789,"slow","Femme","18-25 ans","OUI","0.1",30,NA,21,70,NA,NA,NA,NA,NA,NA,NA,NA,"Non",NA,NA,NA,NA,NA,NA,NA,NA,NA,NA,61,"high","mismatch",TRUE
233,"NO",4896,3910,"slow","Femme","18-25 ans","OUI","0.2",32,NA,31,97,NA,NA,NA,NA,NA,NA,NA,NA,"Non",NA,NA,NA,NA,NA,NA,NA,NA,NA,NA,61,"high","mismatch",TRUE
233,"NO",4900,7902,"slow","Femme","18-25 ans","OUI","0.3",31,NA,28,90,NA,NA,NA,NA,NA,NA,NA,NA,"Non",NA,NA,NA,NA,NA,NA,NA,NA,NA,NA,61,"high","mismatch",TRUE
233,"NO",4903,1728,"slow","Femme","18-25 ans","NON","1",NA,NA,38,NA,15,47,NA,NA,NA,NA,NA,NA,"Non",0.808510638297872,NA,NA,NA,NA,NA,NA,NA,NA,NA,61,"high","mismatch",TRUE
233,"NO",4906,1600,"slow","Femme","18-25 ans","NON","2",NA,NA,39,NA,19,44,NA,NA,NA,NA,NA,NA,"Non",0.886363636363636,NA,NA,NA,NA,NA,NA,NA,NA,NA,61,"high","mismatch",TRUE
233,"NO",4909,6521,"slow","Femme","18-25 ans","NON","3",NA,NA,32,NA,18,44,1,"NON",NA,NA,NA,NA,"Non",0.727272727272727,"NON","NON","NON",NA,NA,NA,NA,NA,NA,61,"high","mismatch",TRUE
233,"NO",4913,2672,"slow","Femme","18-25 ans","NON","3",NA,NA,35,NA,18,42,2,"NON",NA,NA,NA,NA,"Non",0.833333333333333,NA,NA,NA,"NON","NON","NON",NA,NA,NA,61,"high","mismatch",TRUE
233,"NO",4917,4651,"slow","Femme","18-25 ans","NON","3",NA,NA,34,NA,18,49,3,"NON",NA,NA,NA,NA,"Non",0.693877551020408,NA,NA,NA,NA,NA,NA,"NON","NON","NON",61,"high","mismatch",TRUE
233,"NO",4921,2339,"slow","Femme","18-25 ans","NON","4",NA,NA,34,NA,18,45,NA,"OUI","diagonal",84,"slow",86,"Non",0.755555555555556,NA,NA,NA,NA,NA,NA,NA,NA,NA,61,"high","mismatch",TRUE
233,"NO",4930,14435,"slow","Femme","18-25 ans","NON","5",NA,NA,NA,NA,19,46,NA,"OUI","right_to_left",61,"slow",63,"Non",NA,NA,NA,NA,NA,NA,NA,NA,NA,NA,61,"high","mismatch",TRUE
234,"noticer_speed2",4948,54578,"fast","Homme","18-25 ans","OUI","0.1",29,NA,15,52,NA,NA,NA,NA,NA,NA,NA,NA,"Non",NA,NA,NA,NA,NA,NA,NA,NA,NA,NA,60,"high","match",FALSE
234,"noticer_speed2",4952,23959,"fast","Homme","18-25 ans","OUI","0.2",29,NA,13,45,NA,NA,NA,NA,NA,NA,NA,NA,"Non",NA,NA,NA,NA,NA,NA,NA,NA,NA,NA,60,"high","match",FALSE
234,"noticer_speed2",4956,3877,"fast","Homme","18-25 ans","OUI","0.3",32,NA,12,38,NA,NA,NA,NA,NA,NA,NA,NA,"Non",NA,NA,NA,NA,NA,NA,NA,NA,NA,NA,60,"high","match",FALSE
234,"noticer_speed2",4960,4158,"fast","Homme","18-25 ans","OUI","0.4",30,NA,11,37,NA,NA,NA,NA,NA,NA,NA,NA,"Non",NA,NA,NA,NA,NA,NA,NA,NA,NA,NA,60,"high","match",FALSE
234,"noticer_speed2",4964,5317,"fast","Homme","18-25 ans","OUI","0.5",33,NA,20,61,NA,NA,NA,NA,NA,NA,NA,NA,"Non",NA,NA,NA,NA,NA,NA,NA,NA,NA,NA,60,"high","match",FALSE
234,"noticer_speed2",4968,4749,"fast","Homme","18-25 ans","OUI","0.6",32,NA,27,84,NA,NA,NA,NA,NA,NA,NA,NA,"Non",NA,NA,NA,NA,NA,NA,NA,NA,NA,NA,60,"high","match",FALSE
234,"noticer_speed2",4972,2895,"fast","Homme","18-25 ans","OUI","0.7",30,NA,25,83,NA,NA,NA,NA,NA,NA,NA,NA,"Non",NA,NA,NA,NA,NA,NA,NA,NA,NA,NA,60,"high","match",FALSE
234,"noticer_speed2",4975,2650,"fast","Homme","18-25 ans","NON","1",NA,NA,43,NA,18,49,NA,NA,NA,NA,NA,NA,"Non",0.877551020408163,NA,NA,NA,NA,NA,NA,NA,NA,NA,60,"high","match",FALSE
234,"noticer_speed2",4978,2221,"fast","Homme","18-25 ans","NON","2",NA,NA,45,NA,19,44,NA,NA,NA,NA,NA,NA,"Non",0.977272727272727,NA,NA,NA,NA,NA,NA,NA,NA,NA,60,"high","match",FALSE
234,"noticer_speed2",4981,1422,"fast","Homme","18-25 ans","NON","3",NA,NA,36,NA,20,46,1,"NON",NA,NA,NA,NA,"Non",0.782608695652174,"NON","NON","NON",NA,NA,NA,NA,NA,NA,60,"high","match",FALSE
234,"noticer_speed2",4985,1438,"fast","Homme","18-25 ans","NON","3",NA,NA,39,NA,18,42,2,"OUI","random",38,"fast",41,"Non",0.928571428571429,NA,NA,NA,"NON","OUI","NON",NA,NA,NA,60,"high","match",FALSE
234,"noticer_speed2",4993,1203,"fast","Homme","18-25 ans","NON","4",NA,NA,37,NA,17,46,NA,"NON","right_to_left",65,"very_fast",54,"Non",0.804347826086957,NA,NA,NA,NA,NA,NA,NA,NA,NA,60,"high","match",FALSE
234,"noticer_speed2",5002,11717,"fast","Homme","18-25 ans","NON","5",NA,NA,NA,NA,18,50,NA,"OUI","diagonal",45,"fast",53,"Non",NA,NA,NA,NA,NA,NA,NA,NA,NA,NA,60,"high","match",FALSE
235,"noticer_mov2",5020,15185,"slow","Homme","18-25 ans","OUI","0.1",30,NA,25,83,NA,NA,NA,NA,NA,NA,NA,NA,"Non",NA,NA,NA,NA,NA,NA,NA,NA,NA,NA,61,"high","mismatch",FALSE
235,"noticer_mov2",5024,5554,"slow","Homme","18-25 ans","OUI","0.2",27,NA,25,93,NA,NA,NA,NA,NA,NA,NA,NA,"Non",NA,NA,NA,NA,NA,NA,NA,NA,NA,NA,61,"high","mismatch",FALSE
235,"noticer_mov2",5027,1473,"slow","Homme","18-25 ans","NON","1",NA,NA,38,NA,19,41,NA,NA,NA,NA,NA,NA,"Non",0.926829268292683,NA,NA,NA,NA,NA,NA,NA,NA,NA,61,"high","mismatch",FALSE
235,"noticer_mov2",5030,1848,"slow","Homme","18-25 ans","NON","2",NA,NA,36,NA,17,44,NA,NA,NA,NA,NA,NA,"Non",0.818181818181818,NA,NA,NA,NA,NA,NA,NA,NA,NA,61,"high","mismatch",FALSE
235,"noticer_mov2",5033,3390,"slow","Homme","18-25 ans","NON","3",NA,NA,32,NA,17,46,1,"NON",NA,NA,NA,NA,"Non",0.695652173913043,"NON","NON","NON",NA,NA,NA,NA,NA,NA,61,"high","mismatch",FALSE
235,"noticer_mov2",5037,1360,"slow","Homme","18-25 ans","NON","3",NA,NA,39,NA,17,44,2,"OUI","right_to_left",100,"slow",70,"Non",0.886363636363636,NA,NA,NA,"OUI","NON","NON",NA,NA,NA,61,"high","mismatch",FALSE
235,"noticer_mov2",5045,1080,"slow","Homme","18-25 ans","NON","4",NA,NA,38,NA,18,44,NA,"NON","diagonal",9,"slow",1,"Non",0.863636363636364,NA,NA,NA,NA,NA,NA,NA,NA,NA,61,"high","mismatch",FALSE
235,"noticer_mov2",5054,3558,"slow","Homme","18-25 ans","NON","5",NA,NA,NA,NA,17,45,NA,"OUI","right_to_left",100,"very_slow",90,"Non",NA,NA,NA,NA,NA,NA,NA,NA,NA,NA,61,"high","mismatch",FALSE
236,"noticer_mov2",5072,2239,"fast","Femme","18-25 ans","OUI","0.1",30,NA,22,73,NA,NA,NA,NA,NA,NA,NA,NA,"Non",NA,NA,NA,NA,NA,NA,NA,NA,NA,NA,60,"high","match",FALSE
236,"noticer_mov2",5076,2331,"fast","Femme","18-25 ans","OUI","0.2",31,NA,24,77,NA,NA,NA,NA,NA,NA,NA,NA,"Non",NA,NA,NA,NA,NA,NA,NA,NA,NA,NA,60,"high","match",FALSE
236,"noticer_mov2",5080,2611,"fast","Femme","18-25 ans","OUI","0.3",28,NA,23,82,NA,NA,NA,NA,NA,NA,NA,NA,"Non",NA,NA,NA,NA,NA,NA,NA,NA,NA,NA,60,"high","match",FALSE
236,"noticer_mov2",5084,2950,"fast","Femme","18-25 ans","OUI","0.4",29,NA,25,86,NA,NA,NA,NA,NA,NA,NA,NA,"Non",NA,NA,NA,NA,NA,NA,NA,NA,NA,NA,60,"high","match",FALSE
236,"noticer_mov2",5087,921,"fast","Femme","18-25 ans","NON","1",NA,NA,36,NA,19,46,NA,NA,NA,NA,NA,NA,"Non",0.782608695652174,NA,NA,NA,NA,NA,NA,NA,NA,NA,60,"high","match",FALSE
236,"noticer_mov2",5090,962,"fast","Femme","18-25 ans","NON","2",NA,NA,36,NA,19,45,NA,NA,NA,NA,NA,NA,"Non",0.8,NA,NA,NA,NA,NA,NA,NA,NA,NA,60,"high","match",FALSE
236,"noticer_mov2",5093,1245,"fast","Femme","18-25 ans","NON","3",NA,NA,35,NA,16,45,1,"NON",NA,NA,NA,NA,"Non",0.777777777777778,"NON","NON","NON",NA,NA,NA,NA,NA,NA,60,"high","match",FALSE
236,"noticer_mov2",5097,936,"fast","Femme","18-25 ans","NON","3",NA,NA,27,NA,20,45,2,"OUI","right_to_left",58,"slow",61,"Non",0.6,NA,NA,NA,"OUI","NON","NON",NA,NA,NA,60,"high","match",FALSE
236,"noticer_mov2",5105,918,"fast","Femme","18-25 ans","NON","4",NA,NA,39,NA,18,44,NA,"OUI","right_to_left",100,"slow",50,"Non",0.886363636363636,NA,NA,NA,NA,NA,NA,NA,NA,NA,60,"high","match",FALSE
236,"noticer_mov2",5114,4284,"fast","Femme","18-25 ans","NON","5",NA,NA,NA,NA,17,48,NA,"OUI","right_to_left",100,"very_fast",100,"Non",NA,NA,NA,NA,NA,NA,NA,NA,NA,NA,60,"high","match",FALSE
237,"noticer_mov2",5132,5733,"fast","Homme","18-25 ans","OUI","0.1",27,NA,19,70,NA,NA,NA,NA,NA,NA,NA,NA,"Non",NA,NA,NA,NA,NA,NA,NA,NA,NA,NA,61,"high","match",TRUE
237,"noticer_mov2",5136,4747,"fast","Homme","18-25 ans","OUI","0.2",30,NA,17,57,NA,NA,NA,NA,NA,NA,NA,NA,"Non",NA,NA,NA,NA,NA,NA,NA,NA,NA,NA,61,"high","match",TRUE
237,"noticer_mov2",5140,4261,"fast","Homme","18-25 ans","OUI","0.3",31,NA,25,81,NA,NA,NA,NA,NA,NA,NA,NA,"Non",NA,NA,NA,NA,NA,NA,NA,NA,NA,NA,61,"high","match",TRUE
237,"noticer_mov2",5144,2831,"fast","Homme","18-25 ans","OUI","0.4",30,NA,23,77,NA,NA,NA,NA,NA,NA,NA,NA,"Non",NA,NA,NA,NA,NA,NA,NA,NA,NA,NA,61,"high","match",TRUE
237,"noticer_mov2",5148,2667,"fast","Homme","18-25 ans","OUI","0.5",34,NA,28,82,NA,NA,NA,NA,NA,NA,NA,NA,"Non",NA,NA,NA,NA,NA,NA,NA,NA,NA,NA,61,"high","match",TRUE
237,"noticer_mov2",5152,2408,"fast","Homme","18-25 ans","OUI","0.6",28,NA,25,89,NA,NA,NA,NA,NA,NA,NA,NA,"Non",NA,NA,NA,NA,NA,NA,NA,NA,NA,NA,61,"high","match",TRUE
237,"noticer_mov2",5155,1620,"fast","Homme","18-25 ans","NON","1",NA,NA,41,NA,17,49,NA,NA,NA,NA,NA,NA,"Non",0.836734693877551,NA,NA,NA,NA,NA,NA,NA,NA,NA,61,"high","match",TRUE
237,"noticer_mov2",5158,3652,"fast","Homme","18-25 ans","NON","2",NA,NA,37,NA,19,42,NA,NA,NA,NA,NA,NA,"Non",0.880952380952381,NA,NA,NA,NA,NA,NA,NA,NA,NA,61,"high","match",TRUE
237,"noticer_mov2",5161,2513,"fast","Homme","18-25 ans","NON","3",NA,NA,35,NA,20,44,1,"NON",NA,NA,NA,NA,"Non",0.795454545454545,"NON","NON","NON",NA,NA,NA,NA,NA,NA,61,"high","match",TRUE
237,"noticer_mov2",5165,1460,"fast","Homme","18-25 ans","NON","3",NA,NA,32,NA,18,42,2,"OUI","right_to_left",100,"very_fast",73,"Non",0.761904761904762,NA,NA,NA,"OUI","NON","NON",NA,NA,NA,61,"high","match",TRUE
237,"noticer_mov2",5173,5755,"fast","Homme","18-25 ans","NON","4",NA,NA,32,NA,17,41,NA,"OUI","right_to_left",100,"fast",100,"Non",0.780487804878049,NA,NA,NA,NA,NA,NA,NA,NA,NA,61,"high","match",TRUE
237,"noticer_mov2",5182,4573,"fast","Homme","18-25 ans","NON","5",NA,NA,NA,NA,17,44,NA,"OUI","right_to_left",100,"fast",100,"Non",NA,NA,NA,NA,NA,NA,NA,NA,NA,NA,61,"high","match",TRUE
238,"noticer_all1",5200,9136,"slow","Femme","18-25 ans","OUI","0.1",33,NA,8,24,NA,NA,NA,NA,NA,NA,NA,NA,"Non",NA,NA,NA,NA,NA,NA,NA,NA,NA,NA,60,"high","mismatch",FALSE
238,"noticer_all1",5204,24001,"slow","Femme","18-25 ans","OUI","0.2",28,NA,10,36,NA,NA,NA,NA,NA,NA,NA,NA,"Non",NA,NA,NA,NA,NA,NA,NA,NA,NA,NA,60,"high","mismatch",FALSE
238,"noticer_all1",5208,7002,"slow","Femme","18-25 ans","OUI","0.3",30,NA,24,80,NA,NA,NA,NA,NA,NA,NA,NA,"Non",NA,NA,NA,NA,NA,NA,NA,NA,NA,NA,60,"high","mismatch",FALSE
238,"noticer_all1",5212,12049,"slow","Femme","18-25 ans","OUI","0.4",29,NA,28,97,NA,NA,NA,NA,NA,NA,NA,NA,"Non",NA,NA,NA,NA,NA,NA,NA,NA,NA,NA,60,"high","mismatch",FALSE
238,"noticer_all1",5215,1451,"slow","Femme","18-25 ans","NON","1",NA,NA,45,NA,16,40,NA,NA,NA,NA,NA,NA,"Non",0.875,NA,NA,NA,NA,NA,NA,NA,NA,NA,60,"high","mismatch",FALSE
238,"noticer_all1",5218,2191,"slow","Femme","18-25 ans","NON","2",NA,NA,48,NA,19,45,NA,NA,NA,NA,NA,NA,"Non",0.933333333333333,NA,NA,NA,NA,NA,NA,NA,NA,NA,60,"high","mismatch",FALSE
238,"noticer_all1",5221,1852,"slow","Femme","18-25 ans","NON","3",NA,NA,50,NA,19,39,1,"OUI","right_to_left",13,"fast",16,"Non",0.717948717948718,"OUI","OUI","OUI",NA,NA,NA,NA,NA,NA,60,"high","mismatch",FALSE
238,"noticer_all1",5229,2114,"slow","Femme","18-25 ans","NON","4",NA,NA,60,NA,19,50,NA,"OUI","right_to_left",100,"slow",81,"Non",0.8,NA,NA,NA,NA,NA,NA,NA,NA,NA,60,"high","mismatch",FALSE
238,"noticer_all1",5238,4045,"slow","Femme","18-25 ans","NON","5",NA,NA,NA,NA,17,49,NA,"NON","diagonal",16,"very_fast",17,"Non",NA,NA,NA,NA,NA,NA,NA,NA,NA,NA,60,"high","mismatch",FALSE
239,"NO",5255,11396,"slow","Femme","18-25 ans","OUI","0.1",28,NA,17,61,NA,NA,NA,NA,NA,NA,NA,NA,NA,NA,NA,NA,NA,NA,NA,NA,NA,NA,NA,60,"high","mismatch",FALSE
239,"NO",5259,10359,"slow","Femme","18-25 ans","OUI","0.2",31,NA,13,42,NA,NA,NA,NA,NA,NA,NA,NA,NA,NA,NA,NA,NA,NA,NA,NA,NA,NA,NA,60,"high","mismatch",FALSE
240,"noticer_mov2",5269,27741,"fast","Femme","18-25 ans","OUI","0.1",30,NA,25,83,NA,NA,NA,NA,NA,NA,NA,NA,"Oui",NA,NA,NA,NA,NA,NA,NA,NA,NA,NA,60,"high","match",TRUE
240,"noticer_mov2",5273,5377,"fast","Femme","18-25 ans","OUI","0.2",29,NA,19,66,NA,NA,NA,NA,NA,NA,NA,NA,"Oui",NA,NA,NA,NA,NA,NA,NA,NA,NA,NA,60,"high","match",TRUE
240,"noticer_mov2",5277,4184,"fast","Femme","18-25 ans","OUI","0.3",29,NA,24,83,NA,NA,NA,NA,NA,NA,NA,NA,"Oui",NA,NA,NA,NA,NA,NA,NA,NA,NA,NA,60,"high","match",TRUE
240,"noticer_mov2",5281,3153,"fast","Femme","18-25 ans","OUI","0.4",30,NA,25,83,NA,NA,NA,NA,NA,NA,NA,NA,"Oui",NA,NA,NA,NA,NA,NA,NA,NA,NA,NA,60,"high","match",TRUE
240,"noticer_mov2",5284,1388,"fast","Femme","18-25 ans","NON","1",NA,NA,35,NA,17,45,NA,NA,NA,NA,NA,NA,"Oui",0.777777777777778,NA,NA,NA,NA,NA,NA,NA,NA,NA,60,"high","match",TRUE
240,"noticer_mov2",5287,2040,"fast","Femme","18-25 ans","NON","2",NA,NA,40,NA,18,43,NA,NA,NA,NA,NA,NA,"Oui",0.930232558139535,NA,NA,NA,NA,NA,NA,NA,NA,NA,60,"high","match",TRUE
240,"noticer_mov2",5290,1684,"fast","Femme","18-25 ans","NON","3",NA,NA,25,NA,19,40,1,"NON",NA,NA,NA,NA,"Oui",0.625,"NON","NON","NON",NA,NA,NA,NA,NA,NA,60,"high","match",TRUE
240,"noticer_mov2",5294,2020,"fast","Femme","18-25 ans","NON","3",NA,NA,26,NA,15,47,2,"OUI","right_to_left",50,"very_fast",51,"Oui",0.553191489361702,NA,NA,NA,"OUI","NON","NON",NA,NA,NA,60,"high","match",TRUE
240,"noticer_mov2",5302,1505,"fast","Femme","18-25 ans","NON","4",NA,NA,28,NA,15,44,NA,"NON","diagonal",16,"slow",24,"Oui",0.636363636363636,NA,NA,NA,NA,NA,NA,NA,NA,NA,60,"high","match",TRUE
240,"noticer_mov2",5311,3855,"fast","Femme","18-25 ans","NON","5",NA,NA,NA,NA,18,39,NA,"OUI","right_to_left",70,"fast",64,"Oui",NA,NA,NA,NA,NA,NA,NA,NA,NA,NA,60,"high","match",TRUE
241,"NO",5329,4290,"slow","Homme","18-25 ans","OUI","0.1",33,NA,26,79,NA,NA,NA,NA,NA,NA,NA,NA,"Non",NA,NA,NA,NA,NA,NA,NA,NA,NA,NA,61,"high","mismatch",TRUE
241,"NO",5333,3294,"slow","Homme","18-25 ans","OUI","0.2",29,NA,25,86,NA,NA,NA,NA,NA,NA,NA,NA,"Non",NA,NA,NA,NA,NA,NA,NA,NA,NA,NA,61,"high","mismatch",TRUE
241,"NO",5337,3845,"slow","Homme","18-25 ans","OUI","0.3",28,NA,23,82,NA,NA,NA,NA,NA,NA,NA,NA,"Non",NA,NA,NA,NA,NA,NA,NA,NA,NA,NA,61,"high","mismatch",TRUE
241,"NO",5340,2368,"slow","Homme","18-25 ans","NON","1",NA,NA,39,NA,18,46,NA,NA,NA,NA,NA,NA,"Non",0.847826086956522,NA,NA,NA,NA,NA,NA,NA,NA,NA,61,"high","mismatch",TRUE
241,"NO",5343,2777,"slow","Homme","18-25 ans","NON","2",NA,NA,37,NA,18,41,NA,NA,NA,NA,NA,NA,"Non",0.902439024390244,NA,NA,NA,NA,NA,NA,NA,NA,NA,61,"high","mismatch",TRUE
241,"NO",5346,2984,"slow","Homme","18-25 ans","NON","3",NA,NA,31,NA,19,43,1,"NON",NA,NA,NA,NA,"Non",0.720930232558139,"NON","NON","NON",NA,NA,NA,NA,NA,NA,61,"high","mismatch",TRUE
241,"NO",5350,2139,"slow","Homme","18-25 ans","NON","3",NA,NA,39,NA,18,45,2,"NON",NA,NA,NA,NA,"Non",0.866666666666667,NA,NA,NA,"NON","NON","NON",NA,NA,NA,61,"high","mismatch",TRUE
241,"NO",5354,3640,"slow","Homme","18-25 ans","NON","3",NA,NA,37,NA,20,46,3,"OUI","diagonal",12,"slow",30,"Non",0.804347826086957,NA,NA,NA,NA,NA,NA,"NON","NON","NON",61,"high","mismatch",TRUE
241,"NO",5362,1951,"slow","Homme","18-25 ans","NON","4",NA,NA,34,NA,20,43,NA,"OUI","right_to_left",76,"slow",61,"Non",0.790697674418605,NA,NA,NA,NA,NA,NA,NA,NA,NA,61,"high","mismatch",TRUE
241,"NO",5371,3308,"slow","Homme","18-25 ans","NON","5",NA,NA,NA,NA,15,46,NA,"OUI","right_to_left",100,"slow",80,"Non",NA,NA,NA,NA,NA,NA,NA,NA,NA,NA,61,"high","mismatch",TRUE
242,"noticer_all2",5388,5477,"slow","Homme","18-25 ans","OUI","0.1",30,NA,9,30,NA,NA,NA,NA,NA,NA,NA,NA,"Non",NA,NA,NA,NA,NA,NA,NA,NA,NA,NA,60,"high","mismatch",FALSE
242,"noticer_all2",5424,1746,"slow","Homme","18-25 ans","OUI","0.10",30,NA,23,77,NA,NA,NA,NA,NA,NA,NA,NA,"Non",NA,NA,NA,NA,NA,NA,NA,NA,NA,NA,60,"high","mismatch",FALSE
242,"noticer_all2",5428,1705,"slow","Homme","18-25 ans","OUI","0.11",31,NA,26,84,NA,NA,NA,NA,NA,NA,NA,NA,"Non",NA,NA,NA,NA,NA,NA,NA,NA,NA,NA,60,"high","mismatch",FALSE
242,"noticer_all2",5432,1708,"slow","Homme","18-25 ans","OUI","0.12",28,NA,25,89,NA,NA,NA,NA,NA,NA,NA,NA,"Non",NA,NA,NA,NA,NA,NA,NA,NA,NA,NA,60,"high","mismatch",FALSE
242,"noticer_all2",5392,4203,"slow","Homme","18-25 ans","OUI","0.2",32,NA,21,66,NA,NA,NA,NA,NA,NA,NA,NA,"Non",NA,NA,NA,NA,NA,NA,NA,NA,NA,NA,60,"high","mismatch",FALSE
242,"noticer_all2",5396,3137,"slow","Homme","18-25 ans","OUI","0.3",31,NA,23,74,NA,NA,NA,NA,NA,NA,NA,NA,"Non",NA,NA,NA,NA,NA,NA,NA,NA,NA,NA,60,"high","mismatch",FALSE
242,"noticer_all2",5400,2846,"slow","Homme","18-25 ans","OUI","0.4",26,NA,24,92,NA,NA,NA,NA,NA,NA,NA,NA,"Non",NA,NA,NA,NA,NA,NA,NA,NA,NA,NA,60,"high","mismatch",FALSE
242,"noticer_all2",5404,3320,"slow","Homme","18-25 ans","OUI","0.5",25,NA,19,76,NA,NA,NA,NA,NA,NA,NA,NA,"Non",NA,NA,NA,NA,NA,NA,NA,NA,NA,NA,60,"high","mismatch",FALSE
242,"noticer_all2",5408,2694,"slow","Homme","18-25 ans","OUI","0.6",31,NA,19,61,NA,NA,NA,NA,NA,NA,NA,NA,"Non",NA,NA,NA,NA,NA,NA,NA,NA,NA,NA,60,"high","mismatch",FALSE
242,"noticer_all2",5412,2370,"slow","Homme","18-25 ans","OUI","0.7",30,NA,20,67,NA,NA,NA,NA,NA,NA,NA,NA,"Non",NA,NA,NA,NA,NA,NA,NA,NA,NA,NA,60,"high","mismatch",FALSE
242,"noticer_all2",5416,1895,"slow","Homme","18-25 ans","OUI","0.8",29,NA,26,90,NA,NA,NA,NA,NA,NA,NA,NA,"Non",NA,NA,NA,NA,NA,NA,NA,NA,NA,NA,60,"high","mismatch",FALSE
242,"noticer_all2",5420,2159,"slow","Homme","18-25 ans","OUI","0.9",31,NA,24,77,NA,NA,NA,NA,NA,NA,NA,NA,"Non",NA,NA,NA,NA,NA,NA,NA,NA,NA,NA,60,"high","mismatch",FALSE
242,"noticer_all2",5435,1915,"slow","Homme","18-25 ans","NON","1",NA,NA,37,NA,17,47,NA,NA,NA,NA,NA,NA,"Non",0.787234042553192,NA,NA,NA,NA,NA,NA,NA,NA,NA,60,"high","mismatch",FALSE
242,"noticer_all2",5438,2415,"slow","Homme","18-25 ans","NON","2",NA,NA,30,NA,17,45,NA,NA,NA,NA,NA,NA,"Non",0.666666666666667,NA,NA,NA,NA,NA,NA,NA,NA,NA,60,"high","mismatch",FALSE
242,"noticer_all2",5441,1519,"slow","Homme","18-25 ans","NON","3",NA,NA,29,NA,18,49,1,"NON",NA,NA,NA,NA,"Non",0.591836734693878,"NON","NON","NON",NA,NA,NA,NA,NA,NA,60,"high","mismatch",FALSE
242,"noticer_all2",5445,18553,"slow","Homme","18-25 ans","NON","3",NA,NA,34,NA,16,49,2,"OUI","right_to_left",81,"fast",81,"Non",0.693877551020408,NA,NA,NA,"OUI","OUI","OUI",NA,NA,NA,60,"high","mismatch",FALSE
242,"noticer_all2",5453,2232,"slow","Homme","18-25 ans","NON","4",NA,NA,36,NA,19,46,NA,"OUI","right_to_left",100,"slow",100,"Non",0.782608695652174,NA,NA,NA,NA,NA,NA,NA,NA,NA,60,"high","mismatch",FALSE
242,"noticer_all2",5462,5866,"slow","Homme","18-25 ans","NON","5",NA,NA,NA,NA,15,48,NA,"OUI","right_to_left",100,"very_slow",100,"Non",NA,NA,NA,NA,NA,NA,NA,NA,NA,NA,60,"high","mismatch",FALSE
243,"noticer_all1",5479,6648,"fast","Homme","18-25 ans","OUI","0.1",31,NA,9,29,NA,NA,NA,NA,NA,NA,NA,NA,"Non",NA,NA,NA,NA,NA,NA,NA,NA,NA,NA,61,"high","match",TRUE
243,"noticer_all1",5515,4051,"fast","Homme","18-25 ans","OUI","0.10",29,NA,26,90,NA,NA,NA,NA,NA,NA,NA,NA,"Non",NA,NA,NA,NA,NA,NA,NA,NA,NA,NA,61,"high","match",TRUE
243,"noticer_all1",5483,4302,"fast","Homme","18-25 ans","OUI","0.2",30,NA,23,77,NA,NA,NA,NA,NA,NA,NA,NA,"Non",NA,NA,NA,NA,NA,NA,NA,NA,NA,NA,61,"high","match",TRUE
243,"noticer_all1",5487,3806,"fast","Homme","18-25 ans","OUI","0.3",30,NA,23,77,NA,NA,NA,NA,NA,NA,NA,NA,"Non",NA,NA,NA,NA,NA,NA,NA,NA,NA,NA,61,"high","match",TRUE
243,"noticer_all1",5491,4671,"fast","Homme","18-25 ans","OUI","0.4",27,NA,19,70,NA,NA,NA,NA,NA,NA,NA,NA,"Non",NA,NA,NA,NA,NA,NA,NA,NA,NA,NA,61,"high","match",TRUE
243,"noticer_all1",5495,4217,"fast","Homme","18-25 ans","OUI","0.5",29,NA,24,83,NA,NA,NA,NA,NA,NA,NA,NA,"Non",NA,NA,NA,NA,NA,NA,NA,NA,NA,NA,61,"high","match",TRUE
243,"noticer_all1",5499,4169,"fast","Homme","18-25 ans","OUI","0.6",29,NA,22,76,NA,NA,NA,NA,NA,NA,NA,NA,"Non",NA,NA,NA,NA,NA,NA,NA,NA,NA,NA,61,"high","match",TRUE
243,"noticer_all1",5503,4643,"fast","Homme","18-25 ans","OUI","0.7",33,NA,24,73,NA,NA,NA,NA,NA,NA,NA,NA,"Non",NA,NA,NA,NA,NA,NA,NA,NA,NA,NA,61,"high","match",TRUE
243,"noticer_all1",5507,5238,"fast","Homme","18-25 ans","OUI","0.8",31,NA,17,55,NA,NA,NA,NA,NA,NA,NA,NA,"Non",NA,NA,NA,NA,NA,NA,NA,NA,NA,NA,61,"high","match",TRUE
243,"noticer_all1",5511,4478,"fast","Homme","18-25 ans","OUI","0.9",29,NA,27,93,NA,NA,NA,NA,NA,NA,NA,NA,"Non",NA,NA,NA,NA,NA,NA,NA,NA,NA,NA,61,"high","match",TRUE
243,"noticer_all1",5518,1765,"fast","Homme","18-25 ans","NON","1",NA,NA,30,NA,18,43,NA,NA,NA,NA,NA,NA,"Non",0.697674418604651,NA,NA,NA,NA,NA,NA,NA,NA,NA,61,"high","match",TRUE
243,"noticer_all1",5521,1838,"fast","Homme","18-25 ans","NON","2",NA,NA,31,NA,19,38,NA,NA,NA,NA,NA,NA,"Non",0.815789473684211,NA,NA,NA,NA,NA,NA,NA,NA,NA,61,"high","match",TRUE
243,"noticer_all1",5524,1647,"fast","Homme","18-25 ans","NON","3",NA,NA,32,NA,18,44,1,"OUI","right_to_left",43,"fast",41,"Non",0.727272727272727,"OUI","OUI","OUI",NA,NA,NA,NA,NA,NA,61,"high","match",TRUE
243,"noticer_all1",5532,2215,"fast","Homme","18-25 ans","NON","4",NA,NA,41,NA,17,48,NA,"OUI","right_to_left",100,"fast",46,"Non",0.854166666666667,NA,NA,NA,NA,NA,NA,NA,NA,NA,61,"high","match",TRUE
243,"noticer_all1",5541,4865,"fast","Homme","18-25 ans","NON","5",NA,NA,NA,NA,17,42,NA,"OUI","right_to_left",33,"fast",45,"Non",NA,NA,NA,NA,NA,NA,NA,NA,NA,NA,61,"high","match",TRUE
244,"noticer_mov1",5558,8747,"fast","Femme","18-25 ans","OUI","0.1",29,NA,24,83,NA,NA,NA,NA,NA,NA,NA,NA,"Non",NA,NA,NA,NA,NA,NA,NA,NA,NA,NA,60,"high","match",FALSE
244,"noticer_mov1",5562,4891,"fast","Femme","18-25 ans","OUI","0.2",28,NA,25,89,NA,NA,NA,NA,NA,NA,NA,NA,"Non",NA,NA,NA,NA,NA,NA,NA,NA,NA,NA,60,"high","match",FALSE
244,"noticer_mov1",5565,1978,"fast","Femme","18-25 ans","NON","1",NA,NA,42,NA,19,48,NA,NA,NA,NA,NA,NA,"Non",0.875,NA,NA,NA,NA,NA,NA,NA,NA,NA,60,"high","match",FALSE
244,"noticer_mov1",5568,2642,"fast","Femme","18-25 ans","NON","2",NA,NA,39,NA,19,47,NA,NA,NA,NA,NA,NA,"Non",0.829787234042553,NA,NA,NA,NA,NA,NA,NA,NA,NA,60,"high","match",FALSE
244,"noticer_mov1",5571,3354,"fast","Femme","18-25 ans","NON","3",NA,NA,21,NA,20,45,1,"OUI","right_to_left",100,"slow",60,"Non",0.466666666666667,"OUI","NON","NON",NA,NA,NA,NA,NA,NA,60,"high","match",FALSE
244,"noticer_mov1",5579,1995,"fast","Femme","18-25 ans","NON","4",NA,NA,28,NA,18,39,NA,"OUI","right_to_left",100,"fast",88,"Non",0.717948717948718,NA,NA,NA,NA,NA,NA,NA,NA,NA,60,"high","match",FALSE
244,"noticer_mov1",5588,3571,"fast","Femme","18-25 ans","NON","5",NA,NA,NA,NA,17,44,NA,"OUI","right_to_left",100,"very_fast",100,"Non",NA,NA,NA,NA,NA,NA,NA,NA,NA,NA,60,"high","match",FALSE
245,"noticer_all3",5606,9293,"slow","Homme","18-25 ans","OUI","0.1",28,NA,28,100,NA,NA,NA,NA,NA,NA,NA,NA,"Oui",NA,NA,NA,NA,NA,NA,NA,NA,NA,NA,61,"high","mismatch",TRUE
245,"noticer_all3",5610,5994,"slow","Homme","18-25 ans","OUI","0.2",31,NA,28,90,NA,NA,NA,NA,NA,NA,NA,NA,"Oui",NA,NA,NA,NA,NA,NA,NA,NA,NA,NA,61,"high","mismatch",TRUE
245,"noticer_all3",5613,1861,"slow","Homme","18-25 ans","NON","1",NA,NA,40,NA,16,42,NA,NA,NA,NA,NA,NA,"Oui",0.952380952380952,NA,NA,NA,NA,NA,NA,NA,NA,NA,61,"high","mismatch",TRUE
245,"noticer_all3",5616,2527,"slow","Homme","18-25 ans","NON","2",NA,NA,46,NA,16,47,NA,NA,NA,NA,NA,NA,"Oui",0.978723404255319,NA,NA,NA,NA,NA,NA,NA,NA,NA,61,"high","mismatch",TRUE
245,"noticer_all3",5619,1464,"slow","Homme","18-25 ans","NON","3",NA,NA,45,NA,18,48,1,"NON",NA,NA,NA,NA,"Oui",0.9375,"NON","NON","NON",NA,NA,NA,NA,NA,NA,61,"high","mismatch",TRUE
245,"noticer_all3",5623,1457,"slow","Homme","18-25 ans","NON","3",NA,NA,43,NA,18,44,2,"NON",NA,NA,NA,NA,"Oui",0.977272727272727,NA,NA,NA,"NON","NON","NON",NA,NA,NA,61,"high","mismatch",TRUE
245,"noticer_all3",5627,1208,"slow","Homme","18-25 ans","NON","3",NA,NA,45,NA,16,46,3,"OUI","right_to_left",90,"fast",62,"Oui",0.978260869565217,NA,NA,NA,NA,NA,NA,"OUI","OUI","OUI",61,"high","mismatch",TRUE
245,"noticer_all3",5635,1236,"slow","Homme","18-25 ans","NON","4",NA,NA,39,NA,17,43,NA,"OUI","right_to_left",57,"fast",50,"Oui",0.906976744186047,NA,NA,NA,NA,NA,NA,NA,NA,NA,61,"high","mismatch",TRUE
245,"noticer_all3",5644,3334,"slow","Homme","18-25 ans","NON","5",NA,NA,NA,NA,18,45,NA,"OUI","right_to_left",96,"slow",88,"Oui",NA,NA,NA,NA,NA,NA,NA,NA,NA,NA,61,"high","mismatch",TRUE
246,"NO",5661,2818,"fast","Homme","18-25 ans","OUI","0.1",30,NA,12,40,NA,NA,NA,NA,NA,NA,NA,NA,"Non",NA,NA,NA,NA,NA,NA,NA,NA,NA,NA,61,"high","match",FALSE
246,"NO",5665,2155,"fast","Homme","18-25 ans","OUI","0.2",33,NA,26,79,NA,NA,NA,NA,NA,NA,NA,NA,"Non",NA,NA,NA,NA,NA,NA,NA,NA,NA,NA,61,"high","match",FALSE
246,"NO",5669,3206,"fast","Homme","18-25 ans","OUI","0.3",28,NA,30,93,NA,NA,NA,NA,NA,NA,NA,NA,"Non",NA,NA,NA,NA,NA,NA,NA,NA,NA,NA,61,"high","match",FALSE
246,"NO",5673,3731,"fast","Homme","18-25 ans","OUI","0.4",29,NA,28,97,NA,NA,NA,NA,NA,NA,NA,NA,"Non",NA,NA,NA,NA,NA,NA,NA,NA,NA,NA,61,"high","match",FALSE
246,"NO",5676,3431,"fast","Homme","18-25 ans","NON","1",NA,NA,34,NA,19,48,NA,NA,NA,NA,NA,NA,"Non",0.708333333333333,NA,NA,NA,NA,NA,NA,NA,NA,NA,61,"high","match",FALSE
246,"NO",5679,1912,"fast","Homme","18-25 ans","NON","2",NA,NA,40,NA,17,44,NA,NA,NA,NA,NA,NA,"Non",0.909090909090909,NA,NA,NA,NA,NA,NA,NA,NA,NA,61,"high","match",FALSE
246,"NO",5682,2939,"fast","Homme","18-25 ans","NON","3",NA,NA,30,NA,17,49,1,"NON",NA,NA,NA,NA,"Non",0.612244897959184,"NON","NON","NON",NA,NA,NA,NA,NA,NA,61,"high","match",FALSE
246,"NO",5686,1374,"fast","Homme","18-25 ans","NON","3",NA,NA,35,NA,16,44,2,"NON",NA,NA,NA,NA,"Non",0.795454545454545,NA,NA,NA,"NON","NON","NON",NA,NA,NA,61,"high","match",FALSE
246,"NO",5690,1419,"fast","Homme","18-25 ans","NON","3",NA,NA,45,NA,20,42,3,"NON",NA,NA,NA,NA,"Non",0.928571428571429,NA,NA,NA,NA,NA,NA,"NON","NON","NON",61,"high","match",FALSE
246,"NO",5694,1326,"fast","Homme","18-25 ans","NON","4",NA,NA,29,NA,19,45,NA,"OUI","right_to_left",100,"fast",66,"Non",0.644444444444444,NA,NA,NA,NA,NA,NA,NA,NA,NA,61,"high","match",FALSE
246,"NO",5703,1694,"fast","Homme","18-25 ans","NON","5",NA,NA,NA,NA,17,42,NA,"OUI","right_to_left",100,"slow",42,"Non",NA,NA,NA,NA,NA,NA,NA,NA,NA,NA,61,"high","match",FALSE
247,"noticer_mov1",5721,6969,"fast","Homme","18-25 ans","OUI","0.1",29,NA,17,59,NA,NA,NA,NA,NA,NA,NA,NA,"Non",NA,NA,NA,NA,NA,NA,NA,NA,NA,NA,61,"high","match",FALSE
247,"noticer_mov1",5725,9525,"fast","Homme","18-25 ans","OUI","0.2",34,NA,26,76,NA,NA,NA,NA,NA,NA,NA,NA,"Non",NA,NA,NA,NA,NA,NA,NA,NA,NA,NA,61,"high","match",FALSE
247,"noticer_mov1",5729,7346,"fast","Homme","18-25 ans","OUI","0.3",27,NA,17,63,NA,NA,NA,NA,NA,NA,NA,NA,"Non",NA,NA,NA,NA,NA,NA,NA,NA,NA,NA,61,"high","match",FALSE
247,"noticer_mov1",5733,4910,"fast","Homme","18-25 ans","OUI","0.4",34,NA,25,74,NA,NA,NA,NA,NA,NA,NA,NA,"Non",NA,NA,NA,NA,NA,NA,NA,NA,NA,NA,61,"high","match",FALSE
247,"noticer_mov1",5737,6232,"fast","Homme","18-25 ans","OUI","0.5",29,NA,21,72,NA,NA,NA,NA,NA,NA,NA,NA,"Non",NA,NA,NA,NA,NA,NA,NA,NA,NA,NA,61,"high","match",FALSE
247,"noticer_mov1",5741,5454,"fast","Homme","18-25 ans","OUI","0.6",29,NA,24,83,NA,NA,NA,NA,NA,NA,NA,NA,"Non",NA,NA,NA,NA,NA,NA,NA,NA,NA,NA,61,"high","match",FALSE
247,"noticer_mov1",5745,5881,"fast","Homme","18-25 ans","OUI","0.7",28,NA,25,89,NA,NA,NA,NA,NA,NA,NA,NA,"Non",NA,NA,NA,NA,NA,NA,NA,NA,NA,NA,61,"high","match",FALSE
247,"noticer_mov1",5748,3800,"fast","Homme","18-25 ans","NON","1",NA,NA,33,NA,19,44,NA,NA,NA,NA,NA,NA,"Non",0.75,NA,NA,NA,NA,NA,NA,NA,NA,NA,61,"high","match",FALSE
247,"noticer_mov1",5751,9030,"fast","Homme","18-25 ans","NON","2",NA,NA,51,NA,16,43,NA,NA,NA,NA,NA,NA,"Non",0.813953488372093,NA,NA,NA,NA,NA,NA,NA,NA,NA,61,"high","match",FALSE
247,"noticer_mov1",5754,104106,"fast","Homme","18-25 ans","NON","3",NA,NA,37,NA,19,46,1,"OUI","right_to_left",89,"slow",66,"Non",0.804347826086957,"OUI","NON","NON",NA,NA,NA,NA,NA,NA,61,"high","match",FALSE
247,"noticer_mov1",5762,7778,"fast","Homme","18-25 ans","NON","4",NA,NA,36,NA,18,48,NA,"OUI","right_to_left",100,"fast",91,"Non",0.75,NA,NA,NA,NA,NA,NA,NA,NA,NA,61,"high","match",FALSE
247,"noticer_mov1",5771,7073,"fast","Homme","18-25 ans","NON","5",NA,NA,NA,NA,17,44,NA,"OUI","right_to_left",100,"very_fast",98,"Non",NA,NA,NA,NA,NA,NA,NA,NA,NA,NA,61,"high","match",FALSE
248,"NO",5789,11950,"fast","Homme","18-25 ans","OUI","0.1",32,NA,19,59,NA,NA,NA,NA,NA,NA,NA,NA,"Non",NA,NA,NA,NA,NA,NA,NA,NA,NA,NA,61,"high","match",TRUE
248,"NO",5793,3272,"fast","Homme","18-25 ans","OUI","0.2",31,NA,31,100,NA,NA,NA,NA,NA,NA,NA,NA,"Non",NA,NA,NA,NA,NA,NA,NA,NA,NA,NA,61,"high","match",TRUE
248,"NO",5797,2838,"fast","Homme","18-25 ans","OUI","0.3",30,NA,32,93,NA,NA,NA,NA,NA,NA,NA,NA,"Non",NA,NA,NA,NA,NA,NA,NA,NA,NA,NA,61,"high","match",TRUE
248,"NO",5800,1615,"fast","Homme","18-25 ans","NON","1",NA,NA,40,NA,17,40,NA,NA,NA,NA,NA,NA,"Non",1,NA,NA,NA,NA,NA,NA,NA,NA,NA,61,"high","match",TRUE
248,"NO",5803,1602,"fast","Homme","18-25 ans","NON","2",NA,NA,41,NA,16,44,NA,NA,NA,NA,NA,NA,"Non",0.931818181818182,NA,NA,NA,NA,NA,NA,NA,NA,NA,61,"high","match",TRUE
248,"NO",5806,1143,"fast","Homme","18-25 ans","NON","3",NA,NA,39,NA,20,42,1,"OUI","random",71,"slow",31,"Non",0.928571428571429,"NON","NON","NON",NA,NA,NA,NA,NA,NA,61,"high","match",TRUE
248,"NO",5814,1791,"fast","Homme","18-25 ans","NON","4",NA,NA,41,NA,18,43,NA,"OUI","right_to_left",100,"fast",80,"Non",0.953488372093023,NA,NA,NA,NA,NA,NA,NA,NA,NA,61,"high","match",TRUE
248,"NO",5823,7231,"fast","Homme","18-25 ans","NON","5",NA,NA,NA,NA,18,44,NA,"OUI","right_to_left",100,"fast",100,"Non",NA,NA,NA,NA,NA,NA,NA,NA,NA,NA,61,"high","match",TRUE
249,"NO",5841,5519,"fast","Homme","26-35 ans","OUI","0.1",24,NA,16,67,NA,NA,NA,NA,NA,NA,NA,NA,"Oui",NA,NA,NA,NA,NA,NA,NA,NA,NA,NA,60,"high","match",TRUE
249,"NO",5845,3174,"fast","Homme","26-35 ans","OUI","0.2",33,NA,22,67,NA,NA,NA,NA,NA,NA,NA,NA,"Oui",NA,NA,NA,NA,NA,NA,NA,NA,NA,NA,60,"high","match",TRUE
249,"NO",5849,4094,"fast","Homme","26-35 ans","OUI","0.3",30,NA,30,100,NA,NA,NA,NA,NA,NA,NA,NA,"Oui",NA,NA,NA,NA,NA,NA,NA,NA,NA,NA,60,"high","match",TRUE
249,"NO",5853,3089,"fast","Homme","26-35 ans","OUI","0.4",30,NA,28,93,NA,NA,NA,NA,NA,NA,NA,NA,"Oui",NA,NA,NA,NA,NA,NA,NA,NA,NA,NA,60,"high","match",TRUE
249,"NO",5856,1539,"fast","Homme","26-35 ans","NON","1",NA,NA,35,NA,18,37,NA,NA,NA,NA,NA,NA,"Oui",0.945945945945946,NA,NA,NA,NA,NA,NA,NA,NA,NA,60,"high","match",TRUE
249,"NO",5859,2274,"fast","Homme","26-35 ans","NON","2",NA,NA,41,NA,17,43,NA,NA,NA,NA,NA,NA,"Oui",0.953488372093023,NA,NA,NA,NA,NA,NA,NA,NA,NA,60,"high","match",TRUE
249,"NO",5862,1569,"fast","Homme","26-35 ans","NON","3",NA,NA,34,NA,15,44,1,"NON",NA,NA,NA,NA,"Oui",0.772727272727273,"NON","NON","NON",NA,NA,NA,NA,NA,NA,60,"high","match",TRUE
249,"NO",5866,1468,"fast","Homme","26-35 ans","NON","3",NA,NA,36,NA,19,40,2,"OUI","vertical",28,"slow",38,"Oui",0.9,NA,NA,NA,"NON","NON","NON",NA,NA,NA,60,"high","match",TRUE
249,"NO",5874,1980,"fast","Homme","26-35 ans","NON","4",NA,NA,34,NA,17,46,NA,"OUI","right_to_left",100,"fast",71,"Oui",0.739130434782609,NA,NA,NA,NA,NA,NA,NA,NA,NA,60,"high","match",TRUE
249,"NO",5883,4698,"fast","Homme","26-35 ans","NON","5",NA,NA,NA,NA,18,43,NA,"OUI","right_to_left",100,"fast",100,"Oui",NA,NA,NA,NA,NA,NA,NA,NA,NA,NA,60,"high","match",TRUE
250,"noticer_mov1",5901,3436,"slow","Femme","18-25 ans","OUI","0.1",28,NA,22,79,NA,NA,NA,NA,NA,NA,NA,NA,"Non",NA,NA,NA,NA,NA,NA,NA,NA,NA,NA,60,"high","mismatch",TRUE
250,"noticer_mov1",5905,6490,"slow","Femme","18-25 ans","OUI","0.2",31,NA,30,97,NA,NA,NA,NA,NA,NA,NA,NA,"Non",NA,NA,NA,NA,NA,NA,NA,NA,NA,NA,60,"high","mismatch",TRUE
250,"noticer_mov1",5909,3087,"slow","Femme","18-25 ans","OUI","0.3",29,NA,27,93,NA,NA,NA,NA,NA,NA,NA,NA,"Non",NA,NA,NA,NA,NA,NA,NA,NA,NA,NA,60,"high","mismatch",TRUE
250,"noticer_mov1",5912,988,"slow","Femme","18-25 ans","NON","1",NA,NA,34,NA,19,37,NA,NA,NA,NA,NA,NA,"Non",0.918918918918919,NA,NA,NA,NA,NA,NA,NA,NA,NA,60,"high","mismatch",TRUE
250,"noticer_mov1",5915,2624,"slow","Femme","18-25 ans","NON","2",NA,NA,44,NA,15,43,NA,NA,NA,NA,NA,NA,"Non",0.976744186046512,NA,NA,NA,NA,NA,NA,NA,NA,NA,60,"high","mismatch",TRUE
250,"noticer_mov1",5918,3375,"slow","Femme","18-25 ans","NON","3",NA,NA,41,NA,20,46,1,"OUI","right_to_left",59,"slow",34,"Non",0.891304347826087,"OUI","NON","NON",NA,NA,NA,NA,NA,NA,60,"high","mismatch",TRUE
250,"noticer_mov1",5926,1768,"slow","Femme","18-25 ans","NON","4",NA,NA,48,NA,19,48,NA,"NON","vertical",0,"fast",0,"Non",1,NA,NA,NA,NA,NA,NA,NA,NA,NA,60,"high","mismatch",TRUE
250,"noticer_mov1",5935,3623,"slow","Femme","18-25 ans","NON","5",NA,NA,NA,NA,19,47,NA,"OUI","right_to_left",100,"slow",63,"Non",NA,NA,NA,NA,NA,NA,NA,NA,NA,NA,60,"high","mismatch",TRUE
251,"noticer_mov1",5953,22106,"fast","Femme","Moins de 18 ans","OUI","0.1",31,NA,16,52,NA,NA,NA,NA,NA,NA,NA,NA,"Oui",NA,NA,NA,NA,NA,NA,NA,NA,NA,NA,60,"high","match",FALSE
251,"noticer_mov1",5957,14079,"fast","Femme","Moins de 18 ans","OUI","0.2",33,NA,21,64,NA,NA,NA,NA,NA,NA,NA,NA,"Oui",NA,NA,NA,NA,NA,NA,NA,NA,NA,NA,60,"high","match",FALSE
251,"noticer_mov1",5961,15429,"fast","Femme","Moins de 18 ans","OUI","0.3",31,NA,32,97,NA,NA,NA,NA,NA,NA,NA,NA,"Oui",NA,NA,NA,NA,NA,NA,NA,NA,NA,NA,60,"high","match",FALSE
251,"noticer_mov1",5965,14025,"fast","Femme","Moins de 18 ans","OUI","0.4",33,NA,31,94,NA,NA,NA,NA,NA,NA,NA,NA,"Oui",NA,NA,NA,NA,NA,NA,NA,NA,NA,NA,60,"high","match",FALSE
251,"noticer_mov1",5968,1633,"fast","Femme","Moins de 18 ans","NON","1",NA,NA,32,NA,17,47,NA,NA,NA,NA,NA,NA,"Oui",0.680851063829787,NA,NA,NA,NA,NA,NA,NA,NA,NA,60,"high","match",FALSE
251,"noticer_mov1",5971,3573,"fast","Femme","Moins de 18 ans","NON","2",NA,NA,33,NA,18,43,NA,NA,NA,NA,NA,NA,"Oui",0.767441860465116,NA,NA,NA,NA,NA,NA,NA,NA,NA,60,"high","match",FALSE
251,"noticer_mov1",5974,1805,"fast","Femme","Moins de 18 ans","NON","3",NA,NA,37,NA,19,43,1,"OUI","right_to_left",42,"slow",62,"Oui",0.86046511627907,"OUI","NON","NON",NA,NA,NA,NA,NA,NA,60,"high","match",FALSE
251,"noticer_mov1",5982,8251,"fast","Femme","Moins de 18 ans","NON","4",NA,NA,32,NA,19,46,NA,"NON","diagonal",20,"very_fast",19,"Oui",0.695652173913043,NA,NA,NA,NA,NA,NA,NA,NA,NA,60,"high","match",FALSE
251,"noticer_mov1",5991,4936,"fast","Femme","Moins de 18 ans","NON","5",NA,NA,NA,NA,18,42,NA,"OUI","right_to_left",96,"very_fast",93,"Oui",NA,NA,NA,NA,NA,NA,NA,NA,NA,NA,60,"high","match",FALSE
252,"noticer_all1",6009,6061,"fast","Homme","18-25 ans","OUI","0.1",32,NA,25,78,NA,NA,NA,NA,NA,NA,NA,NA,"Oui",NA,NA,NA,NA,NA,NA,NA,NA,NA,NA,60,"high","match",TRUE
252,"noticer_all1",6013,4016,"fast","Homme","18-25 ans","OUI","0.2",28,NA,25,89,NA,NA,NA,NA,NA,NA,NA,NA,"Oui",NA,NA,NA,NA,NA,NA,NA,NA,NA,NA,60,"high","match",TRUE
252,"noticer_all1",6017,6088,"fast","Homme","18-25 ans","OUI","0.3",29,NA,29,100,NA,NA,NA,NA,NA,NA,NA,NA,"Oui",NA,NA,NA,NA,NA,NA,NA,NA,NA,NA,60,"high","match",TRUE
252,"noticer_all1",6020,1913,"fast","Homme","18-25 ans","NON","1",NA,NA,34,NA,17,42,NA,NA,NA,NA,NA,NA,"Oui",0.80952380952381,NA,NA,NA,NA,NA,NA,NA,NA,NA,60,"high","match",TRUE
252,"noticer_all1",6023,3757,"fast","Homme","18-25 ans","NON","2",NA,NA,36,NA,18,40,NA,NA,NA,NA,NA,NA,"Oui",0.9,NA,NA,NA,NA,NA,NA,NA,NA,NA,60,"high","match",TRUE
252,"noticer_all1",6026,9193,"fast","Homme","18-25 ans","NON","3",NA,NA,46,NA,18,49,1,"OUI","right_to_left",77,"fast",77,"Oui",0.938775510204082,"OUI","OUI","OUI",NA,NA,NA,NA,NA,NA,60,"high","match",TRUE
252,"noticer_all1",6034,1586,"fast","Homme","18-25 ans","NON","4",NA,NA,35,NA,19,46,NA,"OUI","right_to_left",86,"fast",69,"Oui",0.760869565217391,NA,NA,NA,NA,NA,NA,NA,NA,NA,60,"high","match",TRUE
252,"noticer_all1",6043,3426,"fast","Homme","18-25 ans","NON","5",NA,NA,NA,NA,17,44,NA,"OUI","right_to_left",100,"fast",92,"Oui",NA,NA,NA,NA,NA,NA,NA,NA,NA,NA,60,"high","match",TRUE
253,"NO",6061,9405,"slow","Femme","51 ans et plus","OUI","0.1",26,NA,34,69,NA,NA,NA,NA,NA,NA,NA,NA,"Non",NA,NA,NA,NA,NA,NA,NA,NA,NA,NA,61,"high","mismatch",FALSE
253,"NO",6065,5791,"slow","Femme","51 ans et plus","OUI","0.2",26,NA,30,85,NA,NA,NA,NA,NA,NA,NA,NA,"Non",NA,NA,NA,NA,NA,NA,NA,NA,NA,NA,61,"high","mismatch",FALSE
253,"NO",6069,5783,"slow","Femme","51 ans et plus","OUI","0.3",33,NA,30,91,NA,NA,NA,NA,NA,NA,NA,NA,"Non",NA,NA,NA,NA,NA,NA,NA,NA,NA,NA,61,"high","mismatch",FALSE
253,"NO",6072,1563,"slow","Femme","51 ans et plus","NON","1",NA,NA,35,NA,19,44,NA,NA,NA,NA,NA,NA,"Non",0.795454545454545,NA,NA,NA,NA,NA,NA,NA,NA,NA,61,"high","mismatch",FALSE
253,"NO",6075,4032,"slow","Femme","51 ans et plus","NON","2",NA,NA,32,NA,19,44,NA,NA,NA,NA,NA,NA,"Non",0.727272727272727,NA,NA,NA,NA,NA,NA,NA,NA,NA,61,"high","mismatch",FALSE
253,"NO",6078,1539,"slow","Femme","51 ans et plus","NON","3",NA,NA,32,NA,17,47,1,"NON",NA,NA,NA,NA,"Non",0.680851063829787,"NON","NON","NON",NA,NA,NA,NA,NA,NA,61,"high","mismatch",FALSE
253,"NO",6082,2749,"slow","Femme","51 ans et plus","NON","3",NA,NA,34,NA,18,45,2,"NON",NA,NA,NA,NA,"Non",0.755555555555556,NA,NA,NA,"NON","NON","NON",NA,NA,NA,61,"high","mismatch",FALSE
253,"NO",6086,1459,"slow","Femme","51 ans et plus","NON","3",NA,NA,29,NA,17,42,3,"NON",NA,NA,NA,NA,"Non",0.69047619047619,NA,NA,NA,NA,NA,NA,"NON","NON","NON",61,"high","mismatch",FALSE
253,"NO",6090,1542,"slow","Femme","51 ans et plus","NON","4",NA,NA,29,NA,19,47,NA,"NON","random",25,"very_fast",46,"Non",0.617021276595745,NA,NA,NA,NA,NA,NA,NA,NA,NA,61,"high","mismatch",FALSE
253,"NO",6099,5265,"slow","Femme","51 ans et plus","NON","5",NA,NA,NA,NA,19,49,NA,"OUI","diagonal",28,"very_slow",35,"Non",NA,NA,NA,NA,NA,NA,NA,NA,NA,NA,61,"high","mismatch",FALSE
254,"NO",6116,4278,"fast","Femme","18-25 ans","OUI","0.1",30,NA,26,87,NA,NA,NA,NA,NA,NA,NA,NA,"Non",NA,NA,NA,NA,NA,NA,NA,NA,NA,NA,61,"high","match",FALSE
254,"NO",6120,4286,"fast","Femme","18-25 ans","OUI","0.2",30,NA,28,93,NA,NA,NA,NA,NA,NA,NA,NA,"Non",NA,NA,NA,NA,NA,NA,NA,NA,NA,NA,61,"high","match",FALSE
254,"NO",6123,2194,"fast","Femme","18-25 ans","NON","1",NA,NA,27,NA,18,45,NA,NA,NA,NA,NA,NA,"Non",0.6,NA,NA,NA,NA,NA,NA,NA,NA,NA,61,"high","match",FALSE
254,"NO",6126,7058,"fast","Femme","18-25 ans","NON","2",NA,NA,21,NA,20,45,NA,NA,NA,NA,NA,NA,"Non",0.466666666666667,NA,NA,NA,NA,NA,NA,NA,NA,NA,61,"high","match",FALSE
254,"NO",6129,1496,"fast","Femme","18-25 ans","NON","3",NA,NA,29,NA,18,41,1,"NON",NA,NA,NA,NA,"Non",0.707317073170732,"NON","NON","NON",NA,NA,NA,NA,NA,NA,61,"high","match",FALSE
254,"NO",6133,1190,"fast","Femme","18-25 ans","NON","3",NA,NA,32,NA,19,41,2,"NON",NA,NA,NA,NA,"Non",0.780487804878049,NA,NA,NA,"NON","NON","NON",NA,NA,NA,61,"high","match",FALSE
254,"NO",6137,1496,"fast","Femme","18-25 ans","NON","3",NA,NA,26,NA,19,42,3,"NON",NA,NA,NA,NA,"Non",0.619047619047619,NA,NA,NA,NA,NA,NA,"NON","NON","NON",61,"high","match",FALSE
254,"NO",6141,1396,"fast","Femme","18-25 ans","NON","4",NA,NA,34,NA,17,46,NA,"NON","right_to_left",0,"slow",7,"Non",0.739130434782609,NA,NA,NA,NA,NA,NA,NA,NA,NA,61,"high","match",FALSE
254,"NO",6150,3018,"fast","Femme","18-25 ans","NON","5",NA,NA,NA,NA,19,39,NA,"OUI","right_to_left",61,"slow",36,"Non",NA,NA,NA,NA,NA,NA,NA,NA,NA,NA,61,"high","match",FALSE
255,"NO",6168,31488,"slow","Homme","26-35 ans","OUI","0.1",32,NA,16,50,NA,NA,NA,NA,NA,NA,NA,NA,"Non",NA,NA,NA,NA,NA,NA,NA,NA,NA,NA,61,"high","mismatch",FALSE
255,"NO",6172,36831,"slow","Homme","26-35 ans","OUI","0.2",28,NA,20,71,NA,NA,NA,NA,NA,NA,NA,NA,"Non",NA,NA,NA,NA,NA,NA,NA,NA,NA,NA,61,"high","mismatch",FALSE
255,"NO",6176,8378,"slow","Homme","26-35 ans","OUI","0.3",32,NA,29,91,NA,NA,NA,NA,NA,NA,NA,NA,"Non",NA,NA,NA,NA,NA,NA,NA,NA,NA,NA,61,"high","mismatch",FALSE
255,"NO",6180,8319,"slow","Homme","26-35 ans","OUI","0.4",29,NA,31,93,NA,NA,NA,NA,NA,NA,NA,NA,"Non",NA,NA,NA,NA,NA,NA,NA,NA,NA,NA,61,"high","mismatch",FALSE
255,"NO",6183,6012,"slow","Homme","26-35 ans","NON","1",NA,NA,30,NA,18,44,NA,NA,NA,NA,NA,NA,"Non",0.681818181818182,NA,NA,NA,NA,NA,NA,NA,NA,NA,61,"high","mismatch",FALSE
255,"NO",6186,1603,"slow","Homme","26-35 ans","NON","2",NA,NA,47,NA,15,41,NA,NA,NA,NA,NA,NA,"Non",0.853658536585366,NA,NA,NA,NA,NA,NA,NA,NA,NA,61,"high","mismatch",FALSE
255,"NO",6189,3413,"slow","Homme","26-35 ans","NON","3",NA,NA,44,NA,18,44,1,"NON",NA,NA,NA,NA,"Non",1,"NON","NON","NON",NA,NA,NA,NA,NA,NA,61,"high","mismatch",FALSE
255,"NO",6193,4951,"slow","Homme","26-35 ans","NON","3",NA,NA,53,NA,20,47,2,"NON",NA,NA,NA,NA,"Non",0.872340425531915,NA,NA,NA,"NON","NON","NON",NA,NA,NA,61,"high","mismatch",FALSE
255,"NO",6197,4072,"slow","Homme","26-35 ans","NON","3",NA,NA,36,NA,17,39,3,"NON",NA,NA,NA,NA,"Non",0.923076923076923,NA,NA,NA,NA,NA,NA,"NON","NON","NON",61,"high","mismatch",FALSE
255,"NO",6201,3408,"slow","Homme","26-35 ans","NON","4",NA,NA,52,NA,18,46,NA,"NON","vertical",0,"fast",31,"Non",0.869565217391304,NA,NA,NA,NA,NA,NA,NA,NA,NA,61,"high","mismatch",FALSE
255,"NO",6210,10118,"slow","Homme","26-35 ans","NON","5",NA,NA,NA,NA,16,41,NA,"NON","random",16,"very_fast",0,"Non",NA,NA,NA,NA,NA,NA,NA,NA,NA,NA,61,"high","mismatch",FALSE
256,"NO",6228,3633,"slow","Femme","18-25 ans","OUI","0.1",30,NA,8,27,NA,NA,NA,NA,NA,NA,NA,NA,"Non",NA,NA,NA,NA,NA,NA,NA,NA,NA,NA,60,"high","mismatch",TRUE
256,"NO",6232,3371,"slow","Femme","18-25 ans","OUI","0.2",30,NA,21,70,NA,NA,NA,NA,NA,NA,NA,NA,"Non",NA,NA,NA,NA,NA,NA,NA,NA,NA,NA,60,"high","mismatch",TRUE
256,"NO",6236,8817,"slow","Femme","18-25 ans","OUI","0.3",31,NA,32,97,NA,NA,NA,NA,NA,NA,NA,NA,"Non",NA,NA,NA,NA,NA,NA,NA,NA,NA,NA,60,"high","mismatch",TRUE
256,"NO",6240,4077,"slow","Femme","18-25 ans","OUI","0.4",30,NA,21,70,NA,NA,NA,NA,NA,NA,NA,NA,"Non",NA,NA,NA,NA,NA,NA,NA,NA,NA,NA,60,"high","mismatch",TRUE
256,"NO",6244,6371,"slow","Femme","18-25 ans","OUI","0.5",29,NA,20,69,NA,NA,NA,NA,NA,NA,NA,NA,"Non",NA,NA,NA,NA,NA,NA,NA,NA,NA,NA,60,"high","mismatch",TRUE
256,"NO",6248,3077,"slow","Femme","18-25 ans","OUI","0.6",30,NA,26,87,NA,NA,NA,NA,NA,NA,NA,NA,"Non",NA,NA,NA,NA,NA,NA,NA,NA,NA,NA,60,"high","mismatch",TRUE
256,"NO",6252,4761,"slow","Femme","18-25 ans","OUI","0.7",31,NA,30,97,NA,NA,NA,NA,NA,NA,NA,NA,"Non",NA,NA,NA,NA,NA,NA,NA,NA,NA,NA,60,"high","mismatch",TRUE
256,"NO",6255,1663,"slow","Femme","18-25 ans","NON","1",NA,NA,27,NA,18,44,NA,NA,NA,NA,NA,NA,"Non",0.613636363636364,NA,NA,NA,NA,NA,NA,NA,NA,NA,60,"high","mismatch",TRUE
256,"NO",6258,2929,"slow","Femme","18-25 ans","NON","2",NA,NA,26,NA,19,48,NA,NA,NA,NA,NA,NA,"Non",0.541666666666667,NA,NA,NA,NA,NA,NA,NA,NA,NA,60,"high","mismatch",TRUE
256,"NO",6261,2299,"slow","Femme","18-25 ans","NON","3",NA,NA,24,NA,20,36,1,"NON",NA,NA,NA,NA,"Non",0.666666666666667,"NON","NON","NON",NA,NA,NA,NA,NA,NA,60,"high","mismatch",TRUE
256,"NO",6265,1295,"slow","Femme","18-25 ans","NON","3",NA,NA,25,NA,17,45,2,"NON",NA,NA,NA,NA,"Non",0.555555555555556,NA,NA,NA,"NON","NON","NON",NA,NA,NA,60,"high","mismatch",TRUE
256,"NO",6269,5154,"slow","Femme","18-25 ans","NON","3",NA,NA,16,NA,19,45,3,"NON",NA,NA,NA,NA,"Non",0.355555555555556,NA,NA,NA,NA,NA,NA,"NON","NON","NON",60,"high","mismatch",TRUE
256,"NO",6273,987,"slow","Femme","18-25 ans","NON","4",NA,NA,28,NA,19,43,NA,"NON","right_to_left",7,"very_slow",14,"Non",0.651162790697674,NA,NA,NA,NA,NA,NA,NA,NA,NA,60,"high","mismatch",TRUE
256,"NO",6282,5866,"slow","Femme","18-25 ans","NON","5",NA,NA,NA,NA,18,48,NA,"OUI","right_to_left",83,"slow",91,"Non",NA,NA,NA,NA,NA,NA,NA,NA,NA,NA,60,"high","mismatch",TRUE
257,"noticer_mov1",6300,11147,"slow","Femme","18-25 ans","OUI","0.1",29,NA,32,90,NA,NA,NA,NA,NA,NA,NA,NA,"Non",NA,NA,NA,NA,NA,NA,NA,NA,NA,NA,61,"high","mismatch",FALSE
257,"noticer_mov1",6304,5569,"slow","Femme","18-25 ans","OUI","0.2",30,NA,35,83,NA,NA,NA,NA,NA,NA,NA,NA,"Non",NA,NA,NA,NA,NA,NA,NA,NA,NA,NA,61,"high","mismatch",FALSE
257,"noticer_mov1",6307,2071,"slow","Femme","18-25 ans","NON","1",NA,NA,40,NA,16,47,NA,NA,NA,NA,NA,NA,"Non",0.851063829787234,NA,NA,NA,NA,NA,NA,NA,NA,NA,61,"high","mismatch",FALSE
257,"noticer_mov1",6310,1924,"slow","Femme","18-25 ans","NON","2",NA,NA,40,NA,18,46,NA,NA,NA,NA,NA,NA,"Non",0.869565217391304,NA,NA,NA,NA,NA,NA,NA,NA,NA,61,"high","mismatch",FALSE
257,"noticer_mov1",6313,1493,"slow","Femme","18-25 ans","NON","3",NA,NA,30,NA,15,45,1,"OUI","right_to_left",40,"very_slow",59,"Non",0.666666666666667,"OUI","NON","NON",NA,NA,NA,NA,NA,NA,61,"high","mismatch",FALSE
257,"noticer_mov1",6321,1846,"slow","Femme","18-25 ans","NON","4",NA,NA,30,NA,20,38,NA,"OUI","right_to_left",68,"fast",67,"Non",0.789473684210526,NA,NA,NA,NA,NA,NA,NA,NA,NA,61,"high","mismatch",FALSE
257,"noticer_mov1",6330,3978,"slow","Femme","18-25 ans","NON","5",NA,NA,NA,NA,19,45,NA,"OUI","diagonal",78,"fast",71,"Non",NA,NA,NA,NA,NA,NA,NA,NA,NA,NA,61,"high","mismatch",FALSE
258,"NO",6348,2008,"slow","Femme","51 ans et plus","OUI","0.1",31,NA,25,81,NA,NA,NA,NA,NA,NA,NA,NA,NA,NA,NA,NA,NA,NA,NA,NA,NA,NA,NA,61,"high","mismatch",FALSE
258,"NO",6352,2785,"slow","Femme","51 ans et plus","OUI","0.2",27,NA,26,96,NA,NA,NA,NA,NA,NA,NA,NA,NA,NA,NA,NA,NA,NA,NA,NA,NA,NA,NA,61,"high","mismatch",FALSE
258,"NO",6355,1320,"slow","Femme","51 ans et plus","NON","1",NA,NA,40,NA,18,46,NA,NA,NA,NA,NA,NA,NA,0.869565217391304,NA,NA,NA,NA,NA,NA,NA,NA,NA,61,"high","mismatch",FALSE
258,"NO",6358,2413,"slow","Femme","51 ans et plus","NON","2",NA,NA,37,NA,18,46,NA,NA,NA,NA,NA,NA,NA,0.804347826086957,NA,NA,NA,NA,NA,NA,NA,NA,NA,61,"high","mismatch",FALSE
258,"NO",6361,2578,"slow","Femme","51 ans et plus","NON","3",NA,NA,40,NA,16,42,1,"NON",NA,NA,NA,NA,NA,0.952380952380952,"NON","NON","NON",NA,NA,NA,NA,NA,NA,61,"high","mismatch",FALSE
258,"NO",6365,2263,"slow","Femme","51 ans et plus","NON","3",NA,NA,36,NA,16,44,2,"NON",NA,NA,NA,NA,NA,0.818181818181818,NA,NA,NA,"NON","NON","NON",NA,NA,NA,61,"high","mismatch",FALSE
258,"NO",6369,1518,"slow","Femme","51 ans et plus","NON","3",NA,NA,48,NA,15,46,3,"OUI","diagonal",45,"slow",57,NA,0.956521739130435,NA,NA,NA,NA,NA,NA,"NON","NON","NON",61,"high","mismatch",FALSE
258,"NO",6377,1307,"slow","Femme","51 ans et plus","NON","4",NA,NA,35,NA,17,45,NA,"NON","right_to_left",59,"very_slow",55,NA,0.777777777777778,NA,NA,NA,NA,NA,NA,NA,NA,NA,61,"high","mismatch",FALSE
258,"NO",6386,1726,"slow","Femme","51 ans et plus","NON","5",NA,NA,NA,NA,18,42,NA,"OUI","right_to_left",100,"fast",NA,NA,NA,NA,NA,NA,NA,NA,NA,NA,NA,NA,61,"high","mismatch",FALSE
259,"NO",6401,4727,"slow","Homme","36-50 ans","OUI","0.1",30,NA,15,50,NA,NA,NA,NA,NA,NA,NA,NA,"Non",NA,NA,NA,NA,NA,NA,NA,NA,NA,NA,60,"high","mismatch",TRUE
259,"NO",6405,4616,"slow","Homme","36-50 ans","OUI","0.2",27,NA,21,78,NA,NA,NA,NA,NA,NA,NA,NA,"Non",NA,NA,NA,NA,NA,NA,NA,NA,NA,NA,60,"high","mismatch",TRUE
259,"NO",6409,4061,"slow","Homme","36-50 ans","OUI","0.3",30,NA,25,83,NA,NA,NA,NA,NA,NA,NA,NA,"Non",NA,NA,NA,NA,NA,NA,NA,NA,NA,NA,60,"high","mismatch",TRUE
259,"NO",6413,3925,"slow","Homme","36-50 ans","OUI","0.4",30,NA,24,80,NA,NA,NA,NA,NA,NA,NA,NA,"Non",NA,NA,NA,NA,NA,NA,NA,NA,NA,NA,60,"high","mismatch",TRUE
259,"NO",6416,1587,"slow","Homme","36-50 ans","NON","1",NA,NA,42,NA,15,49,NA,NA,NA,NA,NA,NA,"Non",0.857142857142857,NA,NA,NA,NA,NA,NA,NA,NA,NA,60,"high","mismatch",TRUE
259,"NO",6419,3193,"slow","Homme","36-50 ans","NON","2",NA,NA,40,NA,16,44,NA,NA,NA,NA,NA,NA,"Non",0.909090909090909,NA,NA,NA,NA,NA,NA,NA,NA,NA,60,"high","mismatch",TRUE
259,"NO",6422,2837,"slow","Homme","36-50 ans","NON","3",NA,NA,41,NA,15,45,1,"NON",NA,NA,NA,NA,"Non",0.911111111111111,"NON","NON","NON",NA,NA,NA,NA,NA,NA,60,"high","mismatch",TRUE
259,"NO",6426,1728,"slow","Homme","36-50 ans","NON","3",NA,NA,39,NA,17,48,2,"NON",NA,NA,NA,NA,"Non",0.8125,NA,NA,NA,"NON","NON","NON",NA,NA,NA,60,"high","mismatch",TRUE
259,"NO",6430,1805,"slow","Homme","36-50 ans","NON","3",NA,NA,40,NA,19,47,3,"NON",NA,NA,NA,NA,"Non",0.851063829787234,NA,NA,NA,NA,NA,NA,"NON","NON","NON",60,"high","mismatch",TRUE
259,"NO",6434,1571,"slow","Homme","36-50 ans","NON","4",NA,NA,37,NA,18,43,NA,"NON","diagonal",51,"very_fast",51,"Non",0.86046511627907,NA,NA,NA,NA,NA,NA,NA,NA,NA,60,"high","mismatch",TRUE
259,"NO",6443,5859,"slow","Homme","36-50 ans","NON","5",NA,NA,NA,NA,19,46,NA,"OUI","right_to_left",100,"slow",100,"Non",NA,NA,NA,NA,NA,NA,NA,NA,NA,NA,60,"high","mismatch",TRUE
260,"noticer_speed1",6461,3435,"slow","Femme","18-25 ans","OUI","0.1",27,NA,25,93,NA,NA,NA,NA,NA,NA,NA,NA,"Non",NA,NA,NA,NA,NA,NA,NA,NA,NA,NA,60,"high","mismatch",TRUE
260,"noticer_speed1",6465,4221,"slow","Femme","18-25 ans","OUI","0.2",29,NA,26,90,NA,NA,NA,NA,NA,NA,NA,NA,"Non",NA,NA,NA,NA,NA,NA,NA,NA,NA,NA,60,"high","mismatch",TRUE
260,"noticer_speed1",6468,2123,"slow","Femme","18-25 ans","NON","1",NA,NA,40,NA,17,41,NA,NA,NA,NA,NA,NA,"Non",0.975609756097561,NA,NA,NA,NA,NA,NA,NA,NA,NA,60,"high","mismatch",TRUE
260,"noticer_speed1",6471,1478,"slow","Femme","18-25 ans","NON","2",NA,NA,46,NA,15,48,NA,NA,NA,NA,NA,NA,"Non",0.958333333333333,NA,NA,NA,NA,NA,NA,NA,NA,NA,60,"high","mismatch",TRUE
260,"noticer_speed1",6474,2361,"slow","Femme","18-25 ans","NON","3",NA,NA,34,NA,18,43,1,"OUI","vertical",40,"fast",40,"Non",0.790697674418605,"NON","OUI","NON",NA,NA,NA,NA,NA,NA,60,"high","mismatch",TRUE
260,"noticer_speed1",6482,1962,"slow","Femme","18-25 ans","NON","4",NA,NA,37,NA,19,44,NA,"OUI","right_to_left",45,"slow",45,"Non",0.840909090909091,NA,NA,NA,NA,NA,NA,NA,NA,NA,60,"high","mismatch",TRUE
260,"noticer_speed1",6491,2400,"slow","Femme","18-25 ans","NON","5",NA,NA,NA,NA,20,47,NA,"OUI","right_to_left",100,"slow",66,"Non",NA,NA,NA,NA,NA,NA,NA,NA,NA,NA,60,"high","mismatch",TRUE
261,"noticer_mov2",6509,6307,"slow","Homme","18-25 ans","OUI","0.1",29,NA,30,97,NA,NA,NA,NA,NA,NA,NA,NA,"Non",NA,NA,NA,NA,NA,NA,NA,NA,NA,NA,60,"high","mismatch",TRUE
261,"noticer_mov2",6513,4826,"slow","Homme","18-25 ans","OUI","0.2",29,NA,26,90,NA,NA,NA,NA,NA,NA,NA,NA,"Non",NA,NA,NA,NA,NA,NA,NA,NA,NA,NA,60,"high","mismatch",TRUE
261,"noticer_mov2",6516,1917,"slow","Homme","18-25 ans","NON","1",NA,NA,40,NA,18,41,NA,NA,NA,NA,NA,NA,"Non",0.975609756097561,NA,NA,NA,NA,NA,NA,NA,NA,NA,60,"high","mismatch",TRUE
261,"noticer_mov2",6519,1264,"slow","Homme","18-25 ans","NON","2",NA,NA,38,NA,19,47,NA,NA,NA,NA,NA,NA,"Non",0.808510638297872,NA,NA,NA,NA,NA,NA,NA,NA,NA,60,"high","mismatch",TRUE
261,"noticer_mov2",6522,963,"slow","Homme","18-25 ans","NON","3",NA,NA,39,NA,18,44,1,"NON",NA,NA,NA,NA,"Non",0.886363636363636,"NON","NON","NON",NA,NA,NA,NA,NA,NA,60,"high","mismatch",TRUE
261,"noticer_mov2",6526,1038,"slow","Homme","18-25 ans","NON","3",NA,NA,41,NA,15,49,2,"OUI","right_to_left",100,"slow",100,"Non",0.836734693877551,NA,NA,NA,"OUI","NON","NON",NA,NA,NA,60,"high","mismatch",TRUE
261,"noticer_mov2",6534,1135,"slow","Homme","18-25 ans","NON","4",NA,NA,30,NA,19,45,NA,"OUI","right_to_left",100,"very_slow",100,"Non",0.666666666666667,NA,NA,NA,NA,NA,NA,NA,NA,NA,60,"high","mismatch",TRUE
261,"noticer_mov2",6543,4876,"slow","Homme","18-25 ans","NON","5",NA,NA,NA,NA,17,46,NA,"OUI","right_to_left",100,"slow",100,"Non",NA,NA,NA,NA,NA,NA,NA,NA,NA,NA,60,"high","mismatch",TRUE
262,"noticer_all1",6560,3536,"slow","Femme","18-25 ans","OUI","0.1",30,NA,26,87,NA,NA,NA,NA,NA,NA,NA,NA,"Oui",NA,NA,NA,NA,NA,NA,NA,NA,NA,NA,60,"high","mismatch",TRUE
262,"noticer_all1",6564,2512,"slow","Femme","18-25 ans","OUI","0.2",32,NA,25,78,NA,NA,NA,NA,NA,NA,NA,NA,"Oui",NA,NA,NA,NA,NA,NA,NA,NA,NA,NA,60,"high","mismatch",TRUE
262,"noticer_all1",6568,2595,"slow","Femme","18-25 ans","OUI","0.3",29,NA,26,90,NA,NA,NA,NA,NA,NA,NA,NA,"Oui",NA,NA,NA,NA,NA,NA,NA,NA,NA,NA,60,"high","mismatch",TRUE
262,"noticer_all1",6572,2472,"slow","Femme","18-25 ans","OUI","0.4",26,NA,25,96,NA,NA,NA,NA,NA,NA,NA,NA,"Oui",NA,NA,NA,NA,NA,NA,NA,NA,NA,NA,60,"high","mismatch",TRUE
262,"noticer_all1",6575,864,"slow","Femme","18-25 ans","NON","1",NA,NA,39,NA,17,47,NA,NA,NA,NA,NA,NA,"Oui",0.829787234042553,NA,NA,NA,NA,NA,NA,NA,NA,NA,60,"high","mismatch",TRUE
262,"noticer_all1",6578,1079,"slow","Femme","18-25 ans","NON","2",NA,NA,36,NA,19,38,NA,NA,NA,NA,NA,NA,"Oui",0.947368421052632,NA,NA,NA,NA,NA,NA,NA,NA,NA,60,"high","mismatch",TRUE
262,"noticer_all1",6581,1310,"slow","Femme","18-25 ans","NON","3",NA,NA,29,NA,16,36,1,"OUI","right_to_left",91,"fast",86,"Oui",0.805555555555556,"OUI","OUI","OUI",NA,NA,NA,NA,NA,NA,60,"high","mismatch",TRUE
262,"noticer_all1",6589,30996,"slow","Femme","18-25 ans","NON","4",NA,NA,41,NA,16,44,NA,"NON","right_to_left",21,"fast",17,"Oui",0.931818181818182,NA,NA,NA,NA,NA,NA,NA,NA,NA,60,"high","mismatch",TRUE
262,"noticer_all1",6598,2218,"slow","Femme","18-25 ans","NON","5",NA,NA,NA,NA,20,42,NA,"OUI","right_to_left",100,"slow",86,"Oui",NA,NA,NA,NA,NA,NA,NA,NA,NA,NA,60,"high","mismatch",TRUE
263,"noticer_all3",6616,2848,"fast","Homme","Moins de 18 ans","OUI","0.1",31,NA,30,97,NA,NA,NA,NA,NA,NA,NA,NA,"Non",NA,NA,NA,NA,NA,NA,NA,NA,NA,NA,60,"high","match",TRUE
263,"noticer_all3",6620,2758,"fast","Homme","Moins de 18 ans","OUI","0.2",30,NA,29,97,NA,NA,NA,NA,NA,NA,NA,NA,"Non",NA,NA,NA,NA,NA,NA,NA,NA,NA,NA,60,"high","match",TRUE
263,"noticer_all3",6623,3402,"fast","Homme","Moins de 18 ans","NON","1",NA,NA,41,NA,19,41,NA,NA,NA,NA,NA,NA,"Non",1,NA,NA,NA,NA,NA,NA,NA,NA,NA,60,"high","match",TRUE
263,"noticer_all3",6626,3118,"fast","Homme","Moins de 18 ans","NON","2",NA,NA,41,NA,16,46,NA,NA,NA,NA,NA,NA,"Non",0.891304347826087,NA,NA,NA,NA,NA,NA,NA,NA,NA,60,"high","match",TRUE
263,"noticer_all3",6629,3557,"fast","Homme","Moins de 18 ans","NON","3",NA,NA,38,NA,20,43,1,"NON",NA,NA,NA,NA,"Non",0.883720930232558,"NON","NON","NON",NA,NA,NA,NA,NA,NA,60,"high","match",TRUE
263,"noticer_all3",6633,808,"fast","Homme","Moins de 18 ans","NON","3",NA,NA,41,NA,19,46,2,"NON",NA,NA,NA,NA,"Non",0.891304347826087,NA,NA,NA,"NON","NON","NON",NA,NA,NA,60,"high","match",TRUE
263,"noticer_all3",6637,1453,"fast","Homme","Moins de 18 ans","NON","3",NA,NA,34,NA,17,37,3,"OUI","right_to_left",73,"fast",23,"Non",0.918918918918919,NA,NA,NA,NA,NA,NA,"OUI","OUI","OUI",60,"high","match",TRUE
263,"noticer_all3",6645,999,"fast","Homme","Moins de 18 ans","NON","4",NA,NA,33,NA,18,44,NA,"NON","right_to_left",0,"slow",0,"Non",0.75,NA,NA,NA,NA,NA,NA,NA,NA,NA,60,"high","match",TRUE
263,"noticer_all3",6654,1710,"fast","Homme","Moins de 18 ans","NON","5",NA,NA,NA,NA,19,46,NA,"OUI","right_to_left",100,"fast",60,"Non",NA,NA,NA,NA,NA,NA,NA,NA,NA,NA,60,"high","match",TRUE
264,"noticer_mov3",6671,4501,"fast","Homme","26-35 ans","OUI","0.1",30,NA,10,33,NA,NA,NA,NA,NA,NA,NA,NA,"Non",NA,NA,NA,NA,NA,NA,NA,NA,NA,NA,61,"high","match",FALSE
264,"noticer_mov3",6675,3959,"fast","Homme","26-35 ans","OUI","0.2",32,NA,20,63,NA,NA,NA,NA,NA,NA,NA,NA,"Non",NA,NA,NA,NA,NA,NA,NA,NA,NA,NA,61,"high","match",FALSE
264,"noticer_mov3",6679,3355,"fast","Homme","26-35 ans","OUI","0.3",29,NA,18,62,NA,NA,NA,NA,NA,NA,NA,NA,"Non",NA,NA,NA,NA,NA,NA,NA,NA,NA,NA,61,"high","match",FALSE
264,"noticer_mov3",6683,2879,"fast","Homme","26-35 ans","OUI","0.4",31,NA,19,61,NA,NA,NA,NA,NA,NA,NA,NA,"Non",NA,NA,NA,NA,NA,NA,NA,NA,NA,NA,61,"high","match",FALSE
264,"noticer_mov3",6687,2703,"fast","Homme","26-35 ans","OUI","0.5",29,NA,23,79,NA,NA,NA,NA,NA,NA,NA,NA,"Non",NA,NA,NA,NA,NA,NA,NA,NA,NA,NA,61,"high","match",FALSE
264,"noticer_mov3",6691,11325,"fast","Homme","26-35 ans","OUI","0.6",31,NA,27,87,NA,NA,NA,NA,NA,NA,NA,NA,"Non",NA,NA,NA,NA,NA,NA,NA,NA,NA,NA,61,"high","match",FALSE
264,"noticer_mov3",6695,2689,"fast","Homme","26-35 ans","OUI","0.7",33,NA,28,85,NA,NA,NA,NA,NA,NA,NA,NA,"Non",NA,NA,NA,NA,NA,NA,NA,NA,NA,NA,61,"high","match",FALSE
264,"noticer_mov3",6698,1549,"fast","Homme","26-35 ans","NON","1",NA,NA,29,NA,17,44,NA,NA,NA,NA,NA,NA,"Non",0.659090909090909,NA,NA,NA,NA,NA,NA,NA,NA,NA,61,"high","match",FALSE
264,"noticer_mov3",6701,1210,"fast","Homme","26-35 ans","NON","2",NA,NA,32,NA,19,42,NA,NA,NA,NA,NA,NA,"Non",0.761904761904762,NA,NA,NA,NA,NA,NA,NA,NA,NA,61,"high","match",FALSE
264,"noticer_mov3",6704,1022,"fast","Homme","26-35 ans","NON","3",NA,NA,32,NA,17,48,1,"NON",NA,NA,NA,NA,"Non",0.666666666666667,"NON","NON","NON",NA,NA,NA,NA,NA,NA,61,"high","match",FALSE
264,"noticer_mov3",6708,1134,"fast","Homme","26-35 ans","NON","3",NA,NA,30,NA,16,43,2,"NON",NA,NA,NA,NA,"Non",0.697674418604651,NA,NA,NA,"NON","NON","NON",NA,NA,NA,61,"high","match",FALSE
264,"noticer_mov3",6712,1099,"fast","Homme","26-35 ans","NON","3",NA,NA,22,NA,19,44,3,"OUI","right_to_left",62,"very_fast",57,"Non",0.5,NA,NA,NA,NA,NA,NA,"OUI","NON","NON",61,"high","match",FALSE
264,"noticer_mov3",6720,2567,"fast","Homme","26-35 ans","NON","4",NA,NA,28,NA,15,44,NA,"OUI","vertical",56,"slow",54,"Non",0.636363636363636,NA,NA,NA,NA,NA,NA,NA,NA,NA,61,"high","match",FALSE
264,"noticer_mov3",6729,8483,"fast","Homme","26-35 ans","NON","5",NA,NA,NA,NA,17,46,NA,"OUI","vertical",58,"slow",64,"Non",NA,NA,NA,NA,NA,NA,NA,NA,NA,NA,61,"high","match",FALSE
265,"noticer_mov1",6747,3630,"fast","Femme","18-25 ans","OUI","0.1",32,NA,20,63,NA,NA,NA,NA,NA,NA,NA,NA,"Oui",NA,NA,NA,NA,NA,NA,NA,NA,NA,NA,61,"high","match",TRUE
265,"noticer_mov1",6751,6956,"fast","Femme","18-25 ans","OUI","0.2",32,NA,30,94,NA,NA,NA,NA,NA,NA,NA,NA,"Oui",NA,NA,NA,NA,NA,NA,NA,NA,NA,NA,61,"high","match",TRUE
265,"noticer_mov1",6755,5198,"fast","Femme","18-25 ans","OUI","0.3",34,NA,29,85,NA,NA,NA,NA,NA,NA,NA,NA,"Oui",NA,NA,NA,NA,NA,NA,NA,NA,NA,NA,61,"high","match",TRUE
265,"noticer_mov1",6758,1417,"fast","Femme","18-25 ans","NON","1",NA,NA,35,NA,19,45,NA,NA,NA,NA,NA,NA,"Oui",0.777777777777778,NA,NA,NA,NA,NA,NA,NA,NA,NA,61,"high","match",TRUE
265,"noticer_mov1",6761,1471,"fast","Femme","18-25 ans","NON","2",NA,NA,29,NA,19,42,NA,NA,NA,NA,NA,NA,"Oui",0.69047619047619,NA,NA,NA,NA,NA,NA,NA,NA,NA,61,"high","match",TRUE
265,"noticer_mov1",6764,1721,"fast","Femme","18-25 ans","NON","3",NA,NA,24,NA,18,45,1,"OUI","right_to_left",54,"very_fast",57,"Oui",0.533333333333333,"OUI","NON","NON",NA,NA,NA,NA,NA,NA,61,"high","match",TRUE
265,"noticer_mov1",6772,1334,"fast","Femme","18-25 ans","NON","4",NA,NA,32,NA,18,44,NA,"OUI","right_to_left",71,"fast",60,"Oui",0.727272727272727,NA,NA,NA,NA,NA,NA,NA,NA,NA,61,"high","match",TRUE
265,"noticer_mov1",6781,11648,"fast","Femme","18-25 ans","NON","5",NA,NA,NA,NA,19,44,NA,"OUI","right_to_left",84,"fast",73,"Oui",NA,NA,NA,NA,NA,NA,NA,NA,NA,NA,61,"high","match",TRUE
266,"noticer_mov2",6801,4889,"fast","Homme","18-25 ans","OUI","0.1",29,NA,23,79,NA,NA,NA,NA,NA,NA,NA,NA,NA,NA,NA,NA,NA,NA,NA,NA,NA,NA,NA,61,"high","match",TRUE
266,"noticer_mov2",6805,2644,"fast","Homme","18-25 ans","OUI","0.2",29,NA,26,90,NA,NA,NA,NA,NA,NA,NA,NA,NA,NA,NA,NA,NA,NA,NA,NA,NA,NA,NA,61,"high","match",TRUE
266,"noticer_mov2",6809,2401,"fast","Homme","18-25 ans","OUI","0.3",31,NA,28,90,NA,NA,NA,NA,NA,NA,NA,NA,NA,NA,NA,NA,NA,NA,NA,NA,NA,NA,NA,61,"high","match",TRUE
266,"noticer_mov2",6812,907,"fast","Homme","18-25 ans","NON","1",NA,NA,41,NA,18,43,NA,NA,NA,NA,NA,NA,NA,0.953488372093023,NA,NA,NA,NA,NA,NA,NA,NA,NA,61,"high","match",TRUE
266,"noticer_mov2",6815,3786,"fast","Homme","18-25 ans","NON","2",NA,NA,41,NA,19,43,NA,NA,NA,NA,NA,NA,NA,0.953488372093023,NA,NA,NA,NA,NA,NA,NA,NA,NA,61,"high","match",TRUE
266,"noticer_mov2",6818,842,"fast","Homme","18-25 ans","NON","3",NA,NA,39,NA,19,43,1,"NON",NA,NA,NA,NA,NA,0.906976744186047,"NON","NON","NON",NA,NA,NA,NA,NA,NA,61,"high","match",TRUE
266,"noticer_mov2",6822,3546,"fast","Homme","18-25 ans","NON","3",NA,NA,37,NA,17,45,2,"OUI","right_to_left",100,"very_fast",73,NA,0.822222222222222,NA,NA,NA,"OUI","NON","NON",NA,NA,NA,61,"high","match",TRUE
266,"noticer_mov2",6830,1211,"fast","Homme","18-25 ans","NON","4",NA,NA,33,NA,16,35,NA,"NON","diagonal",41,"fast",30,NA,0.942857142857143,NA,NA,NA,NA,NA,NA,NA,NA,NA,61,"high","match",TRUE
266,"noticer_mov2",6839,3511,"fast","Homme","18-25 ans","NON","5",NA,NA,NA,NA,18,49,NA,"OUI","right_to_left",78,"fast",99,NA,NA,NA,NA,NA,NA,NA,NA,NA,NA,NA,61,"high","match",TRUE
267,"noticer_mov1",6855,17562,"slow","Femme","18-25 ans","OUI","0.1",26,NA,21,81,NA,NA,NA,NA,NA,NA,NA,NA,"Oui",NA,NA,NA,NA,NA,NA,NA,NA,NA,NA,61,"high","mismatch",FALSE
267,"noticer_mov1",6859,3082,"slow","Femme","18-25 ans","OUI","0.2",32,NA,32,100,NA,NA,NA,NA,NA,NA,NA,NA,"Oui",NA,NA,NA,NA,NA,NA,NA,NA,NA,NA,61,"high","mismatch",FALSE
267,"noticer_mov1",6862,1612,"slow","Femme","18-25 ans","NON","1",NA,NA,40,NA,16,41,NA,NA,NA,NA,NA,NA,"Oui",0.975609756097561,NA,NA,NA,NA,NA,NA,NA,NA,NA,61,"high","mismatch",FALSE
267,"noticer_mov1",6865,1338,"slow","Femme","18-25 ans","NON","2",NA,NA,45,NA,18,49,NA,NA,NA,NA,NA,NA,"Oui",0.918367346938776,NA,NA,NA,NA,NA,NA,NA,NA,NA,61,"high","mismatch",FALSE
267,"noticer_mov1",6868,13819,"slow","Femme","18-25 ans","NON","3",NA,NA,37,NA,18,44,1,"OUI","right_to_left",100,"slow",100,"Oui",0.840909090909091,"OUI","NON","NON",NA,NA,NA,NA,NA,NA,61,"high","mismatch",FALSE
267,"noticer_mov1",6876,2599,"slow","Femme","18-25 ans","NON","4",NA,NA,42,NA,19,39,NA,"NON","right_to_left",11,"very_fast",18,"Oui",0.923076923076923,NA,NA,NA,NA,NA,NA,NA,NA,NA,61,"high","mismatch",FALSE
267,"noticer_mov1",6885,6942,"slow","Femme","18-25 ans","NON","5",NA,NA,NA,NA,18,47,NA,"OUI","random",15,"fast",14,"Oui",NA,NA,NA,NA,NA,NA,NA,NA,NA,NA,61,"high","mismatch",FALSE
268,"noticer_speed2",6903,3399,"fast","Homme","26-35 ans","OUI","0.1",29,NA,19,66,NA,NA,NA,NA,NA,NA,NA,NA,"Non",NA,NA,NA,NA,NA,NA,NA,NA,NA,NA,60,"high","match",FALSE
268,"noticer_speed2",6907,3325,"fast","Homme","26-35 ans","OUI","0.2",30,NA,25,83,NA,NA,NA,NA,NA,NA,NA,NA,"Non",NA,NA,NA,NA,NA,NA,NA,NA,NA,NA,60,"high","match",FALSE
268,"noticer_speed2",6911,3572,"fast","Homme","26-35 ans","OUI","0.3",33,NA,25,76,NA,NA,NA,NA,NA,NA,NA,NA,"Non",NA,NA,NA,NA,NA,NA,NA,NA,NA,NA,60,"high","match",FALSE
268,"noticer_speed2",6915,3152,"fast","Homme","26-35 ans","OUI","0.4",32,NA,20,63,NA,NA,NA,NA,NA,NA,NA,NA,"Non",NA,NA,NA,NA,NA,NA,NA,NA,NA,NA,60,"high","match",FALSE
268,"noticer_speed2",6919,2994,"fast","Homme","26-35 ans","OUI","0.5",28,NA,30,93,NA,NA,NA,NA,NA,NA,NA,NA,"Non",NA,NA,NA,NA,NA,NA,NA,NA,NA,NA,60,"high","match",FALSE
268,"noticer_speed2",6923,3190,"fast","Homme","26-35 ans","OUI","0.6",31,NA,20,65,NA,NA,NA,NA,NA,NA,NA,NA,"Non",NA,NA,NA,NA,NA,NA,NA,NA,NA,NA,60,"high","match",FALSE
268,"noticer_speed2",6927,3507,"fast","Homme","26-35 ans","OUI","0.7",32,NA,26,81,NA,NA,NA,NA,NA,NA,NA,NA,"Non",NA,NA,NA,NA,NA,NA,NA,NA,NA,NA,60,"high","match",FALSE
268,"noticer_speed2",6931,5267,"fast","Homme","26-35 ans","OUI","0.8",31,NA,28,90,NA,NA,NA,NA,NA,NA,NA,NA,"Non",NA,NA,NA,NA,NA,NA,NA,NA,NA,NA,60,"high","match",FALSE
268,"noticer_speed2",6934,2505,"fast","Homme","26-35 ans","NON","1",NA,NA,37,NA,18,37,NA,NA,NA,NA,NA,NA,"Non",1,NA,NA,NA,NA,NA,NA,NA,NA,NA,60,"high","match",FALSE
268,"noticer_speed2",6937,1445,"fast","Homme","26-35 ans","NON","2",NA,NA,41,NA,19,42,NA,NA,NA,NA,NA,NA,"Non",0.976190476190476,NA,NA,NA,NA,NA,NA,NA,NA,NA,60,"high","match",FALSE
268,"noticer_speed2",6940,1340,"fast","Homme","26-35 ans","NON","3",NA,NA,40,NA,17,38,1,"NON",NA,NA,NA,NA,"Non",0.947368421052632,"NON","NON","NON",NA,NA,NA,NA,NA,NA,60,"high","match",FALSE
268,"noticer_speed2",6944,761,"fast","Homme","26-35 ans","NON","3",NA,NA,45,NA,19,46,2,"OUI","diagonal",2,"fast",26,"Non",0.978260869565217,NA,NA,NA,"NON","OUI","NON",NA,NA,NA,60,"high","match",FALSE
268,"noticer_speed2",6952,1089,"fast","Homme","26-35 ans","NON","4",NA,NA,37,NA,17,44,NA,"NON","diagonal",31,"fast",17,"Non",0.840909090909091,NA,NA,NA,NA,NA,NA,NA,NA,NA,60,"high","match",FALSE
268,"noticer_speed2",6961,1849,"fast","Homme","26-35 ans","NON","5",NA,NA,NA,NA,18,47,NA,"OUI","right_to_left",94,"slow",69,"Non",NA,NA,NA,NA,NA,NA,NA,NA,NA,NA,60,"high","match",FALSE
269,"NO",6979,6156,"fast","Homme","18-25 ans","OUI","0.1",30,NA,13,43,NA,NA,NA,NA,NA,NA,NA,NA,"Non",NA,NA,NA,NA,NA,NA,NA,NA,NA,NA,60,"high","match",FALSE
269,"NO",6983,4028,"fast","Homme","18-25 ans","OUI","0.2",31,NA,23,74,NA,NA,NA,NA,NA,NA,NA,NA,"Non",NA,NA,NA,NA,NA,NA,NA,NA,NA,NA,60,"high","match",FALSE
269,"NO",6987,4644,"fast","Homme","18-25 ans","OUI","0.3",29,NA,26,90,NA,NA,NA,NA,NA,NA,NA,NA,"Non",NA,NA,NA,NA,NA,NA,NA,NA,NA,NA,60,"high","match",FALSE
269,"NO",6991,4642,"fast","Homme","18-25 ans","OUI","0.4",29,NA,25,86,NA,NA,NA,NA,NA,NA,NA,NA,"Non",NA,NA,NA,NA,NA,NA,NA,NA,NA,NA,60,"high","match",FALSE
269,"NO",6994,5148,"fast","Homme","18-25 ans","NON","1",NA,NA,35,NA,17,44,NA,NA,NA,NA,NA,NA,"Non",0.795454545454545,NA,NA,NA,NA,NA,NA,NA,NA,NA,60,"high","match",FALSE
269,"NO",6997,7363,"fast","Homme","18-25 ans","NON","2",NA,NA,32,NA,18,40,NA,NA,NA,NA,NA,NA,"Non",0.8,NA,NA,NA,NA,NA,NA,NA,NA,NA,60,"high","match",FALSE
269,"NO",7000,3472,"fast","Homme","18-25 ans","NON","3",NA,NA,29,NA,20,49,1,"OUI","diagonal",49,"very_fast",73,"Non",0.591836734693878,"NON","NON","NON",NA,NA,NA,NA,NA,NA,60,"high","match",FALSE
269,"NO",7008,4167,"fast","Homme","18-25 ans","NON","4",NA,NA,34,NA,17,46,NA,"NON","vertical",69,"fast",50,"Non",0.739130434782609,NA,NA,NA,NA,NA,NA,NA,NA,NA,60,"high","match",FALSE
269,"NO",7017,8748,"fast","Homme","18-25 ans","NON","5",NA,NA,NA,NA,15,47,NA,"OUI","right_to_left",67,"very_fast",65,"Non",NA,NA,NA,NA,NA,NA,NA,NA,NA,NA,60,"high","match",FALSE
270,"NO",7034,8299,"fast","Femme","51 ans et plus","OUI","0.1",31,NA,14,45,NA,NA,NA,NA,NA,NA,NA,NA,NA,NA,NA,NA,NA,NA,NA,NA,NA,NA,NA,60,"high","match",FALSE
270,"NO",7038,10217,"fast","Femme","51 ans et plus","OUI","0.2",25,NA,32,72,NA,NA,NA,NA,NA,NA,NA,NA,NA,NA,NA,NA,NA,NA,NA,NA,NA,NA,NA,60,"high","match",FALSE
270,"NO",7042,4590,"fast","Femme","51 ans et plus","OUI","0.3",31,NA,38,77,NA,NA,NA,NA,NA,NA,NA,NA,NA,NA,NA,NA,NA,NA,NA,NA,NA,NA,NA,60,"high","match",FALSE
270,"NO",7046,10632,"fast","Femme","51 ans et plus","OUI","0.4",31,NA,46,52,NA,NA,NA,NA,NA,NA,NA,NA,NA,NA,NA,NA,NA,NA,NA,NA,NA,NA,NA,60,"high","match",FALSE
271,"noticer_speed2",7056,6259,"slow","Femme","26-35 ans","OUI","0.1",29,NA,23,79,NA,NA,NA,NA,NA,NA,NA,NA,"Non",NA,NA,NA,NA,NA,NA,NA,NA,NA,NA,61,"high","mismatch",FALSE
271,"noticer_speed2",7060,4435,"slow","Femme","26-35 ans","OUI","0.2",29,NA,27,93,NA,NA,NA,NA,NA,NA,NA,NA,"Non",NA,NA,NA,NA,NA,NA,NA,NA,NA,NA,61,"high","mismatch",FALSE
271,"noticer_speed2",7064,3247,"slow","Femme","26-35 ans","OUI","0.3",32,NA,23,72,NA,NA,NA,NA,NA,NA,NA,NA,"Non",NA,NA,NA,NA,NA,NA,NA,NA,NA,NA,61,"high","mismatch",FALSE
271,"noticer_speed2",7068,3458,"slow","Femme","26-35 ans","OUI","0.4",31,NA,27,87,NA,NA,NA,NA,NA,NA,NA,NA,"Non",NA,NA,NA,NA,NA,NA,NA,NA,NA,NA,61,"high","mismatch",FALSE
271,"noticer_speed2",7072,4172,"slow","Femme","26-35 ans","OUI","0.5",28,NA,28,100,NA,NA,NA,NA,NA,NA,NA,NA,"Non",NA,NA,NA,NA,NA,NA,NA,NA,NA,NA,61,"high","mismatch",FALSE
271,"noticer_speed2",7075,969,"slow","Femme","26-35 ans","NON","1",NA,NA,38,NA,18,44,NA,NA,NA,NA,NA,NA,"Non",0.863636363636364,NA,NA,NA,NA,NA,NA,NA,NA,NA,61,"high","mismatch",FALSE
271,"noticer_speed2",7078,1005,"slow","Femme","26-35 ans","NON","2",NA,NA,32,NA,19,41,NA,NA,NA,NA,NA,NA,"Non",0.780487804878049,NA,NA,NA,NA,NA,NA,NA,NA,NA,61,"high","mismatch",FALSE
271,"noticer_speed2",7081,773,"slow","Femme","26-35 ans","NON","3",NA,NA,35,NA,17,42,1,"NON",NA,NA,NA,NA,"Non",0.833333333333333,"NON","NON","NON",NA,NA,NA,NA,NA,NA,61,"high","mismatch",FALSE
271,"noticer_speed2",7085,752,"slow","Femme","26-35 ans","NON","3",NA,NA,40,NA,18,48,2,"OUI","random",60,"fast",0,"Non",0.833333333333333,NA,NA,NA,"NON","OUI","NON",NA,NA,NA,61,"high","mismatch",FALSE
271,"noticer_speed2",7093,2159,"slow","Femme","26-35 ans","NON","4",NA,NA,38,NA,18,38,NA,"NON","random",42,"very_slow",40,"Non",1,NA,NA,NA,NA,NA,NA,NA,NA,NA,61,"high","mismatch",FALSE
271,"noticer_speed2",7102,1061,"slow","Femme","26-35 ans","NON","5",NA,NA,NA,NA,17,45,NA,"NON","diagonal",52,"very_slow",54,"Non",NA,NA,NA,NA,NA,NA,NA,NA,NA,NA,61,"high","mismatch",FALSE
272,"NO",7120,5371,"slow","Femme","18-25 ans","OUI","0.1",28,NA,21,75,NA,NA,NA,NA,NA,NA,NA,NA,"Non",NA,NA,NA,NA,NA,NA,NA,NA,NA,NA,61,"high","mismatch",FALSE
272,"NO",7124,5196,"slow","Femme","18-25 ans","OUI","0.2",28,NA,24,86,NA,NA,NA,NA,NA,NA,NA,NA,"Non",NA,NA,NA,NA,NA,NA,NA,NA,NA,NA,61,"high","mismatch",FALSE
272,"NO",7128,4565,"slow","Femme","18-25 ans","OUI","0.3",24,NA,19,79,NA,NA,NA,NA,NA,NA,NA,NA,"Non",NA,NA,NA,NA,NA,NA,NA,NA,NA,NA,61,"high","mismatch",FALSE
272,"NO",7132,5253,"slow","Femme","18-25 ans","OUI","0.4",30,NA,25,83,NA,NA,NA,NA,NA,NA,NA,NA,"Non",NA,NA,NA,NA,NA,NA,NA,NA,NA,NA,61,"high","mismatch",FALSE
272,"NO",7136,4555,"slow","Femme","18-25 ans","OUI","0.5",31,NA,28,90,NA,NA,NA,NA,NA,NA,NA,NA,"Non",NA,NA,NA,NA,NA,NA,NA,NA,NA,NA,61,"high","mismatch",FALSE
272,"NO",7139,3950,"slow","Femme","18-25 ans","NON","1",NA,NA,35,NA,19,45,NA,NA,NA,NA,NA,NA,"Non",0.777777777777778,NA,NA,NA,NA,NA,NA,NA,NA,NA,61,"high","mismatch",FALSE
272,"NO",7142,9558,"slow","Femme","18-25 ans","NON","2",NA,NA,30,NA,17,46,NA,NA,NA,NA,NA,NA,"Non",0.652173913043478,NA,NA,NA,NA,NA,NA,NA,NA,NA,61,"high","mismatch",FALSE
272,"NO",7145,5716,"slow","Femme","18-25 ans","NON","3",NA,NA,31,NA,18,44,1,"NON",NA,NA,NA,NA,"Non",0.704545454545455,"NON","NON","NON",NA,NA,NA,NA,NA,NA,61,"high","mismatch",FALSE
272,"NO",7149,5353,"slow","Femme","18-25 ans","NON","3",NA,NA,30,NA,19,44,2,"NON",NA,NA,NA,NA,"Non",0.681818181818182,NA,NA,NA,"NON","NON","NON",NA,NA,NA,61,"high","mismatch",FALSE
272,"NO",7153,3248,"slow","Femme","18-25 ans","NON","3",NA,NA,35,NA,20,43,3,"NON",NA,NA,NA,NA,"Non",0.813953488372093,NA,NA,NA,NA,NA,NA,"NON","NON","NON",61,"high","mismatch",FALSE
272,"NO",7157,3865,"slow","Femme","18-25 ans","NON","4",NA,NA,28,NA,19,40,NA,"NON","vertical",37,"fast",28,"Non",0.7,NA,NA,NA,NA,NA,NA,NA,NA,NA,61,"high","mismatch",FALSE
272,"NO",7166,10832,"slow","Femme","18-25 ans","NON","5",NA,NA,NA,NA,18,46,NA,"NON","diagonal",50,"fast",39,"Non",NA,NA,NA,NA,NA,NA,NA,NA,NA,NA,61,"high","mismatch",FALSE
273,"NO",7183,4676,"slow","Femme","26-35 ans","OUI","0.1",28,NA,16,57,NA,NA,NA,NA,NA,NA,NA,NA,"Oui",NA,NA,NA,NA,NA,NA,NA,NA,NA,NA,60,"high","mismatch",FALSE
273,"NO",7187,4161,"slow","Femme","26-35 ans","OUI","0.2",31,NA,26,84,NA,NA,NA,NA,NA,NA,NA,NA,"Oui",NA,NA,NA,NA,NA,NA,NA,NA,NA,NA,60,"high","mismatch",FALSE
273,"NO",7191,6625,"slow","Femme","26-35 ans","OUI","0.3",29,NA,26,90,NA,NA,NA,NA,NA,NA,NA,NA,"Oui",NA,NA,NA,NA,NA,NA,NA,NA,NA,NA,60,"high","mismatch",FALSE
273,"NO",7194,1995,"slow","Femme","26-35 ans","NON","1",NA,NA,37,NA,14,47,NA,NA,NA,NA,NA,NA,"Oui",0.787234042553192,NA,NA,NA,NA,NA,NA,NA,NA,NA,60,"high","mismatch",FALSE
273,"NO",7197,19018,"slow","Femme","26-35 ans","NON","2",NA,NA,39,NA,18,43,NA,NA,NA,NA,NA,NA,"Oui",0.906976744186047,NA,NA,NA,NA,NA,NA,NA,NA,NA,60,"high","mismatch",FALSE
273,"NO",7200,5008,"slow","Femme","26-35 ans","NON","3",NA,NA,38,NA,19,45,1,"NON",NA,NA,NA,NA,"Oui",0.844444444444444,"NON","NON","NON",NA,NA,NA,NA,NA,NA,60,"high","mismatch",FALSE
273,"NO",7204,4099,"slow","Femme","26-35 ans","NON","3",NA,NA,32,NA,17,44,2,"NON",NA,NA,NA,NA,"Oui",0.727272727272727,NA,NA,NA,"NON","NON","NON",NA,NA,NA,60,"high","mismatch",FALSE
273,"NO",7208,1679,"slow","Femme","26-35 ans","NON","3",NA,NA,33,NA,17,47,3,"OUI","diagonal",0,"slow",62,"Oui",0.702127659574468,NA,NA,NA,NA,NA,NA,"NON","NON","NON",60,"high","mismatch",FALSE
273,"NO",7216,3303,"slow","Femme","26-35 ans","NON","4",NA,NA,30,NA,18,44,NA,"OUI","diagonal",0,"slow",66,"Oui",0.681818181818182,NA,NA,NA,NA,NA,NA,NA,NA,NA,60,"high","mismatch",FALSE
273,"NO",7225,6750,"slow","Femme","26-35 ans","NON","5",NA,NA,NA,NA,18,41,NA,"OUI","diagonal",0,"very_slow",32,"Oui",NA,NA,NA,NA,NA,NA,NA,NA,NA,NA,60,"high","mismatch",FALSE
274,"noticer_all1",7243,5923,"fast","Femme","18-25 ans","OUI","0.1",31,NA,28,90,NA,NA,NA,NA,NA,NA,NA,NA,"Non",NA,NA,NA,NA,NA,NA,NA,NA,NA,NA,61,"high","match",TRUE
274,"noticer_all1",7247,12152,"fast","Femme","18-25 ans","OUI","0.2",31,NA,35,87,NA,NA,NA,NA,NA,NA,NA,NA,"Non",NA,NA,NA,NA,NA,NA,NA,NA,NA,NA,61,"high","match",TRUE
274,"noticer_all1",7250,1869,"fast","Femme","18-25 ans","NON","1",NA,NA,32,NA,19,45,NA,NA,NA,NA,NA,NA,"Non",0.711111111111111,NA,NA,NA,NA,NA,NA,NA,NA,NA,61,"high","match",TRUE
274,"noticer_all1",7253,1412,"fast","Femme","18-25 ans","NON","2",NA,NA,29,NA,19,43,NA,NA,NA,NA,NA,NA,"Non",0.674418604651163,NA,NA,NA,NA,NA,NA,NA,NA,NA,61,"high","match",TRUE
274,"noticer_all1",7256,9663,"fast","Femme","18-25 ans","NON","3",NA,NA,35,NA,19,51,1,"OUI","right_to_left",100,"fast",98,"Non",0.686274509803922,"OUI","OUI","OUI",NA,NA,NA,NA,NA,NA,61,"high","match",TRUE
274,"noticer_all1",7264,1630,"fast","Femme","18-25 ans","NON","4",NA,NA,37,NA,19,39,NA,"OUI","vertical",66,"very_fast",43,"Non",0.948717948717949,NA,NA,NA,NA,NA,NA,NA,NA,NA,61,"high","match",TRUE
274,"noticer_all1",7273,4557,"fast","Femme","18-25 ans","NON","5",NA,NA,NA,NA,19,45,NA,"OUI","right_to_left",100,"fast",92,"Non",NA,NA,NA,NA,NA,NA,NA,NA,NA,NA,61,"high","match",TRUE
275,"noticer_mov3",7290,3883,"slow","Homme","18-25 ans","OUI","0.1",28,NA,32,86,NA,NA,NA,NA,NA,NA,NA,NA,"Non",NA,NA,NA,NA,NA,NA,NA,NA,NA,NA,61,"high","mismatch",FALSE
275,"noticer_mov3",7294,1942,"slow","Homme","18-25 ans","OUI","0.2",33,NA,21,64,NA,NA,NA,NA,NA,NA,NA,NA,"Non",NA,NA,NA,NA,NA,NA,NA,NA,NA,NA,61,"high","mismatch",FALSE
275,"noticer_mov3",7298,1745,"slow","Homme","18-25 ans","OUI","0.3",28,NA,28,100,NA,NA,NA,NA,NA,NA,NA,NA,"Non",NA,NA,NA,NA,NA,NA,NA,NA,NA,NA,61,"high","mismatch",FALSE
275,"noticer_mov3",7302,1646,"slow","Homme","18-25 ans","OUI","0.4",32,NA,33,97,NA,NA,NA,NA,NA,NA,NA,NA,"Non",NA,NA,NA,NA,NA,NA,NA,NA,NA,NA,61,"high","mismatch",FALSE
275,"noticer_mov3",7305,4446,"slow","Homme","18-25 ans","NON","1",NA,NA,51,NA,18,48,NA,NA,NA,NA,NA,NA,"Non",0.9375,NA,NA,NA,NA,NA,NA,NA,NA,NA,61,"high","mismatch",FALSE
275,"noticer_mov3",7308,3304,"slow","Homme","18-25 ans","NON","2",NA,NA,45,NA,16,47,NA,NA,NA,NA,NA,NA,"Non",0.957446808510638,NA,NA,NA,NA,NA,NA,NA,NA,NA,61,"high","mismatch",FALSE
275,"noticer_mov3",7311,2165,"slow","Homme","18-25 ans","NON","3",NA,NA,48,NA,18,46,1,"NON",NA,NA,NA,NA,"Non",0.956521739130435,"NON","NON","NON",NA,NA,NA,NA,NA,NA,61,"high","mismatch",FALSE
275,"noticer_mov3",7315,5710,"slow","Homme","18-25 ans","NON","3",NA,NA,45,NA,19,45,2,"NON",NA,NA,NA,NA,"Non",1,NA,NA,NA,"NON","NON","NON",NA,NA,NA,61,"high","mismatch",FALSE
275,"noticer_mov3",7319,1228,"slow","Homme","18-25 ans","NON","3",NA,NA,47,NA,16,45,3,"OUI","right_to_left",100,"slow",90,"Non",0.955555555555556,NA,NA,NA,NA,NA,NA,"OUI","NON","NON",61,"high","mismatch",FALSE
275,"noticer_mov3",7327,2115,"slow","Homme","18-25 ans","NON","4",NA,NA,48,NA,18,44,NA,"OUI","right_to_left",100,"slow",100,"Non",0.909090909090909,NA,NA,NA,NA,NA,NA,NA,NA,NA,61,"high","mismatch",FALSE
275,"noticer_mov3",7336,4403,"slow","Homme","18-25 ans","NON","5",NA,NA,NA,NA,17,47,NA,"OUI","diagonal",100,"very_fast",100,"Non",NA,NA,NA,NA,NA,NA,NA,NA,NA,NA,61,"high","mismatch",FALSE
276,"noticer_all1",7354,1538,"fast","Femme","26-35 ans","OUI","0.1",32,NA,22,69,NA,NA,NA,NA,NA,NA,NA,NA,"Non",NA,NA,NA,NA,NA,NA,NA,NA,NA,NA,61,"high","match",TRUE
276,"noticer_all1",7358,1409,"fast","Femme","26-35 ans","OUI","0.2",33,NA,32,97,NA,NA,NA,NA,NA,NA,NA,NA,"Non",NA,NA,NA,NA,NA,NA,NA,NA,NA,NA,61,"high","match",TRUE
276,"noticer_all1",7362,1491,"fast","Femme","26-35 ans","OUI","0.3",29,NA,29,100,NA,NA,NA,NA,NA,NA,NA,NA,"Non",NA,NA,NA,NA,NA,NA,NA,NA,NA,NA,61,"high","match",TRUE
276,"noticer_all1",7365,1284,"fast","Femme","26-35 ans","NON","1",NA,NA,32,NA,19,49,NA,NA,NA,NA,NA,NA,"Non",0.653061224489796,NA,NA,NA,NA,NA,NA,NA,NA,NA,61,"high","match",TRUE
276,"noticer_all1",7368,2953,"fast","Femme","26-35 ans","NON","2",NA,NA,31,NA,19,41,NA,NA,NA,NA,NA,NA,"Non",0.75609756097561,NA,NA,NA,NA,NA,NA,NA,NA,NA,61,"high","match",TRUE
276,"noticer_all1",7371,1478,"fast","Femme","26-35 ans","NON","3",NA,NA,36,NA,18,50,1,"OUI","right_to_left",80,"fast",60,"Non",0.72,"OUI","OUI","OUI",NA,NA,NA,NA,NA,NA,61,"high","match",TRUE
276,"noticer_all1",7379,1311,"fast","Femme","26-35 ans","NON","4",NA,NA,35,NA,18,45,NA,"OUI","right_to_left",79,"very_fast",33,"Non",0.777777777777778,NA,NA,NA,NA,NA,NA,NA,NA,NA,61,"high","match",TRUE
276,"noticer_all1",7388,1601,"fast","Femme","26-35 ans","NON","5",NA,NA,NA,NA,15,44,NA,"OUI","right_to_left",65,"fast",57,"Non",NA,NA,NA,NA,NA,NA,NA,NA,NA,NA,61,"high","match",TRUE
277,"noticer_mov2",7406,1525,"slow","Femme","18-25 ans","OUI","0.1",32,NA,29,91,NA,NA,NA,NA,NA,NA,NA,NA,"Non",NA,NA,NA,NA,NA,NA,NA,NA,NA,NA,61,"high","mismatch",TRUE
277,"noticer_mov2",7410,1450,"slow","Femme","18-25 ans","OUI","0.2",31,NA,26,84,NA,NA,NA,NA,NA,NA,NA,NA,"Non",NA,NA,NA,NA,NA,NA,NA,NA,NA,NA,61,"high","mismatch",TRUE
277,"noticer_mov2",7413,1714,"slow","Femme","18-25 ans","NON","1",NA,NA,28,NA,14,36,NA,NA,NA,NA,NA,NA,"Non",0.777777777777778,NA,NA,NA,NA,NA,NA,NA,NA,NA,61,"high","mismatch",TRUE
277,"noticer_mov2",7416,1497,"slow","Femme","18-25 ans","NON","2",NA,NA,39,NA,16,48,NA,NA,NA,NA,NA,NA,"Non",0.8125,NA,NA,NA,NA,NA,NA,NA,NA,NA,61,"high","mismatch",TRUE
277,"noticer_mov2",7419,1964,"slow","Femme","18-25 ans","NON","3",NA,NA,29,NA,18,46,1,"NON",NA,NA,NA,NA,"Non",0.630434782608696,"NON","NON","NON",NA,NA,NA,NA,NA,NA,61,"high","mismatch",TRUE
277,"noticer_mov2",7423,1164,"slow","Femme","18-25 ans","NON","3",NA,NA,24,NA,19,37,2,"OUI","right_to_left",67,"slow",56,"Non",0.648648648648649,NA,NA,NA,"OUI","NON","NON",NA,NA,NA,61,"high","mismatch",TRUE
277,"noticer_mov2",7431,1322,"slow","Femme","18-25 ans","NON","4",NA,NA,29,NA,19,44,NA,"OUI","right_to_left",90,"slow",61,"Non",0.659090909090909,NA,NA,NA,NA,NA,NA,NA,NA,NA,61,"high","mismatch",TRUE
277,"noticer_mov2",7440,1509,"slow","Femme","18-25 ans","NON","5",NA,NA,NA,NA,15,46,NA,"OUI","right_to_left",100,"slow",71,"Non",NA,NA,NA,NA,NA,NA,NA,NA,NA,NA,61,"high","mismatch",TRUE
278,"noticer_mov2",7458,2972,"slow","Femme","26-35 ans","OUI","0.1",27,NA,32,81,NA,NA,NA,NA,NA,NA,NA,NA,"Non",NA,NA,NA,NA,NA,NA,NA,NA,NA,NA,60,"high","mismatch",TRUE
278,"noticer_mov2",7462,5361,"slow","Femme","26-35 ans","OUI","0.2",31,NA,24,77,NA,NA,NA,NA,NA,NA,NA,NA,"Non",NA,NA,NA,NA,NA,NA,NA,NA,NA,NA,60,"high","mismatch",TRUE
278,"noticer_mov2",7466,1940,"slow","Femme","26-35 ans","OUI","0.3",30,NA,30,100,NA,NA,NA,NA,NA,NA,NA,NA,"Non",NA,NA,NA,NA,NA,NA,NA,NA,NA,NA,60,"high","mismatch",TRUE
278,"noticer_mov2",7470,2781,"slow","Femme","26-35 ans","OUI","0.4",31,NA,30,97,NA,NA,NA,NA,NA,NA,NA,NA,"Non",NA,NA,NA,NA,NA,NA,NA,NA,NA,NA,60,"high","mismatch",TRUE
278,"noticer_mov2",7473,1332,"slow","Femme","26-35 ans","NON","1",NA,NA,50,NA,17,42,NA,NA,NA,NA,NA,NA,"Non",0.80952380952381,NA,NA,NA,NA,NA,NA,NA,NA,NA,60,"high","mismatch",TRUE
278,"noticer_mov2",7476,2866,"slow","Femme","26-35 ans","NON","2",NA,NA,42,NA,19,37,NA,NA,NA,NA,NA,NA,"Non",0.864864864864865,NA,NA,NA,NA,NA,NA,NA,NA,NA,60,"high","mismatch",TRUE
278,"noticer_mov2",7479,2374,"slow","Femme","26-35 ans","NON","3",NA,NA,47,NA,19,41,1,"NON",NA,NA,NA,NA,"Non",0.853658536585366,"NON","NON","NON",NA,NA,NA,NA,NA,NA,60,"high","mismatch",TRUE
278,"noticer_mov2",7483,1449,"slow","Femme","26-35 ans","NON","3",NA,NA,43,NA,20,42,2,"OUI","right_to_left",98,"slow",64,"Non",0.976190476190476,NA,NA,NA,"OUI","NON","NON",NA,NA,NA,60,"high","mismatch",TRUE
278,"noticer_mov2",7491,1134,"slow","Femme","26-35 ans","NON","4",NA,NA,49,NA,16,43,NA,"OUI","vertical",33,"slow",33,"Non",0.86046511627907,NA,NA,NA,NA,NA,NA,NA,NA,NA,60,"high","mismatch",TRUE
278,"noticer_mov2",7500,1591,"slow","Femme","26-35 ans","NON","5",NA,NA,NA,NA,18,47,NA,"OUI","right_to_left",100,"slow",79,"Non",NA,NA,NA,NA,NA,NA,NA,NA,NA,NA,60,"high","mismatch",TRUE
279,"noticer_all1",7518,3426,"slow","Homme","18-25 ans","OUI","0.1",27,NA,24,89,NA,NA,NA,NA,NA,NA,NA,NA,"Non",NA,NA,NA,NA,NA,NA,NA,NA,NA,NA,60,"high","mismatch",FALSE
279,"noticer_all1",7522,9455,"slow","Homme","18-25 ans","OUI","0.2",29,NA,27,93,NA,NA,NA,NA,NA,NA,NA,NA,"Non",NA,NA,NA,NA,NA,NA,NA,NA,NA,NA,60,"high","mismatch",FALSE
279,"noticer_all1",7525,1404,"slow","Homme","18-25 ans","NON","1",NA,NA,45,NA,16,44,NA,NA,NA,NA,NA,NA,"Non",0.977272727272727,NA,NA,NA,NA,NA,NA,NA,NA,NA,60,"high","mismatch",FALSE
279,"noticer_all1",7528,3776,"slow","Homme","18-25 ans","NON","2",NA,NA,48,NA,19,43,NA,NA,NA,NA,NA,NA,"Non",0.883720930232558,NA,NA,NA,NA,NA,NA,NA,NA,NA,60,"high","mismatch",FALSE
279,"noticer_all1",7531,1660,"slow","Homme","18-25 ans","NON","3",NA,NA,44,NA,20,45,1,"OUI","right_to_left",76,"fast",75,"Non",0.977777777777778,"OUI","OUI","OUI",NA,NA,NA,NA,NA,NA,60,"high","mismatch",FALSE
279,"noticer_all1",7539,1054,"slow","Homme","18-25 ans","NON","4",NA,NA,44,NA,18,36,NA,"OUI","right_to_left",80,"fast",74,"Non",0.777777777777778,NA,NA,NA,NA,NA,NA,NA,NA,NA,60,"high","mismatch",FALSE
279,"noticer_all1",7548,2113,"slow","Homme","18-25 ans","NON","5",NA,NA,NA,NA,19,34,NA,"OUI","right_to_left",100,"fast",98,"Non",NA,NA,NA,NA,NA,NA,NA,NA,NA,NA,60,"high","mismatch",FALSE
280,"noticer_all2",7566,3575,"slow","Homme","18-25 ans","OUI","0.1",30,NA,23,77,NA,NA,NA,NA,NA,NA,NA,NA,"Non",NA,NA,NA,NA,NA,NA,NA,NA,NA,NA,60,"high","mismatch",FALSE
280,"noticer_all2",7570,3569,"slow","Homme","18-25 ans","OUI","0.2",29,NA,30,97,NA,NA,NA,NA,NA,NA,NA,NA,"Non",NA,NA,NA,NA,NA,NA,NA,NA,NA,NA,60,"high","mismatch",FALSE
280,"noticer_all2",7574,3074,"slow","Homme","18-25 ans","OUI","0.3",31,NA,28,90,NA,NA,NA,NA,NA,NA,NA,NA,"Non",NA,NA,NA,NA,NA,NA,NA,NA,NA,NA,60,"high","mismatch",FALSE
280,"noticer_all2",7577,1396,"slow","Homme","18-25 ans","NON","1",NA,NA,35,NA,14,43,NA,NA,NA,NA,NA,NA,"Non",0.813953488372093,NA,NA,NA,NA,NA,NA,NA,NA,NA,60,"high","mismatch",FALSE
280,"noticer_all2",7580,5794,"slow","Homme","18-25 ans","NON","2",NA,NA,43,NA,16,47,NA,NA,NA,NA,NA,NA,"Non",0.914893617021277,NA,NA,NA,NA,NA,NA,NA,NA,NA,60,"high","mismatch",FALSE
280,"noticer_all2",7583,2909,"slow","Homme","18-25 ans","NON","3",NA,NA,39,NA,19,43,1,"NON",NA,NA,NA,NA,"Non",0.906976744186047,"NON","NON","NON",NA,NA,NA,NA,NA,NA,60,"high","mismatch",FALSE
280,"noticer_all2",7587,6792,"slow","Homme","18-25 ans","NON","3",NA,NA,40,NA,20,43,2,"OUI","right_to_left",100,"fast",100,"Non",0.930232558139535,NA,NA,NA,"OUI","OUI","OUI",NA,NA,NA,60,"high","mismatch",FALSE
280,"noticer_all2",7595,1141,"slow","Homme","18-25 ans","NON","4",NA,NA,38,NA,19,41,NA,"OUI","right_to_left",100,"slow",100,"Non",0.926829268292683,NA,NA,NA,NA,NA,NA,NA,NA,NA,60,"high","mismatch",FALSE
280,"noticer_all2",7604,2142,"slow","Homme","18-25 ans","NON","5",NA,NA,NA,NA,19,41,NA,"OUI","right_to_left",100,"fast",100,"Non",NA,NA,NA,NA,NA,NA,NA,NA,NA,NA,60,"high","mismatch",FALSE
281,"noticer_mov2",7622,6390,"fast","Femme","18-25 ans","OUI","0.1",29,NA,18,62,NA,NA,NA,NA,NA,NA,NA,NA,"Oui",NA,NA,NA,NA,NA,NA,NA,NA,NA,NA,61,"high","match",FALSE
281,"noticer_mov2",7626,23537,"fast","Femme","18-25 ans","OUI","0.2",31,NA,25,81,NA,NA,NA,NA,NA,NA,NA,NA,"Oui",NA,NA,NA,NA,NA,NA,NA,NA,NA,NA,61,"high","match",FALSE
281,"noticer_mov2",7630,3878,"fast","Femme","18-25 ans","OUI","0.3",32,NA,21,66,NA,NA,NA,NA,NA,NA,NA,NA,"Oui",NA,NA,NA,NA,NA,NA,NA,NA,NA,NA,61,"high","match",FALSE
281,"noticer_mov2",7634,14151,"fast","Femme","18-25 ans","OUI","0.4",31,NA,25,81,NA,NA,NA,NA,NA,NA,NA,NA,"Oui",NA,NA,NA,NA,NA,NA,NA,NA,NA,NA,61,"high","match",FALSE
281,"noticer_mov2",7638,10736,"fast","Femme","18-25 ans","OUI","0.5",31,NA,25,81,NA,NA,NA,NA,NA,NA,NA,NA,"Oui",NA,NA,NA,NA,NA,NA,NA,NA,NA,NA,61,"high","match",FALSE
281,"noticer_mov2",7641,1653,"fast","Femme","18-25 ans","NON","1",NA,NA,31,NA,18,43,NA,NA,NA,NA,NA,NA,"Oui",0.720930232558139,NA,NA,NA,NA,NA,NA,NA,NA,NA,61,"high","match",FALSE
281,"noticer_mov2",7644,1473,"fast","Femme","18-25 ans","NON","2",NA,NA,32,NA,19,44,NA,NA,NA,NA,NA,NA,"Oui",0.727272727272727,NA,NA,NA,NA,NA,NA,NA,NA,NA,61,"high","match",FALSE
281,"noticer_mov2",7647,1641,"fast","Femme","18-25 ans","NON","3",NA,NA,29,NA,18,41,1,"NON",NA,NA,NA,NA,"Oui",0.707317073170732,"NON","NON","NON",NA,NA,NA,NA,NA,NA,61,"high","match",FALSE
281,"noticer_mov2",7651,5141,"fast","Femme","18-25 ans","NON","3",NA,NA,32,NA,20,47,2,"OUI","right_to_left",86,"very_fast",41,"Oui",0.680851063829787,NA,NA,NA,"OUI","NON","NON",NA,NA,NA,61,"high","match",FALSE
281,"noticer_mov2",7659,1449,"fast","Femme","18-25 ans","NON","4",NA,NA,29,NA,18,42,NA,"NON","random",0,"slow",0,"Oui",0.69047619047619,NA,NA,NA,NA,NA,NA,NA,NA,NA,61,"high","match",FALSE
281,"noticer_mov2",7668,9167,"fast","Femme","18-25 ans","NON","5",NA,NA,NA,NA,15,45,NA,"OUI","right_to_left",76,"very_fast",39,"Oui",NA,NA,NA,NA,NA,NA,NA,NA,NA,NA,61,"high","match",FALSE
282,"noticer_mov2",7685,2284,"fast","Femme","18-25 ans","OUI","0.1",32,NA,29,91,NA,NA,NA,NA,NA,NA,NA,NA,"Non",NA,NA,NA,NA,NA,NA,NA,NA,NA,NA,61,"high","match",FALSE
282,"noticer_mov2",7689,7824,"fast","Femme","18-25 ans","OUI","0.2",30,NA,25,83,NA,NA,NA,NA,NA,NA,NA,NA,"Non",NA,NA,NA,NA,NA,NA,NA,NA,NA,NA,61,"high","match",FALSE
282,"noticer_mov2",7692,9406,"fast","Femme","18-25 ans","NON","1",NA,NA,35,NA,17,41,NA,NA,NA,NA,NA,NA,"Non",0.853658536585366,NA,NA,NA,NA,NA,NA,NA,NA,NA,61,"high","match",FALSE
282,"noticer_mov2",7695,24461,"fast","Femme","18-25 ans","NON","2",NA,NA,31,NA,16,40,NA,NA,NA,NA,NA,NA,"Non",0.775,NA,NA,NA,NA,NA,NA,NA,NA,NA,61,"high","match",FALSE
282,"noticer_mov2",7698,21524,"fast","Femme","18-25 ans","NON","3",NA,NA,32,NA,17,45,1,"NON",NA,NA,NA,NA,"Non",0.711111111111111,"NON","NON","NON",NA,NA,NA,NA,NA,NA,61,"high","match",FALSE
282,"noticer_mov2",7702,1036,"fast","Femme","18-25 ans","NON","3",NA,NA,32,NA,17,44,2,"OUI","right_to_left",77,"very_fast",36,"Non",0.727272727272727,NA,NA,NA,"OUI","NON","NON",NA,NA,NA,61,"high","match",FALSE
282,"noticer_mov2",7710,1262,"fast","Femme","18-25 ans","NON","4",NA,NA,37,NA,20,46,NA,"OUI","right_to_left",100,"very_fast",100,"Non",0.804347826086957,NA,NA,NA,NA,NA,NA,NA,NA,NA,61,"high","match",FALSE
282,"noticer_mov2",7719,1788,"fast","Femme","18-25 ans","NON","5",NA,NA,NA,NA,18,42,NA,"OUI","random",84,"very_fast",70,"Non",NA,NA,NA,NA,NA,NA,NA,NA,NA,NA,61,"high","match",FALSE
283,"noticer_all2",7736,9423,"fast","Femme","18-25 ans","OUI","0.1",30,NA,18,60,NA,NA,NA,NA,NA,NA,NA,NA,"Non",NA,NA,NA,NA,NA,NA,NA,NA,NA,NA,60,"high","match",FALSE
283,"noticer_all2",7740,3482,"fast","Femme","18-25 ans","OUI","0.2",31,NA,31,100,NA,NA,NA,NA,NA,NA,NA,NA,"Non",NA,NA,NA,NA,NA,NA,NA,NA,NA,NA,60,"high","match",FALSE
283,"noticer_all2",7744,4903,"fast","Femme","18-25 ans","OUI","0.3",28,NA,25,89,NA,NA,NA,NA,NA,NA,NA,NA,"Non",NA,NA,NA,NA,NA,NA,NA,NA,NA,NA,60,"high","match",FALSE
283,"noticer_all2",7747,4825,"fast","Femme","18-25 ans","NON","1",NA,NA,29,NA,18,39,NA,NA,NA,NA,NA,NA,"Non",0.743589743589744,NA,NA,NA,NA,NA,NA,NA,NA,NA,60,"high","match",FALSE
283,"noticer_all2",7750,3301,"fast","Femme","18-25 ans","NON","2",NA,NA,40,NA,19,46,NA,NA,NA,NA,NA,NA,"Non",0.869565217391304,NA,NA,NA,NA,NA,NA,NA,NA,NA,60,"high","match",FALSE
283,"noticer_all2",7753,1315,"fast","Femme","18-25 ans","NON","3",NA,NA,42,NA,18,47,1,"NON",NA,NA,NA,NA,"Non",0.893617021276596,"NON","NON","NON",NA,NA,NA,NA,NA,NA,60,"high","match",FALSE
283,"noticer_all2",7757,3490,"fast","Femme","18-25 ans","NON","3",NA,NA,37,NA,17,48,2,"OUI","right_to_left",100,"fast",100,"Non",0.770833333333333,NA,NA,NA,"OUI","OUI","OUI",NA,NA,NA,60,"high","match",FALSE
283,"noticer_all2",7765,5391,"fast","Femme","18-25 ans","NON","4",NA,NA,39,NA,18,47,NA,"OUI","right_to_left",100,"fast",81,"Non",0.829787234042553,NA,NA,NA,NA,NA,NA,NA,NA,NA,60,"high","match",FALSE
283,"noticer_all2",7774,4758,"fast","Femme","18-25 ans","NON","5",NA,NA,NA,NA,17,40,NA,"OUI","right_to_left",100,"very_fast",76,"Non",NA,NA,NA,NA,NA,NA,NA,NA,NA,NA,60,"high","match",FALSE
284,"noticer_all1",7791,4356,"fast","Homme","18-25 ans","OUI","0.1",29,NA,27,93,NA,NA,NA,NA,NA,NA,NA,NA,"Non",NA,NA,NA,NA,NA,NA,NA,NA,NA,NA,60,"high","match",TRUE
284,"noticer_all1",7795,3842,"fast","Homme","18-25 ans","OUI","0.2",33,NA,29,88,NA,NA,NA,NA,NA,NA,NA,NA,"Non",NA,NA,NA,NA,NA,NA,NA,NA,NA,NA,60,"high","match",TRUE
284,"noticer_all1",7798,2065,"fast","Homme","18-25 ans","NON","1",NA,NA,43,NA,17,45,NA,NA,NA,NA,NA,NA,"Non",0.955555555555556,NA,NA,NA,NA,NA,NA,NA,NA,NA,60,"high","match",TRUE
284,"noticer_all1",7801,4417,"fast","Homme","18-25 ans","NON","2",NA,NA,42,NA,19,49,NA,NA,NA,NA,NA,NA,"Non",0.857142857142857,NA,NA,NA,NA,NA,NA,NA,NA,NA,60,"high","match",TRUE
284,"noticer_all1",7804,2136,"fast","Homme","18-25 ans","NON","3",NA,NA,37,NA,18,40,1,"OUI","right_to_left",95,"fast",50,"Non",0.925,"OUI","OUI","OUI",NA,NA,NA,NA,NA,NA,60,"high","match",TRUE
284,"noticer_all1",7812,1991,"fast","Homme","18-25 ans","NON","4",NA,NA,37,NA,20,41,NA,"OUI","right_to_left",100,"fast",69,"Non",0.902439024390244,NA,NA,NA,NA,NA,NA,NA,NA,NA,60,"high","match",TRUE
284,"noticer_all1",7821,3180,"fast","Homme","18-25 ans","NON","5",NA,NA,NA,NA,20,44,NA,"OUI","right_to_left",100,"fast",82,"Non",NA,NA,NA,NA,NA,NA,NA,NA,NA,NA,60,"high","match",TRUE
285,"noticer_all3",7838,10385,"fast","Femme","18-25 ans","OUI","0.1",29,NA,7,24,NA,NA,NA,NA,NA,NA,NA,NA,"Non",NA,NA,NA,NA,NA,NA,NA,NA,NA,NA,61,"high","match",FALSE
285,"noticer_all3",7842,8392,"fast","Femme","18-25 ans","OUI","0.2",29,NA,32,90,NA,NA,NA,NA,NA,NA,NA,NA,"Non",NA,NA,NA,NA,NA,NA,NA,NA,NA,NA,61,"high","match",FALSE
285,"noticer_all3",7846,12326,"fast","Femme","18-25 ans","OUI","0.3",30,NA,36,80,NA,NA,NA,NA,NA,NA,NA,NA,"Non",NA,NA,NA,NA,NA,NA,NA,NA,NA,NA,61,"high","match",FALSE
285,"noticer_all3",7849,2110,"fast","Femme","18-25 ans","NON","1",NA,NA,32,NA,17,42,NA,NA,NA,NA,NA,NA,"Non",0.761904761904762,NA,NA,NA,NA,NA,NA,NA,NA,NA,61,"high","match",FALSE
285,"noticer_all3",7852,1665,"fast","Femme","18-25 ans","NON","2",NA,NA,48,NA,16,45,NA,NA,NA,NA,NA,NA,"Non",0.933333333333333,NA,NA,NA,NA,NA,NA,NA,NA,NA,61,"high","match",FALSE
285,"noticer_all3",7855,1329,"fast","Femme","18-25 ans","NON","3",NA,NA,32,NA,17,42,1,"NON",NA,NA,NA,NA,"Non",0.761904761904762,"NON","NON","NON",NA,NA,NA,NA,NA,NA,61,"high","match",FALSE
285,"noticer_all3",7859,1988,"fast","Femme","18-25 ans","NON","3",NA,NA,44,NA,19,42,2,"NON",NA,NA,NA,NA,"Non",0.952380952380952,NA,NA,NA,"NON","NON","NON",NA,NA,NA,61,"high","match",FALSE
285,"noticer_all3",7863,1433,"fast","Femme","18-25 ans","NON","3",NA,NA,30,NA,20,46,3,"OUI","right_to_left",77,"fast",55,"Non",0.652173913043478,NA,NA,NA,NA,NA,NA,"OUI","OUI","OUI",61,"high","match",FALSE
285,"noticer_all3",7871,2631,"fast","Femme","18-25 ans","NON","4",NA,NA,48,NA,18,41,NA,"OUI","right_to_left",71,"fast",59,"Non",0.829268292682927,NA,NA,NA,NA,NA,NA,NA,NA,NA,61,"high","match",FALSE
285,"noticer_all3",7880,8739,"fast","Femme","18-25 ans","NON","5",NA,NA,NA,NA,18,44,NA,"OUI","right_to_left",98,"very_fast",69,"Non",NA,NA,NA,NA,NA,NA,NA,NA,NA,NA,61,"high","match",FALSE
286,"noticer_speed1",7897,5417,"slow","Homme","18-25 ans","OUI","0.1",28,NA,24,86,NA,NA,NA,NA,NA,NA,NA,NA,"Non",NA,NA,NA,NA,NA,NA,NA,NA,NA,NA,60,"high","mismatch",FALSE
286,"noticer_speed1",7901,2489,"slow","Homme","18-25 ans","OUI","0.2",31,NA,28,90,NA,NA,NA,NA,NA,NA,NA,NA,"Non",NA,NA,NA,NA,NA,NA,NA,NA,NA,NA,60,"high","mismatch",FALSE
286,"noticer_speed1",7904,3478,"slow","Homme","18-25 ans","NON","1",NA,NA,28,NA,18,43,NA,NA,NA,NA,NA,NA,"Non",0.651162790697674,NA,NA,NA,NA,NA,NA,NA,NA,NA,60,"high","mismatch",FALSE
286,"noticer_speed1",7907,28825,"slow","Homme","18-25 ans","NON","2",NA,NA,34,NA,20,42,NA,NA,NA,NA,NA,NA,"Non",0.80952380952381,NA,NA,NA,NA,NA,NA,NA,NA,NA,60,"high","mismatch",FALSE
286,"noticer_speed1",7910,1559,"slow","Homme","18-25 ans","NON","3",NA,NA,40,NA,19,43,1,"OUI","random",0,"fast",0,"Non",0.930232558139535,"NON","OUI","NON",NA,NA,NA,NA,NA,NA,60,"high","mismatch",FALSE
286,"noticer_speed1",7918,969,"slow","Homme","18-25 ans","NON","4",NA,NA,34,NA,17,50,NA,"OUI","right_to_left",100,"slow",79,"Non",0.68,NA,NA,NA,NA,NA,NA,NA,NA,NA,60,"high","mismatch",FALSE
286,"noticer_speed1",7927,21045,"slow","Homme","18-25 ans","NON","5",NA,NA,NA,NA,19,40,NA,"OUI","diagonal",100,"slow",100,"Non",NA,NA,NA,NA,NA,NA,NA,NA,NA,NA,60,"high","mismatch",FALSE
287,"noticer_mov1",7945,3849,"fast","Femme","18-25 ans","OUI","0.1",30,NA,19,63,NA,NA,NA,NA,NA,NA,NA,NA,"Non",NA,NA,NA,NA,NA,NA,NA,NA,NA,NA,61,"high","match",TRUE
287,"noticer_mov1",7949,4409,"fast","Femme","18-25 ans","OUI","0.2",30,NA,24,80,NA,NA,NA,NA,NA,NA,NA,NA,"Non",NA,NA,NA,NA,NA,NA,NA,NA,NA,NA,61,"high","match",TRUE
287,"noticer_mov1",7953,3679,"fast","Femme","18-25 ans","OUI","0.3",30,NA,25,83,NA,NA,NA,NA,NA,NA,NA,NA,"Non",NA,NA,NA,NA,NA,NA,NA,NA,NA,NA,61,"high","match",TRUE
287,"noticer_mov1",7956,916,"fast","Femme","18-25 ans","NON","1",NA,NA,39,NA,19,47,NA,NA,NA,NA,NA,NA,"Non",0.829787234042553,NA,NA,NA,NA,NA,NA,NA,NA,NA,61,"high","match",TRUE
287,"noticer_mov1",7959,1697,"fast","Femme","18-25 ans","NON","2",NA,NA,33,NA,18,42,NA,NA,NA,NA,NA,NA,"Non",0.785714285714286,NA,NA,NA,NA,NA,NA,NA,NA,NA,61,"high","match",TRUE
287,"noticer_mov1",7962,1231,"fast","Femme","18-25 ans","NON","3",NA,NA,32,NA,18,41,1,"OUI","right_to_left",90,"very_fast",28,"Non",0.780487804878049,"OUI","NON","NON",NA,NA,NA,NA,NA,NA,61,"high","match",TRUE
287,"noticer_mov1",7970,1916,"fast","Femme","18-25 ans","NON","4",NA,NA,33,NA,17,43,NA,"OUI","diagonal",28,"fast",22,"Non",0.767441860465116,NA,NA,NA,NA,NA,NA,NA,NA,NA,61,"high","match",TRUE
287,"noticer_mov1",7979,4265,"fast","Femme","18-25 ans","NON","5",NA,NA,NA,NA,18,48,NA,"OUI","right_to_left",100,"fast",100,"Non",NA,NA,NA,NA,NA,NA,NA,NA,NA,NA,61,"high","match",TRUE
288,"noticer_mov1",7997,3970,"slow","Homme","18-25 ans","OUI","0.1",30,NA,7,23,NA,NA,NA,NA,NA,NA,NA,NA,"Non",NA,NA,NA,NA,NA,NA,NA,NA,NA,NA,61,"high","mismatch",FALSE
288,"noticer_mov1",8001,7926,"slow","Homme","18-25 ans","OUI","0.2",28,NA,28,100,NA,NA,NA,NA,NA,NA,NA,NA,"Non",NA,NA,NA,NA,NA,NA,NA,NA,NA,NA,61,"high","mismatch",FALSE
288,"noticer_mov1",8005,9013,"slow","Homme","18-25 ans","OUI","0.3",29,NA,34,83,NA,NA,NA,NA,NA,NA,NA,NA,"Non",NA,NA,NA,NA,NA,NA,NA,NA,NA,NA,61,"high","mismatch",FALSE
288,"noticer_mov1",8008,1149,"slow","Homme","18-25 ans","NON","1",NA,NA,42,NA,17,48,NA,NA,NA,NA,NA,NA,"Non",0.875,NA,NA,NA,NA,NA,NA,NA,NA,NA,61,"high","mismatch",FALSE
288,"noticer_mov1",8011,3314,"slow","Homme","18-25 ans","NON","2",NA,NA,46,NA,18,49,NA,NA,NA,NA,NA,NA,"Non",0.938775510204082,NA,NA,NA,NA,NA,NA,NA,NA,NA,61,"high","mismatch",FALSE
288,"noticer_mov1",8014,8478,"slow","Homme","18-25 ans","NON","3",NA,NA,46,NA,20,49,1,"OUI","right_to_left",32,"very_slow",53,"Non",0.938775510204082,"OUI","NON","NON",NA,NA,NA,NA,NA,NA,61,"high","mismatch",FALSE
288,"noticer_mov1",8022,1195,"slow","Homme","18-25 ans","NON","4",NA,NA,40,NA,19,44,NA,"OUI","vertical",100,"slow",73,"Non",0.909090909090909,NA,NA,NA,NA,NA,NA,NA,NA,NA,61,"high","mismatch",FALSE
288,"noticer_mov1",8031,4498,"slow","Homme","18-25 ans","NON","5",NA,NA,NA,NA,18,41,NA,"NON","right_to_left",77,"slow",75,"Non",NA,NA,NA,NA,NA,NA,NA,NA,NA,NA,61,"high","mismatch",FALSE
289,"NO",8049,7787,"slow","Femme","18-25 ans","OUI","0.1",28,NA,27,96,NA,NA,NA,NA,NA,NA,NA,NA,"Non",NA,NA,NA,NA,NA,NA,NA,NA,NA,NA,60,"high","mismatch",TRUE
289,"NO",8053,4878,"slow","Femme","18-25 ans","OUI","0.2",29,NA,26,90,NA,NA,NA,NA,NA,NA,NA,NA,"Non",NA,NA,NA,NA,NA,NA,NA,NA,NA,NA,60,"high","mismatch",TRUE
289,"NO",8056,1733,"slow","Femme","18-25 ans","NON","1",NA,NA,35,NA,18,39,NA,NA,NA,NA,NA,NA,"Non",0.897435897435897,NA,NA,NA,NA,NA,NA,NA,NA,NA,60,"high","mismatch",TRUE
289,"NO",8059,6326,"slow","Femme","18-25 ans","NON","2",NA,NA,34,NA,19,40,NA,NA,NA,NA,NA,NA,"Non",0.85,NA,NA,NA,NA,NA,NA,NA,NA,NA,60,"high","mismatch",TRUE
289,"NO",8062,2948,"slow","Femme","18-25 ans","NON","3",NA,NA,36,NA,19,47,1,"NON",NA,NA,NA,NA,"Non",0.765957446808511,"NON","NON","NON",NA,NA,NA,NA,NA,NA,60,"high","mismatch",TRUE
289,"NO",8066,3709,"slow","Femme","18-25 ans","NON","3",NA,NA,37,NA,19,46,2,"NON",NA,NA,NA,NA,"Non",0.804347826086957,NA,NA,NA,"NON","NON","NON",NA,NA,NA,60,"high","mismatch",TRUE
289,"NO",8070,9695,"slow","Femme","18-25 ans","NON","3",NA,NA,40,NA,18,43,3,"NON",NA,NA,NA,NA,"Non",0.930232558139535,NA,NA,NA,NA,NA,NA,"NON","NON","NON",60,"high","mismatch",TRUE
289,"NO",8074,1191,"slow","Femme","18-25 ans","NON","4",NA,NA,36,NA,19,40,NA,"NON","random",11,"slow",7,"Non",0.9,NA,NA,NA,NA,NA,NA,NA,NA,NA,60,"high","mismatch",TRUE
289,"NO",8083,3234,"slow","Femme","18-25 ans","NON","5",NA,NA,NA,NA,18,44,NA,"OUI","right_to_left",100,"slow",74,"Non",NA,NA,NA,NA,NA,NA,NA,NA,NA,NA,60,"high","mismatch",TRUE
290,"noticer_speed1",8101,2691,"fast","Femme","18-25 ans","OUI","0.1",31,NA,22,71,NA,NA,NA,NA,NA,NA,NA,NA,"Non",NA,NA,NA,NA,NA,NA,NA,NA,NA,NA,60,"high","match",TRUE
290,"noticer_speed1",8137,5445,"fast","Femme","18-25 ans","OUI","0.10",31,NA,26,84,NA,NA,NA,NA,NA,NA,NA,NA,"Non",NA,NA,NA,NA,NA,NA,NA,NA,NA,NA,60,"high","match",TRUE
290,"noticer_speed1",8105,3571,"fast","Femme","18-25 ans","OUI","0.2",26,NA,17,65,NA,NA,NA,NA,NA,NA,NA,NA,"Non",NA,NA,NA,NA,NA,NA,NA,NA,NA,NA,60,"high","match",TRUE
290,"noticer_speed1",8109,10189,"fast","Femme","18-25 ans","OUI","0.3",30,NA,18,60,NA,NA,NA,NA,NA,NA,NA,NA,"Non",NA,NA,NA,NA,NA,NA,NA,NA,NA,NA,60,"high","match",TRUE
290,"noticer_speed1",8113,3573,"fast","Femme","18-25 ans","OUI","0.4",28,NA,28,100,NA,NA,NA,NA,NA,NA,NA,NA,"Non",NA,NA,NA,NA,NA,NA,NA,NA,NA,NA,60,"high","match",TRUE
290,"noticer_speed1",8117,2494,"fast","Femme","18-25 ans","OUI","0.5",30,NA,19,63,NA,NA,NA,NA,NA,NA,NA,NA,"Non",NA,NA,NA,NA,NA,NA,NA,NA,NA,NA,60,"high","match",TRUE
290,"noticer_speed1",8121,2626,"fast","Femme","18-25 ans","OUI","0.6",29,NA,30,97,NA,NA,NA,NA,NA,NA,NA,NA,"Non",NA,NA,NA,NA,NA,NA,NA,NA,NA,NA,60,"high","match",TRUE
290,"noticer_speed1",8125,1540,"fast","Femme","18-25 ans","OUI","0.7",29,NA,22,76,NA,NA,NA,NA,NA,NA,NA,NA,"Non",NA,NA,NA,NA,NA,NA,NA,NA,NA,NA,60,"high","match",TRUE
290,"noticer_speed1",8129,2590,"fast","Femme","18-25 ans","OUI","0.8",29,NA,22,76,NA,NA,NA,NA,NA,NA,NA,NA,"Non",NA,NA,NA,NA,NA,NA,NA,NA,NA,NA,60,"high","match",TRUE
290,"noticer_speed1",8133,2839,"fast","Femme","18-25 ans","OUI","0.9",31,NA,29,94,NA,NA,NA,NA,NA,NA,NA,NA,"Non",NA,NA,NA,NA,NA,NA,NA,NA,NA,NA,60,"high","match",TRUE
290,"noticer_speed1",8140,1279,"fast","Femme","18-25 ans","NON","1",NA,NA,42,NA,19,43,NA,NA,NA,NA,NA,NA,"Non",0.976744186046512,NA,NA,NA,NA,NA,NA,NA,NA,NA,60,"high","match",TRUE
290,"noticer_speed1",8143,2513,"fast","Femme","18-25 ans","NON","2",NA,NA,32,NA,19,45,NA,NA,NA,NA,NA,NA,"Non",0.711111111111111,NA,NA,NA,NA,NA,NA,NA,NA,NA,60,"high","match",TRUE
290,"noticer_speed1",8146,3971,"fast","Femme","18-25 ans","NON","3",NA,NA,29,NA,18,33,1,"OUI","diagonal",40,"fast",45,"Non",0.878787878787879,"NON","OUI","NON",NA,NA,NA,NA,NA,NA,60,"high","match",TRUE
290,"noticer_speed1",8154,1180,"fast","Femme","18-25 ans","NON","4",NA,NA,33,NA,19,44,NA,"NON","right_to_left",16,"fast",22,"Non",0.75,NA,NA,NA,NA,NA,NA,NA,NA,NA,60,"high","match",TRUE
290,"noticer_speed1",8163,8715,"fast","Femme","18-25 ans","NON","5",NA,NA,NA,NA,18,44,NA,"OUI","right_to_left",57,"fast",56,"Non",NA,NA,NA,NA,NA,NA,NA,NA,NA,NA,60,"high","match",TRUE
291,"noticer_all3",8181,16021,"fast","Femme","18-25 ans","OUI","0.1",31,NA,25,81,NA,NA,NA,NA,NA,NA,NA,NA,"Non",NA,NA,NA,NA,NA,NA,NA,NA,NA,NA,60,"high","match",TRUE
291,"noticer_all3",8185,5009,"fast","Femme","18-25 ans","OUI","0.2",27,NA,16,59,NA,NA,NA,NA,NA,NA,NA,NA,"Non",NA,NA,NA,NA,NA,NA,NA,NA,NA,NA,60,"high","match",TRUE
291,"noticer_all3",8189,4625,"fast","Femme","18-25 ans","OUI","0.3",30,NA,23,77,NA,NA,NA,NA,NA,NA,NA,NA,"Non",NA,NA,NA,NA,NA,NA,NA,NA,NA,NA,60,"high","match",TRUE
291,"noticer_all3",8193,8845,"fast","Femme","18-25 ans","OUI","0.4",34,NA,29,85,NA,NA,NA,NA,NA,NA,NA,NA,"Non",NA,NA,NA,NA,NA,NA,NA,NA,NA,NA,60,"high","match",TRUE
291,"noticer_all3",8197,3773,"fast","Femme","18-25 ans","OUI","0.5",28,NA,25,89,NA,NA,NA,NA,NA,NA,NA,NA,"Non",NA,NA,NA,NA,NA,NA,NA,NA,NA,NA,60,"high","match",TRUE
291,"noticer_all3",8200,3247,"fast","Femme","18-25 ans","NON","1",NA,NA,40,NA,19,40,NA,NA,NA,NA,NA,NA,"Non",1,NA,NA,NA,NA,NA,NA,NA,NA,NA,60,"high","match",TRUE
291,"noticer_all3",8203,3115,"fast","Femme","18-25 ans","NON","2",NA,NA,36,NA,19,47,NA,NA,NA,NA,NA,NA,"Non",0.765957446808511,NA,NA,NA,NA,NA,NA,NA,NA,NA,60,"high","match",TRUE
291,"noticer_all3",8206,1978,"fast","Femme","18-25 ans","NON","3",NA,NA,34,NA,19,41,1,"NON",NA,NA,NA,NA,"Non",0.829268292682927,"NON","NON","NON",NA,NA,NA,NA,NA,NA,60,"high","match",TRUE
291,"noticer_all3",8210,1195,"fast","Femme","18-25 ans","NON","3",NA,NA,33,NA,19,44,2,"NON",NA,NA,NA,NA,"Non",0.75,NA,NA,NA,"NON","NON","NON",NA,NA,NA,60,"high","match",TRUE
291,"noticer_all3",8214,1196,"fast","Femme","18-25 ans","NON","3",NA,NA,38,NA,17,47,3,"OUI","right_to_left",80,"fast",77,"Non",0.808510638297872,NA,NA,NA,NA,NA,NA,"OUI","OUI","OUI",60,"high","match",TRUE
291,"noticer_all3",8222,2247,"fast","Femme","18-25 ans","NON","4",NA,NA,39,NA,19,45,NA,"OUI","right_to_left",100,"fast",74,"Non",0.866666666666667,NA,NA,NA,NA,NA,NA,NA,NA,NA,60,"high","match",TRUE
291,"noticer_all3",8231,8764,"fast","Femme","18-25 ans","NON","5",NA,NA,NA,NA,19,46,NA,"OUI","right_to_left",100,"fast",100,"Non",NA,NA,NA,NA,NA,NA,NA,NA,NA,NA,60,"high","match",TRUE
292,"NO",8249,4461,"slow","Femme","36-50 ans","OUI","0.1",30,NA,16,53,NA,NA,NA,NA,NA,NA,NA,NA,"Non",NA,NA,NA,NA,NA,NA,NA,NA,NA,NA,61,"high","mismatch",FALSE
292,"NO",8253,2797,"slow","Femme","36-50 ans","OUI","0.2",33,NA,20,61,NA,NA,NA,NA,NA,NA,NA,NA,"Non",NA,NA,NA,NA,NA,NA,NA,NA,NA,NA,61,"high","mismatch",FALSE
292,"NO",8257,4227,"slow","Femme","36-50 ans","OUI","0.3",25,NA,24,96,NA,NA,NA,NA,NA,NA,NA,NA,"Non",NA,NA,NA,NA,NA,NA,NA,NA,NA,NA,61,"high","mismatch",FALSE
292,"NO",8261,4121,"slow","Femme","36-50 ans","OUI","0.4",25,NA,20,80,NA,NA,NA,NA,NA,NA,NA,NA,"Non",NA,NA,NA,NA,NA,NA,NA,NA,NA,NA,61,"high","mismatch",FALSE
292,"NO",8264,2370,"slow","Femme","36-50 ans","NON","1",NA,NA,31,NA,18,47,NA,NA,NA,NA,NA,NA,"Non",0.659574468085106,NA,NA,NA,NA,NA,NA,NA,NA,NA,61,"high","mismatch",FALSE
292,"NO",8267,1811,"slow","Femme","36-50 ans","NON","2",NA,NA,29,NA,17,46,NA,NA,NA,NA,NA,NA,"Non",0.630434782608696,NA,NA,NA,NA,NA,NA,NA,NA,NA,61,"high","mismatch",FALSE
292,"NO",8270,42939,"slow","Femme","36-50 ans","NON","3",NA,NA,29,NA,17,43,1,"NON",NA,NA,NA,NA,"Non",0.674418604651163,"NON","NON","NON",NA,NA,NA,NA,NA,NA,61,"high","mismatch",FALSE
292,"NO",8274,3551,"slow","Femme","36-50 ans","NON","3",NA,NA,16,NA,16,36,2,"OUI","random",98,"very_fast",97,"Non",0.444444444444444,NA,NA,NA,"NON","NON","NON",NA,NA,NA,61,"high","mismatch",FALSE
292,"NO",8282,2554,"slow","Femme","36-50 ans","NON","4",NA,NA,29,NA,19,46,NA,"NON","diagonal",96,"slow",95,"Non",0.630434782608696,NA,NA,NA,NA,NA,NA,NA,NA,NA,61,"high","mismatch",FALSE
292,"NO",8291,7873,"slow","Femme","36-50 ans","NON","5",NA,NA,NA,NA,19,44,NA,"OUI","diagonal",89,"slow",96,"Non",NA,NA,NA,NA,NA,NA,NA,NA,NA,NA,61,"high","mismatch",FALSE
293,"NO",8308,5928,"slow","Homme","18-25 ans","OUI","0.1",32,NA,26,81,NA,NA,NA,NA,NA,NA,NA,NA,"Non",NA,NA,NA,NA,NA,NA,NA,NA,NA,NA,60,"high","mismatch",TRUE
293,"NO",8312,7074,"slow","Homme","18-25 ans","OUI","0.2",31,NA,25,81,NA,NA,NA,NA,NA,NA,NA,NA,"Non",NA,NA,NA,NA,NA,NA,NA,NA,NA,NA,60,"high","mismatch",TRUE
293,"NO",8315,10577,"slow","Homme","18-25 ans","NON","1",NA,NA,39,NA,17,43,NA,NA,NA,NA,NA,NA,"Non",0.906976744186047,NA,NA,NA,NA,NA,NA,NA,NA,NA,60,"high","mismatch",TRUE
293,"NO",8318,2944,"slow","Homme","18-25 ans","NON","2",NA,NA,44,NA,18,47,NA,NA,NA,NA,NA,NA,"Non",0.936170212765957,NA,NA,NA,NA,NA,NA,NA,NA,NA,60,"high","mismatch",TRUE
293,"NO",8321,3282,"slow","Homme","18-25 ans","NON","3",NA,NA,41,NA,18,47,1,"OUI","vertical",39,"slow",60,"Non",0.872340425531915,"NON","NON","NON",NA,NA,NA,NA,NA,NA,60,"high","mismatch",TRUE
293,"NO",8329,3781,"slow","Homme","18-25 ans","NON","4",NA,NA,36,NA,18,42,NA,"OUI","right_to_left",100,"slow",100,"Non",0.857142857142857,NA,NA,NA,NA,NA,NA,NA,NA,NA,60,"high","mismatch",TRUE
293,"NO",8338,9783,"slow","Homme","18-25 ans","NON","5",NA,NA,NA,NA,16,47,NA,"OUI","right_to_left",100,"slow",87,"Non",NA,NA,NA,NA,NA,NA,NA,NA,NA,NA,60,"high","mismatch",TRUE
294,"noticer_all2",8356,5922,"fast","Femme","18-25 ans","OUI","0.1",33,NA,23,70,NA,NA,NA,NA,NA,NA,NA,NA,"Non",NA,NA,NA,NA,NA,NA,NA,NA,NA,NA,61,"high","match",FALSE
294,"noticer_all2",8360,4783,"fast","Femme","18-25 ans","OUI","0.2",29,NA,22,76,NA,NA,NA,NA,NA,NA,NA,NA,"Non",NA,NA,NA,NA,NA,NA,NA,NA,NA,NA,61,"high","match",FALSE
294,"noticer_all2",8364,4404,"fast","Femme","18-25 ans","OUI","0.3",31,NA,27,87,NA,NA,NA,NA,NA,NA,NA,NA,"Non",NA,NA,NA,NA,NA,NA,NA,NA,NA,NA,61,"high","match",FALSE
294,"noticer_all2",8368,3437,"fast","Femme","18-25 ans","OUI","0.4",29,NA,24,83,NA,NA,NA,NA,NA,NA,NA,NA,"Non",NA,NA,NA,NA,NA,NA,NA,NA,NA,NA,61,"high","match",FALSE
294,"noticer_all2",8371,1306,"fast","Femme","18-25 ans","NON","1",NA,NA,38,NA,16,49,NA,NA,NA,NA,NA,NA,"Non",0.775510204081633,NA,NA,NA,NA,NA,NA,NA,NA,NA,61,"high","match",FALSE
294,"noticer_all2",8374,2202,"fast","Femme","18-25 ans","NON","2",NA,NA,36,NA,18,48,NA,NA,NA,NA,NA,NA,"Non",0.75,NA,NA,NA,NA,NA,NA,NA,NA,NA,61,"high","match",FALSE
294,"noticer_all2",8377,2724,"fast","Femme","18-25 ans","NON","3",NA,NA,37,NA,18,48,1,"NON",NA,NA,NA,NA,"Non",0.770833333333333,"NON","NON","NON",NA,NA,NA,NA,NA,NA,61,"high","match",FALSE
294,"noticer_all2",8381,1249,"fast","Femme","18-25 ans","NON","3",NA,NA,26,NA,18,42,2,"OUI","right_to_left",100,"fast",87,"Non",0.619047619047619,NA,NA,NA,"OUI","OUI","OUI",NA,NA,NA,61,"high","match",FALSE
294,"noticer_all2",8389,1314,"fast","Femme","18-25 ans","NON","4",NA,NA,36,NA,18,39,NA,"OUI","right_to_left",37,"very_fast",78,"Non",0.923076923076923,NA,NA,NA,NA,NA,NA,NA,NA,NA,61,"high","match",FALSE
294,"noticer_all2",8398,7937,"fast","Femme","18-25 ans","NON","5",NA,NA,NA,NA,17,46,NA,"OUI","right_to_left",66,"very_fast",66,"Non",NA,NA,NA,NA,NA,NA,NA,NA,NA,NA,61,"high","match",FALSE
295,"noticer_mov1",8416,4644,"fast","Homme","18-25 ans","OUI","0.1",28,NA,27,96,NA,NA,NA,NA,NA,NA,NA,NA,"Non",NA,NA,NA,NA,NA,NA,NA,NA,NA,NA,61,"high","match",TRUE
295,"noticer_mov1",8420,3807,"fast","Homme","18-25 ans","OUI","0.2",28,NA,27,96,NA,NA,NA,NA,NA,NA,NA,NA,"Non",NA,NA,NA,NA,NA,NA,NA,NA,NA,NA,61,"high","match",TRUE
295,"noticer_mov1",8423,1764,"fast","Homme","18-25 ans","NON","1",NA,NA,36,NA,19,42,NA,NA,NA,NA,NA,NA,"Non",0.857142857142857,NA,NA,NA,NA,NA,NA,NA,NA,NA,61,"high","match",TRUE
295,"noticer_mov1",8426,1759,"fast","Homme","18-25 ans","NON","2",NA,NA,41,NA,19,45,NA,NA,NA,NA,NA,NA,"Non",0.911111111111111,NA,NA,NA,NA,NA,NA,NA,NA,NA,61,"high","match",TRUE
295,"noticer_mov1",8429,1317,"fast","Homme","18-25 ans","NON","3",NA,NA,32,NA,18,40,1,"OUI","right_to_left",63,"very_fast",35,"Non",0.8,"OUI","NON","NON",NA,NA,NA,NA,NA,NA,61,"high","match",TRUE
295,"noticer_mov1",8437,1420,"fast","Homme","18-25 ans","NON","4",NA,NA,41,NA,18,45,NA,"OUI","right_to_left",100,"fast",57,"Non",0.911111111111111,NA,NA,NA,NA,NA,NA,NA,NA,NA,61,"high","match",TRUE
295,"noticer_mov1",8446,2317,"fast","Homme","18-25 ans","NON","5",NA,NA,NA,NA,17,37,NA,"OUI","right_to_left",100,"fast",94,"Non",NA,NA,NA,NA,NA,NA,NA,NA,NA,NA,61,"high","match",TRUE
296,"noticer_all2",8464,3392,"fast","Femme","18-25 ans","OUI","0.1",28,NA,27,96,NA,NA,NA,NA,NA,NA,NA,NA,"Non",NA,NA,NA,NA,NA,NA,NA,NA,NA,NA,60,"high","match",TRUE
296,"noticer_all2",8468,4110,"fast","Femme","18-25 ans","OUI","0.2",28,NA,26,93,NA,NA,NA,NA,NA,NA,NA,NA,"Non",NA,NA,NA,NA,NA,NA,NA,NA,NA,NA,60,"high","match",TRUE
296,"noticer_all2",8471,1757,"fast","Femme","18-25 ans","NON","1",NA,NA,42,NA,18,45,NA,NA,NA,NA,NA,NA,"Non",0.933333333333333,NA,NA,NA,NA,NA,NA,NA,NA,NA,60,"high","match",TRUE
296,"noticer_all2",8474,1535,"fast","Femme","18-25 ans","NON","2",NA,NA,41,NA,19,48,NA,NA,NA,NA,NA,NA,"Non",0.854166666666667,NA,NA,NA,NA,NA,NA,NA,NA,NA,60,"high","match",TRUE
296,"noticer_all2",8477,5393,"fast","Femme","18-25 ans","NON","3",NA,NA,40,NA,19,48,1,"NON",NA,NA,NA,NA,"Non",0.833333333333333,"NON","NON","NON",NA,NA,NA,NA,NA,NA,60,"high","match",TRUE
296,"noticer_all2",8481,3439,"fast","Femme","18-25 ans","NON","3",NA,NA,36,NA,19,40,2,"OUI","right_to_left",34,"fast",31,"Non",0.9,NA,NA,NA,"OUI","OUI","OUI",NA,NA,NA,60,"high","match",TRUE
296,"noticer_all2",8489,1467,"fast","Femme","18-25 ans","NON","4",NA,NA,35,NA,18,41,NA,"OUI","right_to_left",100,"fast",100,"Non",0.853658536585366,NA,NA,NA,NA,NA,NA,NA,NA,NA,60,"high","match",TRUE
296,"noticer_all2",8498,2546,"fast","Femme","18-25 ans","NON","5",NA,NA,NA,NA,18,41,NA,"OUI","right_to_left",100,"fast",100,"Non",NA,NA,NA,NA,NA,NA,NA,NA,NA,NA,60,"high","match",TRUE
297,"noticer_all3",8516,4447,"slow","Femme","36-50 ans","OUI","0.1",31,NA,28,90,NA,NA,NA,NA,NA,NA,NA,NA,"Non",NA,NA,NA,NA,NA,NA,NA,NA,NA,NA,61,"high","mismatch",TRUE
297,"noticer_all3",8520,3981,"slow","Femme","36-50 ans","OUI","0.2",30,NA,25,83,NA,NA,NA,NA,NA,NA,NA,NA,"Non",NA,NA,NA,NA,NA,NA,NA,NA,NA,NA,61,"high","mismatch",TRUE
297,"noticer_all3",8523,1345,"slow","Femme","36-50 ans","NON","1",NA,NA,33,NA,19,41,NA,NA,NA,NA,NA,NA,"Non",0.804878048780488,NA,NA,NA,NA,NA,NA,NA,NA,NA,61,"high","mismatch",TRUE
297,"noticer_all3",8526,1389,"slow","Femme","36-50 ans","NON","2",NA,NA,43,NA,20,49,NA,NA,NA,NA,NA,NA,"Non",0.877551020408163,NA,NA,NA,NA,NA,NA,NA,NA,NA,61,"high","mismatch",TRUE
297,"noticer_all3",8529,4217,"slow","Femme","36-50 ans","NON","3",NA,NA,36,NA,19,41,1,"NON",NA,NA,NA,NA,"Non",0.878048780487805,"NON","NON","NON",NA,NA,NA,NA,NA,NA,61,"high","mismatch",TRUE
297,"noticer_all3",8533,1281,"slow","Femme","36-50 ans","NON","3",NA,NA,32,NA,16,43,2,"NON",NA,NA,NA,NA,"Non",0.744186046511628,NA,NA,NA,"NON","NON","NON",NA,NA,NA,61,"high","mismatch",TRUE
297,"noticer_all3",8537,1562,"slow","Femme","36-50 ans","NON","3",NA,NA,35,NA,18,48,3,"OUI","right_to_left",67,"fast",26,"Non",0.729166666666667,NA,NA,NA,NA,NA,NA,"OUI","OUI","OUI",61,"high","mismatch",TRUE
297,"noticer_all3",8545,1245,"slow","Femme","36-50 ans","NON","4",NA,NA,34,NA,18,42,NA,"OUI","right_to_left",100,"slow",59,"Non",0.80952380952381,NA,NA,NA,NA,NA,NA,NA,NA,NA,61,"high","mismatch",TRUE
297,"noticer_all3",8554,2062,"slow","Femme","36-50 ans","NON","5",NA,NA,NA,NA,14,46,NA,"OUI","right_to_left",100,"slow",100,"Non",NA,NA,NA,NA,NA,NA,NA,NA,NA,NA,61,"high","mismatch",TRUE
298,"NO",8572,3278,"fast","Femme","18-25 ans","OUI","0.1",28,NA,4,14,NA,NA,NA,NA,NA,NA,NA,NA,NA,NA,NA,NA,NA,NA,NA,NA,NA,NA,NA,61,"high","match",FALSE
298,"NO",8576,2872,"fast","Femme","18-25 ans","OUI","0.2",31,NA,2,6,NA,NA,NA,NA,NA,NA,NA,NA,NA,NA,NA,NA,NA,NA,NA,NA,NA,NA,NA,61,"high","match",FALSE
298,"NO",8580,3065,"fast","Femme","18-25 ans","OUI","0.3",29,NA,4,14,NA,NA,NA,NA,NA,NA,NA,NA,NA,NA,NA,NA,NA,NA,NA,NA,NA,NA,NA,61,"high","match",FALSE
298,"NO",8584,3757,"fast","Femme","18-25 ans","OUI","0.4",27,NA,4,15,NA,NA,NA,NA,NA,NA,NA,NA,NA,NA,NA,NA,NA,NA,NA,NA,NA,NA,NA,61,"high","match",FALSE
298,"NO",8588,2166,"fast","Femme","18-25 ans","OUI","0.5",31,NA,7,23,NA,NA,NA,NA,NA,NA,NA,NA,NA,NA,NA,NA,NA,NA,NA,NA,NA,NA,NA,61,"high","match",FALSE
298,"NO",8592,2810,"fast","Femme","18-25 ans","OUI","0.6",29,NA,4,14,NA,NA,NA,NA,NA,NA,NA,NA,NA,NA,NA,NA,NA,NA,NA,NA,NA,NA,NA,61,"high","match",FALSE
298,"NO",8596,4450,"fast","Femme","18-25 ans","OUI","0.7",28,NA,6,21,NA,NA,NA,NA,NA,NA,NA,NA,NA,NA,NA,NA,NA,NA,NA,NA,NA,NA,NA,61,"high","match",FALSE
298,"NO",8600,2020,"fast","Femme","18-25 ans","OUI","0.8",29,NA,4,14,NA,NA,NA,NA,NA,NA,NA,NA,NA,NA,NA,NA,NA,NA,NA,NA,NA,NA,NA,61,"high","match",FALSE
298,"NO",8604,87692,"fast","Femme","18-25 ans","OUI","0.9",30,NA,3,10,NA,NA,NA,NA,NA,NA,NA,NA,NA,NA,NA,NA,NA,NA,NA,NA,NA,NA,NA,61,"high","match",FALSE
299,"noticer_mov3",8616,3597,"slow","Homme","18-25 ans","OUI","0.1",27,NA,18,67,NA,NA,NA,NA,NA,NA,NA,NA,"Oui",NA,NA,NA,NA,NA,NA,NA,NA,NA,NA,60,"high","mismatch",FALSE
299,"noticer_mov3",8620,2921,"slow","Homme","18-25 ans","OUI","0.2",33,NA,23,70,NA,NA,NA,NA,NA,NA,NA,NA,"Oui",NA,NA,NA,NA,NA,NA,NA,NA,NA,NA,60,"high","mismatch",FALSE
299,"noticer_mov3",8624,1669,"slow","Homme","18-25 ans","OUI","0.3",30,NA,30,100,NA,NA,NA,NA,NA,NA,NA,NA,"Oui",NA,NA,NA,NA,NA,NA,NA,NA,NA,NA,60,"high","mismatch",FALSE
299,"noticer_mov3",8628,5051,"slow","Homme","18-25 ans","OUI","0.4",29,NA,32,90,NA,NA,NA,NA,NA,NA,NA,NA,"Oui",NA,NA,NA,NA,NA,NA,NA,NA,NA,NA,60,"high","mismatch",FALSE
299,"noticer_mov3",8631,1260,"slow","Homme","18-25 ans","NON","1",NA,NA,38,NA,18,48,NA,NA,NA,NA,NA,NA,"Oui",0.791666666666667,NA,NA,NA,NA,NA,NA,NA,NA,NA,60,"high","mismatch",FALSE
299,"noticer_mov3",8634,2340,"slow","Homme","18-25 ans","NON","2",NA,NA,42,NA,16,45,NA,NA,NA,NA,NA,NA,"Oui",0.933333333333333,NA,NA,NA,NA,NA,NA,NA,NA,NA,60,"high","mismatch",FALSE
299,"noticer_mov3",8637,1729,"slow","Homme","18-25 ans","NON","3",NA,NA,41,NA,18,44,1,"NON",NA,NA,NA,NA,"Oui",0.931818181818182,"NON","NON","NON",NA,NA,NA,NA,NA,NA,60,"high","mismatch",FALSE
299,"noticer_mov3",8641,1217,"slow","Homme","18-25 ans","NON","3",NA,NA,40,NA,18,45,2,"NON",NA,NA,NA,NA,"Oui",0.888888888888889,NA,NA,NA,"NON","NON","NON",NA,NA,NA,60,"high","mismatch",FALSE
299,"noticer_mov3",8645,870,"slow","Homme","18-25 ans","NON","3",NA,NA,40,NA,18,41,3,"OUI","right_to_left",100,"slow",100,"Oui",0.975609756097561,NA,NA,NA,NA,NA,NA,"OUI","NON","NON",60,"high","mismatch",FALSE
299,"noticer_mov3",8653,1265,"slow","Homme","18-25 ans","NON","4",NA,NA,43,NA,19,41,NA,"OUI","right_to_left",100,"slow",74,"Oui",0.951219512195122,NA,NA,NA,NA,NA,NA,NA,NA,NA,60,"high","mismatch",FALSE
299,"noticer_mov3",8662,3292,"slow","Homme","18-25 ans","NON","5",NA,NA,NA,NA,17,40,NA,"OUI","right_to_left",100,"fast",75,"Oui",NA,NA,NA,NA,NA,NA,NA,NA,NA,NA,60,"high","mismatch",FALSE
300,"NO",8680,6802,"slow","Femme","Moins de 18 ans","OUI","0.1",33,NA,4,12,NA,NA,NA,NA,NA,NA,NA,NA,NA,NA,NA,NA,NA,NA,NA,NA,NA,NA,NA,60,"high","mismatch",FALSE
300,"NO",8684,2604,"slow","Femme","Moins de 18 ans","OUI","0.2",31,NA,5,16,NA,NA,NA,NA,NA,NA,NA,NA,NA,NA,NA,NA,NA,NA,NA,NA,NA,NA,NA,60,"high","mismatch",FALSE
300,"NO",8688,1900,"slow","Femme","Moins de 18 ans","OUI","0.3",27,NA,4,15,NA,NA,NA,NA,NA,NA,NA,NA,NA,NA,NA,NA,NA,NA,NA,NA,NA,NA,NA,60,"high","mismatch",FALSE
300,"NO",8692,2406,"slow","Femme","Moins de 18 ans","OUI","0.4",30,NA,4,13,NA,NA,NA,NA,NA,NA,NA,NA,NA,NA,NA,NA,NA,NA,NA,NA,NA,NA,NA,60,"high","mismatch",FALSE
300,"NO",8696,2715,"slow","Femme","Moins de 18 ans","OUI","0.5",30,NA,4,13,NA,NA,NA,NA,NA,NA,NA,NA,NA,NA,NA,NA,NA,NA,NA,NA,NA,NA,NA,60,"high","mismatch",FALSE
300,"NO",8700,2264,"slow","Femme","Moins de 18 ans","OUI","0.6",29,NA,4,14,NA,NA,NA,NA,NA,NA,NA,NA,NA,NA,NA,NA,NA,NA,NA,NA,NA,NA,NA,60,"high","mismatch",FALSE
300,"NO",8704,25431,"slow","Femme","Moins de 18 ans","OUI","0.7",30,NA,5,17,NA,NA,NA,NA,NA,NA,NA,NA,NA,NA,NA,NA,NA,NA,NA,NA,NA,NA,NA,60,"high","mismatch",FALSE
300,"NO",8708,37387,"slow","Femme","Moins de 18 ans","OUI","0.8",28,NA,3,11,NA,NA,NA,NA,NA,NA,NA,NA,NA,NA,NA,NA,NA,NA,NA,NA,NA,NA,NA,60,"high","mismatch",FALSE
